"date","nee.osv","h.osv","le.osv","ws.osv","rh.osv","temp.avg.osv","temp.min.osv","temp.max.osv","precip.osv","rg.osv","swc.1.osv","swc.2.osv","swc.3.osv","ts.1.osv","ts.2.osv","ts.3.osv","gpp.osv","reco.osv","variable.status","day.count","year"
2018-07-28,2.33185958823529,6.05954073684211,5.65418733333333,1.60216936842105,69.9950923038542,18.7957743833067,14.6128068849706,23.9448723761545,1.49181100331317,340.30107632303,0.296080115490063,0.17466515049337,0.126477212394301,25.4051387173863,25.0501671388997,25.1954801929466,0,5.77152978723404,"filled",209,"2018"
2018-07-29,NA,70.9404655656135,31.9057353361409,3.63848618689568,69.9950923038542,18.7957743833067,14.6128068849706,23.9448723761545,1.49181100331317,340.30107632303,0.296080115490063,0.17466515049337,0.126477212394301,25.4051387173863,25.0501671388997,25.1954801929466,0,5.7416375,"filled",210,"2018"
2018-07-30,4.75964335294118,6.18935770588235,36.9155094117647,2.66707870588235,88.2090625,16.5994705882353,15.062,23.09,55.6235294117647,340.30107632303,0.275302,0.416682411764706,0.249447058823529,21.9,21.2543529411765,21.3868235294118,0,5.78427083333333,"filled",211,"2018"
2018-07-31,3.58834204166667,33.3678497708333,43.9301178333333,2.80645077083333,84.07726875,16.7667916666667,13.748,20.399,0,256.942340416667,0.2767909375,0.4236971875,0.24770825,22.0530416666667,20.3581875,19.3557708333333,1.82833170625,5.61915625,"actual",212,"2018"
2018-08-01,2.58054282083333,38.4136631458333,44.146531875,2.72136808333333,78.6059357142857,17.6083333333333,14.078,23.6,0,276.247376190476,0.2757028125,0.423944395833333,0.227363875,22.0990833333333,20.313375,20.2426875,1.12435518958333,3.57130208333333,"actual",213,"2018"
2018-08-02,2.24558191333333,20.4543023333333,39.5912318214286,3.07802456666667,75.8057275862069,17.1466,11.427,24.453,0,370.207,0.277922133333333,0.425705566666667,0.215822166666667,22.0840333333333,21.3761333333333,22.4706333333333,0.640183122916667,2.54856458333333,"actual",214,"2018"
2018-08-03,0.753212756097561,53.9419242926829,35.338699474359,2.73605124390244,77.7203615384615,16.592675,11.447,23.441,0,418.8935,0.275301609756098,0.421516243902439,0.206060926829268,22.091756097561,21.76,22.559512195122,0.358468277083333,1.94650208333333,"actual",215,"2018"
2018-08-04,1.49158257608696,45.6361473913043,39.0770270454545,2.76812456521739,77.45775,15.8962608695652,11.465,21.901,0,229.398442941176,0.279703630434783,0.418035543478261,0.1975855,22.2649565217391,21.8678260869565,21.7292608695652,0.933467891666667,1.35809229166667,"actual",216,"2018"
2018-08-05,1.33696863333333,17.11959525,21.3559366666667,3.41618979166667,76.7790604166667,15.4084166666667,12.371,19.377,0,129.787371428571,0.277763875,0.416906895833333,0.190201354166667,22.4102291666667,21.3741666666667,19.9426875,0.742575991666667,0.849909166666667,"actual",217,"2018"
2018-08-06,0.383791166666667,58.0207616666667,37.3055878125,3.57658125,69.5692634146342,16.5548958333333,11.153,22.108,0,335.59583,0.2753458125,0.4161659375,0.1864735625,22.4070833333333,20.7405208333333,20.8544375,1.48457238125,0.669636041666667,"actual",218,"2018"
2018-08-07,-0.649449364583333,67.7946188333333,46.7414561489362,2.7879699375,68.5797525,16.8352708333333,10.311,23.814,0,393.76289047619,0.275201416666667,0.416873645833333,0.184195770833333,22.3959583333333,21.6113125,22.3509166666667,1.768653225,0.669597083333333,"actual",219,"2018"
2018-08-08,-0.125489477083333,64.2280311770833,40.05767,2.23761527083333,65.1900790697674,17.3220625,10.449,24.611,0,358.968423809524,0.274562541666667,0.409304854166667,0.176504895833333,22.4038958333333,22.5259583333333,23.3690416666667,1.76769005625,0.877826666666667,"actual",220,"2018"
2018-08-09,0.0625126458333333,54.1954905145833,23.2735021276596,2.80978983333333,73.6411975,17.4300833333333,12.323,23.099,0,267.854154545455,0.275044854166667,0.403222145833333,0.167327666666667,22.5953333333333,23.1087291666667,23.4253125,1.58944517291667,1.01464,"actual",221,"2018"
2018-08-10,-0.00495520833333333,61.6839494166667,15.6518839375,2.80044652083333,78.3769512195122,15.9952083333333,11.4450000000001,21.379,0,279.772604761905,0.2751409375,0.3949188125,0.157188916666667,22.8028333333333,22.7222708333333,22.3136458333333,1.51012307708333,0.999711458333333,"actual",222,"2018"
2018-08-11,0.370209275555556,64.009288,17.3025947622222,4.25072422222222,77.2678717948718,16.2553777777778,13.132,21.545,0,267.280789473684,0.275266311111111,0.387687288888889,0.150455377777778,22.9488444444444,22.6132444444444,22.4088888888889,1.33422176875,1.13033708333333,"actual",223,"2018"
2018-08-12,0.0308044166666667,76.545456925,21.1896180833333,3.5774256875,76.84782,16.0871666666667,12.096,20.976,0,300.565571428571,0.2736625,0.380844458333333,0.144401375,22.9966875,22.6755,22.6054583333333,1.64233985833333,1.284714375,"actual",224,"2018"
2018-08-13,0.00339146458333335,41.9566000229167,18.3110587916667,3.23660310416667,77.26788125,14.8601458333333,10.779,18.879,0,186.988422727273,0.271876354166667,0.373514583333333,0.136634083333333,23.0072291666667,22.2003125,21.1176875,1.35057852083333,1.27895666666667,"actual",225,"2018"
2018-08-14,-0.0348897083333333,88.3321784375,25.6498014651163,3.16436375,78.6167805555556,16.1674166666667,10.401,22.585,0,362.446581818182,0.268297875,0.363243145833333,0.129817375,23.0014791666667,21.8968958333333,22.2316041666667,1.84623718541667,1.39927708333333,"actual",226,"2018"
2018-08-15,0.414737389583333,46.5780768333333,9.63262816666667,3.28759895833333,78.0114071428571,15.7262708333333,12.184,21.018,0,193.286414285714,0.2718333125,0.357763895833333,0.123687458333333,22.9896666666667,22.4404375,21.8396041666667,1.21846365833333,1.47633125,"actual",227,"2018"
2018-08-16,0.1871495375,38.6032012708333,16.7655914375,3.40331541666667,76.8185729166667,14.7642708333333,10.473,19.425,0.1,191.704303333333,0.271914583333333,0.351004833333333,0.119070875,22.996875,21.7526041666667,20.6410416666667,1.34942362708333,1.54299791666667,"actual",228,"2018"
2018-08-17,1.10004046458333,33.5727240208333,10.7462744708333,2.9093999375,79.4139145833333,15.0650625,12.446,18.638,0,137.539866666667,0.268504833333333,0.3424631875,0.115982604166667,22.8995208333333,21.1095208333333,20.0415416666667,1.16238232083333,1.66194583333333,"actual",229,"2018"
2018-08-18,0.0465013891666667,50.6750267070833,11.3836898979167,3.30716125,79.2913770833333,15.1722291666667,11.667,19.211,0,193.86475,0.2656626875,0.335778375,0.114574575,22.6522708333333,20.9653125,20.6427291666667,1.38991555,1.73071666666667,"actual",230,"2018"
2018-08-19,0.188098835416667,48.6086940833333,9.38878860625,2.807990625,76.2610627906977,15.9261458333333,12.667,21.257,0,194.066436666667,0.2659715,0.332399333333333,0.113846541666667,22.6014375,21.2100833333333,21.0030416666667,1.17779635625,1.64307083333333,"actual",231,"2018"
2018-08-20,0.185910666666667,68.0403533333333,9.6905121875,3.09273229166667,73.7746536585366,15.7338333333333,11.444,21.277,0,264.537257142857,0.2624926875,0.325807708333333,0.112483729166667,22.5901041666667,21.3517291666667,21.2739166666667,1.23769734791667,1.2036825,"actual",232,"2018"
2018-08-21,0.415236854166667,46.9103422916667,8.072153529375,2.97181822916667,73.2879897435897,16.3055833333333,10.777,21.123,0,185.606640909091,0.266780541666667,0.321459041666667,0.1100256875,22.5799583333333,21.498625,21.289125,0.96064074375,1.04219833333333,"actual",233,"2018"
2018-08-22,-0.101498695833333,58.9563664791667,12.3656182083333,2.6744994375,70.2456266666667,17.060875,10.963,24.119,0,296.858425,0.263324291666667,0.316479208333333,0.109578520833333,22.5866458333333,21.869875,22.5774583333333,1.222174275,1.14238958333333,"actual",234,"2018"
2018-08-23,0.391665322916667,31.9904450833333,5.83894614583333,3.037720625,80.6879854166667,15.9065,13.392,18.69,0,113.440235,0.26043125,0.311637479166667,0.1067756875,22.5982916666667,22.3074583333333,21.8158541666667,0.69084266875,1.01825520833333,"actual",235,"2018"
2018-08-24,0.376088877083333,50.6955655833333,9.4279742,3.16190916666667,71.7678636363636,17.2860833333333,12.488,23.06,0,215.292725238095,0.263695854166667,0.304164666666667,0.105272916666667,22.6233125,21.8467083333333,21.9996458333333,0.953665591666667,1.118298125,"actual",236,"2018"
2018-08-25,0.2424420625,59.5344848541667,10.5371760583333,3.30866520833333,69.3183,17.7411666666667,11.877,23.371,0,259.156377619048,0.264539625,0.301848895833333,0.105170166666667,22.6873958333333,22.4342291666667,22.9650208333333,1.06340873541667,1.22066479166667,"actual",237,"2018"
2018-08-26,0.3190924375,51.0230235416667,5.0289419375,3.138749375,80.3902333333333,17.086375,14.402,22.169,0,179.338785714286,0.262741625,0.297741708333333,0.10360975,22.7967708333333,22.7358125,22.7411458333333,0.854920266666667,1.28254083333333,"actual",238,"2018"
2018-08-27,0.805278229166667,58.5848535833333,16.6223067708333,2.40387328125,77.1899954545455,17.7302916666667,12.357,24.349,1.5,261.6323765,0.263339666666667,0.292682020833333,0.102385447916667,22.87675,22.7404375,23.3288958333333,1.09286984791667,1.50030645833333,"actual",239,"2018"
2018-08-28,1.13274290416667,15.1487230729167,26.8625261041667,2.50847997916667,85.0601270833333,15.9313125,14.088,18.769,0.1,90.3901104545455,0.267798604166667,0.2889993125,0.0987659729166667,22.9972916666667,22.5729375,21.2121041666667,0.474496102083333,1.34646875,"actual",240,"2018"
2018-08-29,0.590557408333333,35.4905682083333,16.2118895833333,3.11550020833333,73.1320270833333,16.370125,13.472,19.549,0,143.6762,0.266602833333333,0.282166,0.0970930458333333,22.9988125,21.3732083333333,20.4704791666667,0.675460389583333,1.39726875,"actual",241,"2018"
2018-08-30,0.5164571875,54.3519639375,11.6190419041667,3.23102514583333,69.2720297297297,16.8211041666667,12.715,21.064,0,211.611066666667,0.2638229375,0.281536145833333,0.09854233125,22.8135833333333,21.4399583333333,21.5119375,0.85404008125,1.31851520833333,"actual",242,"2018"
2018-08-31,0.301944966666667,54.5725480208333,8.482214775,3.4388225,70.4684739130435,16.5552708333333,13.204,20.14,0,201.456925,0.261463854166667,0.278753458333333,0.0982937458333333,22.7370416666667,21.7980833333333,21.7218541666667,0.772954179166667,1.188883125,"actual",243,"2018"
2018-09-01,0.610663591666667,28.0003348208333,6.21314610416667,2.8924729375,79.3551916666667,15.4685208333333,11.77,19.591,0,120.0849735,0.262697895833333,0.275550708333333,0.0967875020833333,22.6232083333333,21.4460833333333,20.5406458333333,0.528141220833333,1.04788208333333,"actual",244,"2018"
2018-09-02,0.7699505625,27.3351230833333,5.06013288958333,2.973290625,80.7029613636364,16.3432708333333,13.178,21.045,0,108.199856363636,0.262308375,0.273884041666667,0.0959027708333333,22.6021458333333,21.0570416666667,20.449,0.535216958333333,1.16019520833333,"actual",245,"2018"
2018-09-03,0.401719,45.0363472708333,7.38818095833333,2.749851875,73.3640833333333,16.616625,10.713,22.4690000000001,0,210.5094315,0.2596063125,0.272529166666667,0.09542500625,22.518125,20.9845,20.9352291666667,0.79273429375,1.30197583333333,"actual",246,"2018"
2018-09-04,0.410657575,52.1563170833333,4.8282478125,3.12311785416667,78.6391404761905,16.4175833333333,11.877,21.522,0,192.345035,0.26043475,0.2706153125,0.09531944375,22.4032708333333,21.3509791666667,21.3336041666667,0.85987916875,1.360375,"actual",247,"2018"
2018-09-05,0.261814104166667,91.0324066041667,12.1095150833333,3.5794995,71.5857590909091,18.100875,14.541,23.261,0,341.28032047619,0.2560506875,0.270202145833333,0.0970132208333333,22.4015833333333,22.0639583333333,23.3701875,1.06366889583333,1.47187083333333,"actual",248,"2018"
2018-09-06,0.521578802083333,84.956899875,6.34688195833333,4.21875395833333,70.7021136363636,17.8320416666667,13.625,23.3440000000001,0,294.495866666667,0.259380583333333,0.270395833333333,0.0965069333333333,22.5146666666667,23.0937916666667,24.0435833333333,1.04805976666667,1.49041875,"actual",249,"2018"
2018-09-07,0.0348808333333333,112.646768958333,12.34460794375,3.35738304166667,67.3450476190476,17.7728333333333,12.83,23.708,0,399.677714285714,0.258501375,0.269467770833333,0.0961711479166667,22.7363958333333,23.6646666666667,25.1496458333333,1.16669434166667,1.57523541666667,"actual",250,"2018"
2018-09-08,0.400183811702128,81.1601837642553,9.91735648297872,3.09878510638298,66.8675121951219,17.8567021276596,11.986,23.802,0,348.41895,0.257116914893617,0.268336893617021,0.0952680914893617,23.0382340425532,24.4447021276596,25.4558085106383,1.05253521666667,1.56384375,"actual",251,"2018"
2018-09-09,0.23545754375,91.5683697916667,9.03843527083333,3.32215389583333,62.4720209302326,18.9486875,11.892,26.467,0,388.102395238095,0.260813833333333,0.26678825,0.0949139104166667,23.400375,24.7451666666667,26.1329375,1.10986737291667,1.49380625,"actual",252,"2018"
2018-09-10,0.673043997916667,80.7951849375,10.067779,3.251775625,65.5721659090909,20.0160833333333,14.366,26.752,0,362.862275263158,0.261628541666667,0.266145125,0.0938368270833333,23.667875,25.723875,27.248375,0.8853582,1.34006875,"actual",253,"2018"
2018-09-11,0.284375256875,103.513990833333,8.52120345833333,4.16287145833333,65.1666840909091,19.084,14.84,24.555,0,375.275719047619,0.262024979166667,0.2632715,0.0915833291666667,24.0607708333333,26.0305,27.1175208333333,0.886996620833333,0.997653958333333,"actual",254,"2018"
2018-09-12,0.361375229166667,98.9332565708333,8.41540165208333,3.42754520833333,62.3987340909091,18.0099166666667,11.399,24.921,0,382.859838095238,0.2622381875,0.260628458333333,0.0892166666666667,24.3724583333333,25.9496875,26.6533125,0.80990575625,0.708482708333333,"actual",255,"2018"
2018-09-13,0.237368475,101.686135083333,9.1276651625,3.46729395833333,65.5558333333333,18.8993333333333,13.458,25.214,0,381.148666666667,0.262588166666667,0.2592249375,0.0875131979166667,24.6831041666667,26.2190416666667,27.3305833333333,0.776801777083333,0.588705416666667,"actual",256,"2018"
2018-09-14,0.388111520833333,82.69895825,7.1390025,3.65017820833333,65.1184348837209,19.7418958333333,13.806,25.912,0,344.46356,0.266920875,0.257677041666667,0.0864145854166667,24.8653125,26.686,27.6921875,0.73822670625,0.669223333333333,"actual",257,"2018"
2018-09-15,0.079894625,100.865840625,12.4482455416667,3.40912733333333,62.8790923076923,18.9932083333333,11.419,26.661,0,390.951652380952,0.265277041666667,0.256549979166667,0.0847083333333333,25.0856875,26.667125,27.5999166666667,1.00847911458333,0.898932083333333,"actual",258,"2018"
2018-09-16,0.279701198333333,96.0028971666667,16.2117652639583,3.63305295833333,60.2167742857143,19.415875,11.634,26.66,0,386.212361904762,0.2613034375,0.2553708125,0.0829083291666667,25.3192708333333,26.7749791666667,27.4633541666667,1.087875625,1.09993729166667,"actual",259,"2018"
2018-09-17,0.0514121666666667,77.9927855,6.92372852173913,3.48643485416667,60.7633377777778,19.0406875,11.43,26.797,0,343.897885,0.257822208333333,0.2529381875,0.0817402791666667,25.51925,26.8438333333333,27.4991041666667,0.9441932375,1.20871104166667,"actual",260,"2018"
2018-09-18,0.0876457083333333,95.4126679583333,6.23868920833333,3.2256939375,67.6371934782609,17.9578541666667,11.557,25.689,0,367.380114285714,0.253902791666667,0.250581895833333,0.0803076354166667,25.6004583333333,26.7483958333333,27.2307708333333,1.0839633125,1.28125916666667,"actual",261,"2018"
2018-09-19,0.55979300625,76.521516875,5.77470064166667,2.90747335416667,66.9524266666667,17.6957291666667,12.248,24.728,0,302.251766666667,0.254861895833333,0.2503680625,0.0786506916666667,25.7141875,26.5974791666667,26.6705208333333,0.9609606125,1.37442708333333,"actual",262,"2018"
2018-09-20,0.352019265,104.3915584375,8.10593105625,3.84215879166667,68.4326297297297,19.2333541666667,12.657,26.444,0,402.745485714286,0.255716,0.250533979166667,0.0786333291666667,25.8870416666667,26.6360833333333,27.4512291666667,1.25977536041667,1.62912291666667,"actual",263,"2018"
2018-09-21,0.494142452083333,96.8065518125,7.45673156875,4.14926666666667,64.7534826086956,19.4506458333333,14.4450000000001,26.205,0,375.511252380952,0.2524020625,0.249834041666667,0.0777750020833333,25.8980625,27.0510208333333,27.7088958333333,1.251336275,1.91358333333333,"actual",264,"2018"
2018-09-22,0.6419901625,75.8363506,2.4111768105,3.9416975,69.0449452380952,18.16225,13.006,23.555,0,276.903880952381,0.256695833333333,0.248833979166667,0.0757215291666667,26.0747916666667,26.8688958333333,26.6708958333333,1.18742746041667,1.89043541666667,"actual",265,"2018"
2018-09-23,0.490123246041667,86.859982375,7.46523801875,3.4637593125,65.8270666666667,18.5419583333333,13.003,24.954,0,348.034304761905,0.252212479166667,0.247176375,0.0754562541666667,26.1928541666667,26.4515,26.7048125,1.18327970833333,1.70911041666667,"actual",266,"2018"
2018-09-24,0.155925391666667,102.206306208333,4.66816829166667,3.76972225,64.0406044444444,17.9746041666667,10.742,25.28,0,390.046071428571,0.2534596875,0.246063875,0.07611666875,26.1923541666667,26.5645208333333,27.0907916666667,1.16048094583333,1.48401875,"actual",267,"2018"
2018-09-25,0.359738520833333,82.54238875,10.3807974854167,3.90961333333333,65.6350088888889,19.0662708333333,13.964,24.867,0,307.700489047619,0.251797979166667,0.246849291666667,0.0753930520833333,26.1952916666667,26.9237708333333,27.4698125,0.93873035625,1.32686458333333,"actual",268,"2018"
2018-09-26,0.0890331125,84.5105940416667,6.42192659574468,3.84454166666667,66.8075465116279,19.4387291666667,12.782,26.227,0,338.756961904762,0.252024270833333,0.245677083333333,0.0752145833333333,26.2022916666667,26.8489583333333,27.4511666666667,0.909786120833333,1.13437708333333,"actual",269,"2018"
2018-09-27,0.677723240425532,70.7924235106383,0.651465744680851,3.49544087234043,73.6665525,18.5534468085106,14.649,22.859,0,262.617657894737,0.251925531914894,0.245715595744681,0.0739539021276596,26.229170212766,26.8423617021277,26.7115957446809,0.690813133333333,0.908909166666667,"actual",270,"2018"
2018-09-28,0.2408337725,90.9628404791667,2.79121241666667,4.53944666666667,73.014975,19.1054583333333,15.23,24.789,0,325.255109090909,0.251895125,0.245206291666667,0.0740645833333333,26.2754583333333,26.5000833333333,27.0166875,0.767580035416667,0.719693541666667,"actual",271,"2018"
2018-09-29,0.204048291666667,76.4727043125,6.76396633333333,3.742457125,66.0893409090909,19.3351666666667,13.567,26.128,0,340.4967365,0.254046479166667,0.245120854166667,0.0737465270833333,26.2149791666667,26.7261458333333,27.38175,0.626760383333333,0.518215625,"actual",272,"2018"
2018-09-30,0.0621819583333333,103.608035625,9.41195839583333,3.9481868125,60.80335,19.3904583333333,13.988,25.704,0,427.603435,0.251472229166667,0.245050041666667,0.0737986104166667,26.2854166666667,26.9733125,27.9421041666667,0.63507756875,0.314150833333333,"actual",273,"2018"
2018-10-01,0.119944354166667,93.6043830833333,4.10987738333333,3.9399395625,58.4991357142857,17.8973125,10.417,24.282,0,386.57023,0.254352833333333,0.242911791666667,0.0723381958333333,26.3835625,26.8771458333333,26.965375,0.51696934375,0.103403916666667,"actual",274,"2018"
2018-10-02,0.0938506947916667,68.1538489375,2.27667541666667,3.77623333333333,67.9045266666667,17.9132916666667,12.044,24.287,0,294.81434,0.251633354166667,0.241375729166667,0.0709145854166667,26.3975208333333,26.5156875,26.4477083333333,0.41761685,0.111408945833333,"actual",275,"2018"
2018-10-03,0.0385037708333333,100.717647854167,3.73850430291667,4.18112416666667,68.0391720930233,19.2737083333333,13.896,26.014,0,413.407285,0.253881270833333,0.241327833333333,0.07250208125,26.3965208333333,26.782,28.1312708333333,0.631173433333333,0.343854583333333,"actual",276,"2018"
2018-10-04,0.2875957,71.6273385416667,3.078970125,3.74957458333333,67.8444767441861,18.6862083333333,14.181,24.045,0,302.87389047619,0.251113208333333,0.241651416666667,0.070459725,26.3986041666667,27.0452916666667,27.2155208333333,0.683365541666667,0.651409375,"actual",277,"2018"
2018-10-05,0.15918185,89.6535616666667,3.708442125,3.21864501666667,64.3144590909091,19.0015833333333,13.033,25.493,0,363.146976190476,0.2532631875,0.240365979166667,0.0704548604166667,26.4043958333333,26.8173958333333,27.6681458333333,0.950993625,1.108709375,"actual",278,"2018"
2018-10-06,0.121898677291667,85.7240543541667,5.80634,3.78758958333333,65.8717088888889,20.1130416666667,15.162,26.995,0,385.8895615,0.251475041666667,0.241152770833333,0.0709777729166667,26.4062083333333,27.4573333333333,28.7890625,1.02673301875,1.39796041666667,"actual",279,"2018"
2018-10-07,2.25676315416667,55.1842038333333,34.8978464583333,3.147833375,73.6502744680851,19.044,14.532,26.459,9.9,290.1379085,0.253218729166667,0.240468083333333,0.0696527770833333,26.6324375,27.7068333333333,27.9565416666667,0.792354685416667,1.3682625,"actual",280,"2018"
2018-10-08,4.019441875,33.4322280416667,64.972790625,3.28706979166667,70.6839130434783,18.54725,12.954,24.163,0.8,240.489005,0.251160416666667,0.236851354166667,0.0673111104166667,26.7037916666667,26.0208125,24.012375,0.776359664583333,1.38019791666667,"actual",281,"2018"
2018-10-09,2.343722625,60.0097875,41.6466162708333,3.62531833333333,70.3312121951219,18.7484791666667,13.468,23.905,0,311.961119047619,0.251644416666667,0.235233375,0.0702375020833333,26.539625,24.8726666666667,24.04625,1.00322203541667,1.4333625,"actual",282,"2018"
2018-10-10,1.24460266875,71.9688069791667,28.1814095833333,3.66556052083333,69.4905046511628,18.2365416666667,11.875,24.243,0,315.367996818182,0.248916645833333,0.235588145833333,0.0732777729166667,26.2310416666667,24.8761666666667,24.5978125,1.04821298333333,1.45179791666667,"actual",283,"2018"
2018-10-11,0.628826007291667,81.5546934166667,27.8631736458333,3.27553977083333,64.1567068181818,19.0950416666667,13.372,25.093,0,377.149428571429,0.248711083333333,0.236491645833333,0.0766868020833333,25.9281041666667,25.2965625,25.9427083333333,1.12382011666667,1.53147708333333,"actual",284,"2018"
2018-10-12,0.515832439583333,76.0650789479167,15.4228097854167,2.9756139375,64.0738102564103,19.4330416666667,12.157,27.155,0,366.531105263158,0.246668166666667,0.237164625,0.0792708291666667,25.8895208333333,25.8136458333333,26.4581041666667,1.03160474375,1.58268333333333,"actual",285,"2018"
2018-10-13,0.697968333333333,61.2152077083333,15.6846943958333,3.43792420833333,68.4649953488372,20.1953958333333,15.506,26.886,0,293.923128571429,0.2498346875,0.237833291666667,0.0809388854166667,25.8988541666667,26.3961875,27.144125,0.93204869375,1.64739583333333,"actual",286,"2018"
2018-10-14,0.0451176458333333,79.6165160625,10.9176258208333,3.47063125,65.7593595238095,19.6460625,13.543,27.374,0,321.797168181818,0.247805520833333,0.2385124375,0.0813166604166667,26.0382083333333,26.5714375,27.2546458333333,1.06493963541667,1.59149583333333,"actual",287,"2018"
2018-10-15,0.565831004166667,78.2688780208333,10.8137232770833,2.9485514375,67.5654577777778,20.139125,14.711,26.351,0,314.296505909091,0.246236104166667,0.23941525,0.0810451375,26.1963333333333,26.9690833333333,27.9136458333333,1.02650111875,1.45524791666667,"actual",288,"2018"
2018-10-16,0.1250130625,77.1399329375,10.1080238297872,2.93996654166667,67.3997595744681,19.7084166666667,14.396,26.675,0,341.215738095238,0.247919104166667,0.239222354166667,0.07981396875,26.2747291666667,27.1940416666667,27.9789166666667,1.03886931041667,1.36439166666667,"actual",289,"2018"
2018-10-17,-0.226397295833333,93.6540173958333,9.98553885106383,3.57929291666667,68.03164,20.3932916666667,15.485,26.245,0,376.208909523809,0.250595791666667,0.2398875,0.0790423625,26.4006666666667,27.5572083333333,28.6028125,1.14213814375,1.43407083333333,"actual",290,"2018"
2018-10-18,-0.0876628270833333,94.2584111041667,5.56826654166667,4.43361020833333,69.0059,20.3906875,15.868,26.024,0,379.609695238095,0.2483041875,0.240004833333333,0.0783548625,26.6305416666667,27.7966041666667,28.6939375,1.1678254,1.47019166666667,"actual",291,"2018"
2018-10-19,0.130018166666667,97.2835164375,8.23700882604167,4.39119445833333,69.7001545454546,20.3122291666667,15.813,26.362,0,397.830635,0.245675041666667,0.239570166666667,0.0765805625,26.7497708333333,27.8803333333333,28.6726875,1.168428,1.50265208333333,"actual",292,"2018"
2018-10-20,-0.15932289375,95.9205494145833,11.3259068541667,3.54912229166667,68.5942222222222,20.4891041666667,14.778,26.484,0,391.036219047619,0.248318104166667,0.2395243125,0.076184025,26.8942083333333,27.9823125,29.0422083333333,1.22193887916667,1.54879375,"actual",293,"2018"
2018-10-21,0.280372145833333,85.00363325,8.72938280434783,4.71117354166667,70.8738972222222,20.02275,14.675,25.479,0,360.180333333333,0.249253458333333,0.2384936875,0.07458888125,27.0083541666667,28.0374791666667,28.4673541666667,1.14401079375,1.5605375,"actual",294,"2018"
2018-10-22,0.0648354375,105.576396458333,3.28354646666667,5.36101,68.882055,18.9232083333333,13.101,24.476,0,374.5093035,0.246536729166667,0.237158270833333,0.0728361104166667,27.1921666666667,27.6798125,27.8175416666667,1.10877533333333,1.53752916666667,"actual",295,"2018"
2018-10-23,1.01181233617021,33.8636736574468,36.094620212766,4.49666255319149,83.8594659574468,16.4232978723404,14.077,19.603,3.47234042553192,163.048327142857,0.248799212765957,0.234057425531915,0.068887229787234,27.190085106383,26.5537872340426,24.4176382978723,0.75947675,1.43788333333333,"actual",296,"2018"
2018-10-24,0.42700485106383,27.4833487595745,27.0910160851064,1.80868225957447,82.9237723404255,16.3453404255319,14.688,20.044,0.204255319148936,153.872863636364,0.248263829787234,0.230990723404255,0.0664673723404255,26.9451063829787,24.909085106383,22.9426595744681,0.691928970833333,1.46734375,"actual",297,"2018"
2018-10-25,-0.00924931521739133,35.621535173913,51.6816514130435,3.50210223913043,88.0249282608696,16.8340869565217,14.169,20.525,1.77391304347826,222.110775909091,0.249155847826087,0.228334760869565,0.0676362282608696,26.5424347826087,23.8981956521739,22.209847826087,0.976310872916667,1.527725,"actual",298,"2018"
2018-10-26,0.611836895833333,51.7773211395833,24.4997381914894,3.48495020833333,84.5015307692308,17.711875,13.7,22.466,0,223.845747619048,0.247440979166667,0.2283125625,0.0691263916666667,26.1018541666667,23.435875,22.5455416666667,0.949204833333333,1.61065208333333,"actual",299,"2018"
2018-10-27,0.83717005106383,45.8982145319149,50.2371310851064,4.19693319148936,83.6970604651163,17.7019361702128,14.686,22.499,5.41276595744681,294.157096666667,0.245726936170213,0.228201446808511,0.0695546042553191,25.6519787234043,23.4274468085106,22.545829787234,1.12493830416667,1.6437875,"actual",300,"2018"
2018-10-28,1.7569180625,63.3775237291667,37.0870134791667,3.542661875,79.4544951219512,18.2777291666667,15.042,23.006,0,309.424840909091,0.244602083333333,0.228791645833333,0.071721525,25.3554791666667,23.4105208333333,23.3078333333333,1.18785739375,1.71262708333333,"actual",301,"2018"
2018-10-29,0.29312848125,70.7772485,38.733188375,4.0723025,74.2935555555556,19.17175,15.272,24.548,0.7,351.500719545455,0.241594375,0.2293166875,0.0734361104166667,25.0994375,23.8242291666667,24.0472916666667,1.24218647708333,1.80029583333333,"actual",302,"2018"
2018-10-30,0.26875963125,75.788371875,22.538977,4.56219104166667,66.3462,19.8945625,15.032,25.789,0,322.865818181818,0.245002791666667,0.230614583333333,0.07583055625,25.0810625,24.4445416666667,25.0814375,1.28058106041667,1.87919375,"actual",303,"2018"
2018-10-31,-0.0158756916666667,100.901180416667,16.2793872708333,4.77454833333333,66.7274102564103,20.0308125,14.3,26.134,0,403.308045454545,0.243455604166667,0.232259770833333,0.0782125,25.086375,25.0064583333333,25.9525208333333,1.40087974583333,1.92386458333333,"actual",304,"2018"
2018-11-01,0.224564083333333,73.7079916458333,7.07250458333333,5.358825,71.4248652173913,19.9919791666667,15.474,25.362,0,316.21289047619,0.241881645833333,0.232780208333333,0.0785740375,25.1025208333333,25.424375,25.8011041666667,1.29891313333333,1.95726666666667,"actual",305,"2018"
2018-11-02,1.44206629166667,63.7492815,59.9197569375,4.30709833333333,79.5857044444444,19.3691666666667,16.127,24.783,7.9,383.436851363636,0.241661770833333,0.232273645833333,0.0774854166666667,25.3178958333333,25.3165833333333,25.2775625,1.34505654583333,1.95492916666667,"actual",306,"2018"
2018-11-03,1.02893483333333,83.8422750416667,35.9492182145833,4.38605375,78.1547279069767,19.2072291666667,16.089,23.977,0,393.382381818182,0.242920854166667,0.230951375,0.0772312458333333,25.3966458333333,24.9581458333333,24.9477291666667,1.42668715208333,1.9805125,"actual",307,"2018"
2018-11-04,0.722784883333333,69.557981875,32.0504987708333,3.85798452083333,69.2372222222222,19.0794375,13.706,24.805,0,369.023209523809,0.244463875,0.230951354166667,0.0787076354166667,25.3890208333333,24.8772291666667,24.7857916666667,1.40143330416667,2.00852708333333,"actual",308,"2018"
2018-11-05,-0.0850728895833333,95.5555552708333,27.426362625,3.28140722916667,64.070117948718,19.4381041666667,11.704,25.557,0,432.468842857143,0.241188875,0.231842354166667,0.0807444416666667,25.3869375,25.0450208333333,25.6298541666667,1.39263720208333,1.80238541666667,"actual",309,"2018"
2018-11-06,-0.197158145833333,86.9343787083333,13.4174102916667,3.60250020833333,69.8526761904762,19.7389166666667,14.414,26.24,0,383.09415,0.242640270833333,0.233216708333333,0.0823993041666667,25.3897291666667,25.6693333333333,26.4604375,1.12935626458333,1.31507083333333,"actual",310,"2018"
2018-11-07,-0.136845675,91.0755160839583,13.753985787234,3.37324479166667,70.1343743589744,20.3151666666667,14.136,27.567,0,406.810057142857,0.242625708333333,0.234318041666667,0.08350625,25.4763958333333,26.149125,27.1137291666667,1.0485277,1.04171416666667,"actual",311,"2018"
2018-11-08,0.0284918875,83.57084575,13.0541605,3.15695785416667,66.7638918918919,20.6704791666667,13.74,27.566,0,379.043866666667,0.243128479166667,0.235019520833333,0.083215275,25.6038541666667,26.6098541666667,27.4764166666667,0.98107021875,0.977120625,"actual",312,"2018"
2018-11-09,0.473159722458333,50.8730482291667,7.6543196625,3.44527325,70.3755466666667,19.8735625,14.814,26.381,0,219.561221363636,0.2446075625,0.2345173125,0.0801659729166667,25.8348333333333,26.6163541666667,26.5585416666667,0.7032845625,0.992130833333333,"actual",313,"2018"
2018-11-10,-0.12424408125,84.590440125,7.70623077154167,3.62333297916667,63.6699760869565,20.4835,16.14,26.031,0,328.173571363636,0.244601395833333,0.2337860625,0.0794111104166667,25.9635625,26.3371041666667,26.9690208333333,1.04601325208333,1.18126,"actual",314,"2018"
2018-11-11,-0.828398104166667,100.045303229167,6.28689791666667,3.73656627083333,71.6766326086957,19.605625,14.552,25.784,0.2,380.239744285714,0.2414269375,0.234119083333333,0.0787374979166667,26.14875,26.6475208333333,27.4042916666667,1.24162712708333,1.309275,"actual",315,"2018"
2018-11-12,-0.419889729166667,102.994049585417,13.8233739166667,4.08922208333333,72.6165260869565,20.2389375,15.575,26.121,0.1,397.1489,0.241213229166667,0.234356270833333,0.07749235625,26.1987916666667,26.9340416666667,27.8149166666667,1.36344533541667,1.50986666666667,"actual",316,"2018"
2018-11-13,-0.105627,87.2433501041667,5.23544349375,3.81664645833333,69.3574444444444,19.5396666666667,16.046,24.824,0,315.324433181818,0.244355604166667,0.2353284375,0.0766263854166667,26.2855208333333,27.1707083333333,27.7460833333333,1.15815241875,1.31293229166667,"actual",317,"2018"
2018-11-14,-0.0268998333333333,93.5610289791667,7.18488770833333,3.746469375,66.9635533333333,19.4875,14.222,25.025,0,377.693504761905,0.246315979166667,0.234534125,0.0758868083333333,26.3976041666667,27.05125,27.5847291666667,1.06042963541667,0.824841458333333,"actual",318,"2018"
2018-11-15,-0.133170175,96.3005720895833,10.3165091666667,3.55960208333333,61.0887825,20.3939375,14.101,26.934,0,415.724166666667,0.246881895833333,0.233224354166667,0.0757812458333333,26.4136875,27.1986458333333,28.1360416666667,1.01129301041667,0.579764791666667,"actual",319,"2018"
2018-11-16,-0.205366652083333,92.4542917083333,7.55995883333333,3.3571141875,62.5947533333333,20.6813958333333,12.651,27.663,0,399.724752380952,0.248614583333333,0.232809729166667,0.07483333125,26.6094375,27.47025,28.3806875,0.966731133333333,0.559123333333333,"actual",320,"2018"
2018-11-17,0.23314664375,59.99290125,6.3753883125,3.16714247916667,78.9029465116279,19.1548333333333,15.917,25.36,0.1,227.870922727273,0.245919395833333,0.231731916666667,0.0731388895833333,26.6990416666667,27.5595625,27.54425,0.714238547916667,0.726165625,"actual",321,"2018"
2018-11-18,0.23536673125,102.699509375,8.94800257708333,3.23829264583333,66.7788711111111,20.2484583333333,14.307,26.686,0,398.799405909091,0.244015291666667,0.230030625,0.0726736083333333,26.7234375,27.1311041666667,28.1607916666667,1.19082829375,1.20411791666667,"actual",322,"2018"
2018-11-19,-0.101234242222222,98.8524958958333,4.10269133333333,4.07478089583333,73.32615,19.7724583333333,14.497,25.303,20.5,369.298240909091,0.245149270833333,0.230104208333333,0.07190555625,26.7785833333333,27.6132708333333,28.4245625,1.36429837083333,1.62701875,"actual",323,"2018"
2018-11-20,4.70691513636364,47.5762102045455,101.799147954545,4.0823475,81.7770473684211,19.1876363636364,15.687,23.103,16.5818181818182,335.812836363636,0.241605340909091,0.226231772727273,0.199397036363636,26.8918863636364,26.3962727272727,24.0837045454545,1.57267440833333,2.02978333333333,"actual",324,"2018"
2018-11-21,3.495171875,24.60244251875,77.5870827083333,3.49917552083333,83.3818311111111,18.3558958333333,15.974,23.18,20.7,250.843054545455,0.241470166666667,0.222431229166667,0.244816604166667,26.772375,24.4133958333333,22.0548333333333,1.45974549583333,2.42274375,"actual",325,"2018"
2018-11-22,3.28051635416667,40.6416257916667,71.6142763541667,3.67960041666667,77.2133818181818,19.1844166666667,15.4690000000001,24.067,0,315.274975909091,0.239251375,0.22228475,0.217382583333333,26.35425,23.4697083333333,22.2016041666667,1.86223190625,2.90873958333333,"actual",326,"2018"
2018-11-23,2.16861747291667,54.0580325,82.7244850833333,4.35841541666667,68.1174162790698,19.52775,14.453,24.866,0,413.158062272727,0.237279833333333,0.224597229166667,0.2010493125,25.87725,23.511125,23.16575,2.18252093125,3.37277083333333,"actual",327,"2018"
2018-11-24,1.34608644375,55.3854421041667,61.4378350416667,3.7761543125,74.5082136363636,18.9289166666667,15.542,23.658,0,343.05248826087,0.236601395833333,0.229505604166667,0.191079083333333,25.538375,23.9653541666667,23.7658541666667,2.38327445208333,3.75881041666667,"actual",328,"2018"
2018-11-25,0.925934340425532,53.4990542765957,88.7591218680851,4.62297225531915,80.906611627907,18.5808936170213,15.502,23.287,4.4936170212766,404.822627272727,0.235684404255319,0.23103270212766,0.186502127659574,25.3612553191489,23.9214042553191,23.3316808510638,2.66924047291667,3.77163541666667,"actual",329,"2018"
2018-11-26,-0.0816049555555555,37.5762692888889,101.948384666667,4.39905473333333,89.0400794871795,17.7180444444444,14.971,22.084,32.5333333333333,340.870462173913,0.236263044444444,0.230923733333333,0.270190377777778,25.1092888888889,23.1594222222222,21.7802222222222,2.86831732916667,3.36425,"actual",330,"2018"
2018-11-27,0.683161404255319,40.4957370212766,91.5291600425532,3.85097057446808,80.3911829268293,18.7334042553192,14.887,23.525,1.02127659574468,389.349645454545,0.235728340425532,0.236785808510638,0.24508085106383,24.9411489361702,22.5712127659575,22.3086808510638,3.46708799583333,3.15083958333333,"actual",331,"2018"
2018-11-28,-0.161992375,39.2607320833333,85.1463010833333,4.384496625,78.3932822222222,19.0719583333333,15.637,23.533,0,362.116495652174,0.235324270833333,0.2443979375,0.2285854375,24.70525,23.0432083333333,23.1355,3.79656041458333,2.88063125,"actual",332,"2018"
2018-11-29,-1.09060339583333,38.2943539375,86.7915114166667,4.47657135416667,85.6270230769231,18.220125,15.765,22.204,12.3,346.843913636364,0.2345840625,0.249743020833333,0.245214583333333,24.6299791666667,23.0006666666667,22.1388541666667,4.061391825,2.53442083333333,"actual",333,"2018"
2018-11-30,-0.864236039583333,39.0150197708333,110.081558333333,5.25253645833333,79.2760255813953,18.599625,15.886,22.799,2.4,381.397746521739,0.23522575,0.254035479166667,0.251701458333333,24.4033333333333,22.268625,21.7514166666667,4.96804208541667,2.45582291666667,"actual",334,"2018"
2018-12-01,-1.31029022916667,28.391852375,82.7369370833333,4.08077933333333,87.592402173913,17.4579166666667,15.311,21.465,2.8,315.230304545455,0.234449333333333,0.2608256875,0.243763166666667,24.233125,22.1743958333333,21.3574166666667,4.40767623333333,2.02577083333333,"actual",335,"2018"
2018-12-02,-0.920698125,28.6384197729167,76.1551722708333,2.74244975,83.5942372093023,18.0659583333333,14.471,22.933,0,345.035485714286,0.231596520833333,0.268323541666667,0.236910354166667,24.0649166666667,21.7842291666667,21.5775625,4.86158631875,1.644,"actual",336,"2018"
2018-12-03,-2.94475530425532,51.4638896382979,97.8181446102083,3.5770380625,84.5803744186046,18.7355208333333,15.354,23.642,0,417.432343478261,0.232132666666667,0.278249270833333,0.230607645833333,23.8715416666667,22.6121666666667,23.3666666666667,6.46135139375,1.49055833333333,"actual",337,"2018"
2018-12-04,-2.75839829166667,26.6205090416667,85.2049095416667,3.19829683333333,85.8938319148936,18.1395,15.394,23.178,14.9,365.683795,0.229534729166667,0.286411770833333,0.262593125,23.8354583333333,22.97525,22.4918125,5.30624334791667,1.52667083333333,"actual",338,"2018"
2018-12-05,-3.54565545833333,37.5620361354167,90.3386793520833,3.16453354166667,88.0617512820513,18.3284791666667,15.751,23.162,18.1,377.027513636364,0.2301666875,0.356323604166667,0.298649270833333,23.8879166666667,22.3624583333333,21.9836666666667,6.31836688333333,1.94438541666667,"actual",339,"2018"
2018-12-06,-2.52679352083333,33.365271255,120.667715104167,2.906240625,80.8054088888889,19.5866458333333,15.825,24.575,1.9,449.292513636364,0.231185479166667,0.371841020833333,0.277557583333333,23.7508541666667,22.7431666666667,23.6065,6.92293290833333,2.774425,"actual",340,"2018"
2018-12-07,-2.28943618541667,40.6156945833333,108.7678545625,3.61681089583333,81.1208744680851,19.6149791666667,16.367,24.041,0,461.931413636364,0.229814625,0.3684833125,0.261120770833333,23.783875,23.6791666666667,24.70975,7.32547119583333,3.602525,"actual",341,"2018"
2018-12-08,-2.61181120833333,20.2913255416667,84.4454243958333,2.466570875,83.8422666666667,17.9798541666667,14.305,22.324,29.6,318.917721363636,0.2305944375,0.403548625,0.31153125,23.9117291666667,23.370625,22.2485208333333,6.23209536041667,4.33225416666667,"actual",342,"2018"
2018-12-09,-3.44943714583333,34.6935397979167,106.66221311875,3.00806639583333,79.9730217391304,19.3856875,16.278,23.751,0.6,435.348996818182,0.230515958333333,0.388132625,0.2867875625,23.9114791666667,22.6711041666667,22.507875,7.3489764,4.6758375,"actual",343,"2018"
2018-12-10,0.145019979166667,18.5706029958333,66.60366394375,2.04445822916667,87.7,18.068,15.596,22.151,2.8,245.685166666667,0.228567395833333,0.382261833333333,0.269675645833333,23.8946041666667,22.8074791666667,22.0340416666667,4.8087457,4.02712291666667,"actual",344,"2018"
2018-12-11,-1.25554925531915,22.4037580425532,72.1788477446809,2.48151787234043,89.7127777777778,17.2251489361702,14.44,21.158,23.4893617021277,260.87417,0.228948936170213,0.429346787234043,0.339197170212766,23.8493404255319,21.9524042553192,20.8171063829787,5.11992021666667,3.62507916666667,"actual",345,"2018"
2018-12-12,-2.90195897916667,22.533080875,101.579267702083,3.09287322916667,80.6509875,19.3009375,14.581,24.566,0,413.866085714286,0.230566770833333,0.4037119375,0.3037418125,23.6649583333333,22.0137291666667,22.0659375,6.69076958541667,3.90968333333333,"actual",346,"2018"
2018-12-13,-2.72993808541667,38.3035593958333,98.9173929375,3.22945672916667,84.8891093023256,18.5538125,14.4,22.855,2.9,405.647916086957,0.271051166666667,0.39502475,0.286345166666667,23.5020625,22.45425,22.4820625,6.86964731041667,3.72957916666667,"actual",347,"2018"
2018-12-14,-1.49394106521739,26.5316226956522,94.1081604130435,3.23977180434783,85.6685547619048,18.4844782608696,15.386,23.265,18.2608695652174,448.857933333333,0.293573434782609,0.412564326086957,0.329376782608696,23.5005217391304,22.5968043478261,22.2012173913044,5.57861358541667,3.66179583333333,"actual",348,"2018"
2018-12-15,-3.10720454166667,30.8441618125,92.3394200625,3.41194208333333,88.68404,17.6837916666667,15.286,22.315,24.7,353.04161173913,0.31552575,0.426448854166667,0.358671604166667,23.4993333333333,22.3285833333333,21.730625,5.70229523958333,3.50067291666667,"actual",349,"2018"
2018-12-16,-2.59104489130435,38.5877922340426,101.295868574468,2.95316482978723,82.2215651162791,18.0684680851064,13.165,22.9690000000001,0.102127659574468,446.131618181818,0.315554595744681,0.407685085106383,0.327920021276596,23.4642765957447,22.1399787234043,22.3046595744681,6.38140703333333,3.65856666666667,"actual",350,"2018"
2018-12-17,-0.8951978125,34.6057053541667,112.674080625,3.0826986875,77.3088976744186,18.5996875,14.249,23.532,0,472.090745454545,0.3133711875,0.4009829375,0.30299175,23.34725,22.8102083333333,23.5300625,6.4564211,3.98875,"actual",351,"2018"
2018-12-18,-1.99685672916667,38.6923332916667,108.090853895833,3.40125279166667,79.76435,19.1941875,14.379,24.294,0,459.027777272727,0.3123715,0.39675975,0.2840131875,23.4651041666667,23.2306458333333,24.1632916666667,6.90167793541667,4.56136041666667,"actual",352,"2018"
2018-12-19,-0.130708541666667,20.9076187083333,68.710806875,2.99548570833333,81.6845666666667,19.19175,16.484,23.371,1.3,278.221461904762,0.307432645833333,0.39293125,0.264223583333333,23.5670208333333,23.5600833333333,23.6630208333333,5.24224609375,4.45147291666667,"actual",353,"2018"
2018-12-20,-1.13349079166667,31.3695636666667,95.6019779166667,3.06980195833333,78.5169279069767,18.7126041666667,15.5,23.563,0,367.873747826087,0.30585325,0.39231375,0.2516565,23.6973125,23.312375,23.5200833333333,6.46434363541667,3.89980625,"actual",354,"2018"
2018-12-21,-1.97255947916667,23.8285321875,78.6401495416667,2.83142527083333,74.9202928571429,18.1483125,13.397,23.726,0,344.300331818182,0.304660354166667,0.390431854166667,0.2389654375,23.7018541666667,22.8940208333333,22.5526041666667,5.78173187916667,3.03500625,"actual",355,"2018"
2018-12-22,-1.98450116666667,29.0576566875,81.599403375,2.85318295833333,79.4456347826087,18.8446666666667,14.161,24.477,0,384.570218181818,0.30161075,0.388438145833333,0.227820791666667,23.6959375,22.9466666666667,23.446625,5.72784000208333,2.11354375,"actual",356,"2018"
2018-12-23,-3.116092,40.0255550416667,93.081933375,3.660943,78.5612913043478,19.0385625,14.563,24.145,0,457.499290909091,0.299346333333333,0.389456729166667,0.214462645833333,23.6907708333333,23.6410625,24.7275208333333,6.53669130416667,1.67128541666667,"actual",357,"2018"
2018-12-24,-2.83707739583333,41.0489335416667,86.0831818333333,3.2028973125,73.3233658536585,18.2747291666667,14.183,23.314,0,420.956363636364,0.299481729166667,0.389642666666667,0.197085541666667,23.7021666666667,23.920875,24.52925,6.56659175,1.8651625,"actual",358,"2018"
2018-12-25,-2.309856625,34.0641297916667,81.0845220208333,3.42509204166667,76.3421375,18.4005416666667,13.731,23.9450000000001,0,399.992477272727,0.2990555,0.3866063125,0.181747958333333,23.8012291666667,23.9503125,24.4777291666667,6.46560199166667,2.13730625,"actual",359,"2018"
2018-12-26,-3.15672441666667,41.9977794375,74.0533704375,3.77940995833333,78.0076909090909,18.2526666666667,14.043,22.739,0,413.95609047619,0.2966278125,0.384303479166667,0.168474291666667,23.8933333333333,23.9739583333333,24.4410625,6.49263199375,2.36281458333333,"actual",360,"2018"
2018-12-27,-2.90222639583333,40.8576096458333,75.8662945208333,4.13670604166667,79.0046113636364,18.4405416666667,15.119,23.322,0,403.549718181818,0.2937701875,0.382315166666667,0.1596194375,23.9062708333333,24.1719166666667,24.8153958333333,6.5043765625,2.62331875,"actual",361,"2018"
2018-12-28,-2.14948663829787,43.4488646382979,82.5706494468085,3.12468378723404,78.8828292682927,18.6695744680851,13.863,24.894,0,445.890218181818,0.295173680851064,0.382641574468085,0.153602212765957,24.0882978723404,24.5397446808511,25.6193829787234,6.88449940416667,2.87867291666667,"actual",362,"2018"
2018-12-29,-3.02823141666667,42.7420315,87.4504856666667,3.28924604166667,77.7178815789474,19.2863125,14.456,25.22,0,444.743913636364,0.292338854166667,0.382486125,0.148910395833333,24.2080416666667,25.2249166666667,26.5345,7.20958533541667,3.43720625,"actual",363,"2018"
2018-12-30,-3.37990029166667,49.81744375,79.5214646666667,3.37689308333333,78.2079276595745,19.2892916666667,15.61,24.636,0.1,402.790776956522,0.294106895833333,0.379455604166667,0.1439444375,24.4178125,25.6746875,26.7722291666667,7.67394790833333,4.21326041666667,"actual",364,"2018"
2018-12-31,-3.6141560625,56.3422829166667,68.5611535416667,4.014395,78.7353282608696,18.6734166666667,14.933,23.53,0,404.1278,0.294839625,0.37690975,0.140704020833333,24.6970833333333,25.9311875,26.8435,7.67989078125,3.9666375,"actual",365,"2018"
2019-01-01,-3.63435549583333,45.9606168333333,69.3948981875,2.52490445833333,74.4658925,18.090125,12.826,24.2,0,382.893745454545,0.294577145833333,0.372742416666667,0.135664583333333,24.8809375,25.5328125,25.9466666666667,6.59048581458333,2.61782916666667,"actual",1,"2019"
2019-01-02,-3.80362713541667,48.885913625,76.7499591733333,2.36481214583333,68.5661219512195,18.9870625,12.825,24.754,0,430.364587727273,0.294132604166667,0.3652590625,0.133404125,24.9184583333333,25.6064166666667,26.6549166666667,6.47862120416667,1.90826875,"actual",2,"2019"
2019-01-03,-3.71223235520833,51.5463330625,74.5821553639583,3.408112625,70.3157466666667,19.1475208333333,14.073,24.682,0,446.467078636364,0.2943113125,0.362284875,0.129871979166667,25.0544791666667,26.0429166666667,27.1924375,6.29716063333333,1.726725,"actual",3,"2019"
2019-01-04,1.15883476595745,27.4911390208333,70.6661651458333,3.73850883333333,88.1598261904762,17.5605,14.631,21.997,7.7,297.774745454545,0.293138145833333,0.359452145833333,0.122793770833333,25.1206041666667,25.4126458333333,24.1120833333333,4.49433772708333,1.64624791666667,"actual",4,"2019"
2019-01-05,-0.6726435625,38.566859375,73.9234576458333,3.8213850625,82.2464952380952,18.1237083333333,15.543,21.808,1.5,347.239040909091,0.291213270833333,0.354411770833333,0.119736145833333,25.1162708333333,23.898625,23.063875,4.90234988541667,1.77445625,"actual",5,"2019"
2019-01-06,-2.86228775,48.688705,97.2988445833333,3.44554391666667,75.0797844444444,18.8473541666667,14.891,24.309,0,454.240018181818,0.2896856875,0.351246479166667,0.1208576875,24.9559791666667,23.8941666666667,24.4011458333333,6.21574252708333,1.75953541666667,"actual",6,"2019"
2019-01-07,-2.39083770833333,43.1698679166667,85.5544055416667,2.97018395,65.1991872340426,19.4195,13.922,24.925,0,453.71719047619,0.289470895833333,0.348886791666667,0.121864583333333,24.8554375,24.5334375,25.3445416666667,6.13115694375,1.98201875,"actual",7,"2019"
2019-01-08,1.68750142857143,-1.71596564285714,2.24920707142857,0.699077214285714,74.1981928571429,16.2947142857143,15.985,16.767,0,340.30107632303,0.2894595,0.348061857142857,0.118,24.7397857142857,25.0236428571429,22.7439285714286,0,2.53259583333333,"filled",8,"2019"
2019-01-09,NA,70.9404655656135,31.9057353361409,3.63848618689568,69.9950923038542,18.7957743833067,14.6128068849706,23.9448723761545,1.49181100331317,340.30107632303,0.296080115490063,0.17466515049337,0.126477212394301,25.4051387173863,25.0501671388997,25.1954801929466,0,3.2301,"filled",9,"2019"
2019-01-10,-6.3111425,74.3186281666667,108.613147333333,4.2226725,54.6668136363636,21.8783333333333,18.877,24.354,0,417.747642105263,0.288788966666667,0.332987833333333,0.124938866666667,24.8942666666667,25.7069333333333,28.6573666666667,6.28792467916667,4.1700375,"actual",10,"2019"
2019-01-11,-1.921576875,41.7223752083333,61.8753356958333,4.03970245833333,71.1324688888889,19.7213541666667,15.902,24.62,0.2,360.2912,0.288051458333333,0.329238145833333,0.1205354375,24.9831666666667,25.8039583333333,26.4519375,5.62277242916667,2.90293333333333,"actual",11,"2019"
2019-01-12,-2.46123654166667,52.7419708333333,66.6755188125,3.6130085625,73.1930416666667,18.5723541666667,14.041,24.127,0,407.690404545455,0.2864563125,0.322797229166667,0.118532604166667,25.0999791666667,25.4324166666667,26.0832708333333,5.88624749791667,2.51720625,"actual",12,"2019"
2019-01-13,7.15821,-19.386,8.38554,0.526205,65.2071,15.857,15.857,15.857,0,340.30107632303,0.287367,0.324267,0.115767,25.105,26.383,24.815,0,2.32650208333333,"filled",13,"2019"
2019-01-14,NA,70.9404655656135,31.9057353361409,3.63848618689568,69.9950923038542,18.7957743833067,14.6128068849706,23.9448723761545,1.49181100331317,340.30107632303,0.296080115490063,0.17466515049337,0.126477212394301,25.4051387173863,25.0501671388997,25.1954801929466,0,2.25087708333333,"filled",14,"2019"
2019-01-15,NA,70.9404655656135,31.9057353361409,3.63848618689568,69.9950923038542,18.7957743833067,14.6128068849706,23.9448723761545,1.49181100331317,340.30107632303,0.296080115490063,0.17466515049337,0.126477212394301,25.4051387173863,25.0501671388997,25.1954801929466,0,2.18108333333333,"filled",15,"2019"
2019-01-16,NA,70.9404655656135,31.9057353361409,3.63848618689568,69.9950923038542,18.7957743833067,14.6128068849706,23.9448723761545,1.49181100331317,340.30107632303,0.296080115490063,0.17466515049337,0.126477212394301,25.4051387173863,25.0501671388997,25.1954801929466,0,2.09445625,"filled",16,"2019"
2019-01-17,NA,70.9404655656135,31.9057353361409,3.63848618689568,69.9950923038542,18.7957743833067,14.6128068849706,23.9448723761545,1.49181100331317,340.30107632303,0.296080115490063,0.17466515049337,0.126477212394301,25.4051387173863,25.0501671388997,25.1954801929466,0,1.99720208333333,"filled",17,"2019"
2019-01-18,NA,70.9404655656135,31.9057353361409,3.63848618689568,69.9950923038542,18.7957743833067,14.6128068849706,23.9448723761545,1.49181100331317,340.30107632303,0.296080115490063,0.17466515049337,0.126477212394301,25.4051387173863,25.0501671388997,25.1954801929466,0,1.82260416666667,"filled",18,"2019"
2019-01-19,NA,70.9404655656135,31.9057353361409,3.63848618689568,69.9950923038542,18.7957743833067,14.6128068849706,23.9448723761545,1.49181100331317,340.30107632303,0.296080115490063,0.17466515049337,0.126477212394301,25.4051387173863,25.0501671388997,25.1954801929466,0,1.7751875,"filled",19,"2019"
2019-01-20,NA,70.9404655656135,31.9057353361409,3.63848618689568,69.9950923038542,18.7957743833067,14.6128068849706,23.9448723761545,1.49181100331317,340.30107632303,0.296080115490063,0.17466515049337,0.126477212394301,25.4051387173863,25.0501671388997,25.1954801929466,0,1.709,"filled",20,"2019"
2019-01-21,NA,70.9404655656135,31.9057353361409,3.63848618689568,69.9950923038542,18.7957743833067,14.6128068849706,23.9448723761545,1.49181100331317,340.30107632303,0.296080115490063,0.17466515049337,0.126477212394301,25.4051387173863,25.0501671388997,25.1954801929466,0,1.62193333333333,"filled",21,"2019"
2019-01-22,NA,70.9404655656135,31.9057353361409,3.63848618689568,69.9950923038542,18.7957743833067,14.6128068849706,23.9448723761545,1.49181100331317,340.30107632303,0.296080115490063,0.17466515049337,0.126477212394301,25.4051387173863,25.0501671388997,25.1954801929466,0,1.540025,"filled",22,"2019"
2019-01-23,NA,70.9404655656135,31.9057353361409,3.63848618689568,69.9950923038542,18.7957743833067,14.6128068849706,23.9448723761545,1.49181100331317,340.30107632303,0.296080115490063,0.17466515049337,0.126477212394301,25.4051387173863,25.0501671388997,25.1954801929466,0,1.4514,"filled",23,"2019"
2019-01-24,NA,70.9404655656135,31.9057353361409,3.63848618689568,69.9950923038542,18.7957743833067,14.6128068849706,23.9448723761545,1.49181100331317,340.30107632303,0.296080115490063,0.17466515049337,0.126477212394301,25.4051387173863,25.0501671388997,25.1954801929466,0,1.35880208333333,"filled",24,"2019"
2019-01-25,NA,70.9404655656135,31.9057353361409,3.63848618689568,69.9950923038542,18.7957743833067,14.6128068849706,23.9448723761545,1.49181100331317,340.30107632303,0.296080115490063,0.17466515049337,0.126477212394301,25.4051387173863,25.0501671388997,25.1954801929466,0,1.32497916666667,"filled",25,"2019"
2019-01-26,NA,70.9404655656135,31.9057353361409,3.63848618689568,69.9950923038542,18.7957743833067,14.6128068849706,23.9448723761545,1.49181100331317,340.30107632303,0.296080115490063,0.17466515049337,0.126477212394301,25.4051387173863,25.0501671388997,25.1954801929466,0,1.2084875,"filled",26,"2019"
2019-01-27,NA,70.9404655656135,31.9057353361409,3.63848618689568,69.9950923038542,18.7957743833067,14.6128068849706,23.9448723761545,1.49181100331317,340.30107632303,0.296080115490063,0.17466515049337,0.126477212394301,25.4051387173863,25.0501671388997,25.1954801929466,0,1.09034166666667,"filled",27,"2019"
2019-01-28,NA,70.9404655656135,31.9057353361409,3.63848618689568,69.9950923038542,18.7957743833067,14.6128068849706,23.9448723761545,1.49181100331317,340.30107632303,0.296080115490063,0.17466515049337,0.126477212394301,25.4051387173863,25.0501671388997,25.1954801929466,0,0.993410416666667,"filled",28,"2019"
2019-01-29,NA,70.9404655656135,31.9057353361409,3.63848618689568,69.9950923038542,18.7957743833067,14.6128068849706,23.9448723761545,1.49181100331317,340.30107632303,0.296080115490063,0.17466515049337,0.126477212394301,25.4051387173863,25.0501671388997,25.1954801929466,0,0.903831666666667,"filled",29,"2019"
2019-01-30,NA,70.9404655656135,31.9057353361409,3.63848618689568,69.9950923038542,18.7957743833067,14.6128068849706,23.9448723761545,1.49181100331317,340.30107632303,0.296080115490063,0.17466515049337,0.126477212394301,25.4051387173863,25.0501671388997,25.1954801929466,0,0.81425125,"filled",30,"2019"
2019-01-31,NA,70.9404655656135,31.9057353361409,3.63848618689568,69.9950923038542,18.7957743833067,14.6128068849706,23.9448723761545,1.49181100331317,340.30107632303,0.296080115490063,0.17466515049337,0.126477212394301,25.4051387173863,25.0501671388997,25.1954801929466,0,0.724670208333333,"filled",31,"2019"
2019-02-01,-0.165299476190476,93.5396176190476,27.92252,4.55319523809524,49.128965,22.6314761904762,17.9570000000001,26.573,0,452.510777777778,0.255713047619048,0.238612142857143,0.085715919047619,27.4975238095238,28.9365714285714,33.1308571428571,0.744629291666667,0.734097708333333,"actual",32,"2019"
2019-02-02,0.06807475,82.0054453191489,32.9297865416667,3.51996970833333,61.737224137931,20.5333958333333,12.886,28.074,0,425.106142857143,0.256221458333333,0.235900708333333,0.0819262416666667,27.5040208333333,28.4467291666667,29.4771666666667,1.37312687083333,0.6362675,"actual",33,"2019"
2019-02-03,0.4848844,9.16568491,4.60671624,1.4992489,58.83825,16.5829,13.777,23.03,0,179.78535,0.2574533,0.23373665,0.077281665,27.51015,28.37585,25.1722,0.134428695833333,0.52497875,"actual",34,"2019"
2019-02-04,NA,70.9404655656135,31.9057353361409,3.63848618689568,69.9950923038542,18.7957743833067,14.6128068849706,23.9448723761545,1.49181100331317,340.30107632303,0.296080115490063,0.17466515049337,0.126477212394301,25.4051387173863,25.0501671388997,25.1954801929466,0,0.564051458333333,"filled",35,"2019"
2019-02-05,NA,70.9404655656135,31.9057353361409,3.63848618689568,69.9950923038542,18.7957743833067,14.6128068849706,23.9448723761545,1.49181100331317,340.30107632303,0.296080115490063,0.17466515049337,0.126477212394301,25.4051387173863,25.0501671388997,25.1954801929466,0,0.589540416666667,"filled",36,"2019"
2019-02-06,NA,70.9404655656135,31.9057353361409,3.63848618689568,69.9950923038542,18.7957743833067,14.6128068849706,23.9448723761545,1.49181100331317,340.30107632303,0.296080115490063,0.17466515049337,0.126477212394301,25.4051387173863,25.0501671388997,25.1954801929466,0,0.613331041666667,"filled",37,"2019"
2019-02-07,NA,70.9404655656135,31.9057353361409,3.63848618689568,69.9950923038542,18.7957743833067,14.6128068849706,23.9448723761545,1.49181100331317,340.30107632303,0.296080115490063,0.17466515049337,0.126477212394301,25.4051387173863,25.0501671388997,25.1954801929466,0,0.63964,"filled",38,"2019"
2019-02-08,NA,70.9404655656135,31.9057353361409,3.63848618689568,69.9950923038542,18.7957743833067,14.6128068849706,23.9448723761545,1.49181100331317,340.30107632303,0.296080115490063,0.17466515049337,0.126477212394301,25.4051387173863,25.0501671388997,25.1954801929466,0,0.668543958333333,"filled",39,"2019"
2019-02-09,NA,70.9404655656135,31.9057353361409,3.63848618689568,69.9950923038542,18.7957743833067,14.6128068849706,23.9448723761545,1.49181100331317,340.30107632303,0.296080115490063,0.17466515049337,0.126477212394301,25.4051387173863,25.0501671388997,25.1954801929466,0,0.703432916666667,"filled",40,"2019"
2019-02-10,-0.7897152,154.62836,19.5429056933333,6.261717,57.2227307692308,21.5247,16.898,25.442,0,433.521642105263,0.2465111,0.2198955,0.0758566733333333,27.7996,27.9128666666667,30.5606666666667,1.20879817291667,0.790784375,"actual",41,"2019"
2019-02-11,0.151994282222222,96.1066406,17.3734888666667,4.09710098,63.7257447368421,20.0678888888889,13.711,27.334,0,423.163,0.247125377777778,0.218980977777778,0.07412124,27.7987111111111,27.9132,28.9409111111111,1.26552683333333,0.979889375,"actual",42,"2019"
2019-02-12,-0.0439032916666667,97.36102625,11.9808628333333,4.22884302083333,60.4443348837209,19.5489375,13.419,26.115,0,421.274223809524,0.2463265625,0.218027729166667,0.0734117395833333,27.7960833333333,28.0722708333333,28.9500416666667,1.26899885625,1.076665,"actual",43,"2019"
2019-02-13,-0.115936354166667,94.3825886666667,8.2411625,4.20858266666667,61.8069465116279,19.0293125,13.44,26.075,0,421.51551,0.24653925,0.216318479166667,0.07199859375,27.7985208333333,27.7088125,28.0115208333333,1.35314327708333,1.35902291666667,"actual",44,"2019"
2019-02-14,-0.0193956458333333,89.3256689583333,8.36851722291667,4.05367958333333,63.5208936170213,19.5836875,14.335,25.676,0,391.370242857143,0.244076416666667,0.214738208333333,0.0711701416666667,27.7936041666667,27.542875,28.3846041666667,1.6322505125,1.93060625,"actual",45,"2019"
2019-02-15,-0.0922180958333333,96.1413990625,11.8568713125,3.9977176875,64.4793756097561,21.042125,14.824,27.389,0,401.3515,0.242996333333333,0.214158520833333,0.0716196291666667,27.7804791666667,27.9538958333333,29.391,1.71271537916667,2.18838958333333,"actual",46,"2019"
2019-02-16,0.328036382978723,80.5569598297872,9.6140155106383,4.65574042553192,65.7532613636364,21.2791489361702,17.328,26.892,0,330.917825,0.242904978723404,0.213616234042553,0.071497870212766,27.7857872340426,28.5382978723404,29.6945957446809,1.36462856666667,1.91310416666667,"actual",47,"2019"
2019-02-17,-0.0255905541666667,93.2988046041667,10.3465217083333,3.8605215,66.9278,21.534125,16.733,26.8440000000001,0,361.465933181818,0.243595083333333,0.211821583333333,0.0715160916666667,27.8019791666667,28.5717916666667,29.9944166666667,1.315330925,1.64991458333333,"actual",48,"2019"
2019-02-18,0.08131839375,87.6243649583333,10.8792006666667,2.9931098125,63.0283025641026,21.9768333333333,14.022,29.487,0,419.619038095238,0.241517895833333,0.211627375,0.0712560520833333,27.8926458333333,28.9225625,30.7716458333333,1.24407369166667,1.40665770833333,"actual",49,"2019"
2019-02-19,0.14913958125,93.8997345833333,14.2835032291667,3.19889875,61.4267775,21.9607916666667,15.236,29.597,0,395.607568181818,0.242386166666667,0.211260375,0.0713409729166667,27.9959375,29.5095625,31.3570416666667,0.945667729166667,0.974661458333333,"actual",50,"2019"
2019-02-20,0.0204494791666666,104.024252291667,10.4501811458333,4.38353929166667,61.9321568181818,21.3591041666667,16.15,27.524,0,433.979042857143,0.241897791666667,0.210273333333333,0.0698957375,28.2086875,29.5575833333333,30.9296666666667,0.556105679166667,0.417257916666667,"actual",51,"2019"
2019-02-21,1.44058559375,81.5352596666667,48.4581624791667,4.85200375,71.3543761904762,20.4508958333333,16.329,25.874,3.7,403.074648636364,0.241828416666667,0.207844395833333,0.0675854125,28.3083541666667,28.9985833333333,28.8985625,0.46439924375,0.265503333333333,"actual",52,"2019"
2019-02-22,0.110904447916667,93.2501010208333,24.5917208541667,4.3543450625,67.6423065217391,20.3944166666667,15.5700000000001,26.484,0,422.9691,0.242463895833333,0.204895083333333,0.06805069375,28.3097708333333,27.8848541666667,28.1981458333333,0.630273639583333,0.539956875,"actual",53,"2019"
2019-02-23,-0.10927725,88.2685957708333,21.75804125,3.83666329166667,70.9634875,20.6323125,15.604,27.706,0.6,372.269525909091,0.241816625,0.204977145833333,0.0708458354166667,28.2905833333333,28.326625,29.0704166666667,0.77630051875,0.824057916666667,"actual",54,"2019"
2019-02-24,0.492622433333333,69.1538758333333,14.5068143333333,2.8713415625,69.1795409090909,20.3981458333333,15.786,27.763,0,330.131261904762,0.240859604166667,0.203365791666667,0.0710689875,28.1722916666667,28.3209166666667,28.6818125,0.82316143125,1.08776229166667,"actual",55,"2019"
2019-02-25,1.06433452083333,77.9391322083333,40.2109672083333,3.19221204791667,64.7863531914894,21.1887291666667,15.908,27.877,1.7,392.572508181818,0.239339541666667,0.202807645833333,0.0706274645833333,28.0240833333333,28.250375,28.7819375,1.08774923125,1.2777725,"actual",56,"2019"
2019-02-26,0.0573017833333333,86.9253877083333,14.593849,4.68274583333333,57.5538333333333,21.6455,14.892,28.85,0,446.149380952381,0.240682,0.202112875,0.0713600645833333,28.0042083333333,28.2734166666667,29.2873125,1.17900934166667,1.31350229166667,"actual",57,"2019"
2019-02-27,0.08531745625,93.5850137083333,12.5192742291667,3.80340629166667,53.5413957446808,21.0434791666667,13.938,27.471,0,429.456004761905,0.23846625,0.2021904375,0.0708456395833333,28.0016666666667,28.5486458333333,29.6942708333333,1.15590911666667,1.27834270833333,"actual",58,"2019"
2019-02-28,0.144846758333333,90.8218585416667,17.2209716875,4.01912679166667,48.8068377777778,21.3714375,13.543,28.471,0,438.598461904762,0.237461791666667,0.202086145833333,0.07002221875,28.0033333333333,28.7892708333333,29.9807291666667,1.20913078333333,1.31003791666667,"actual",59,"2019"
2019-03-01,0.0383078729166667,90.655792625,12.5470299166667,3.2386139375,57.3654233333333,22.6353125,13.591,30.687,0,430.308428571429,0.236047291666667,0.202290354166667,0.0697645854166667,28.0769791666667,29.1560416666667,30.800875,1.10098381875,1.37058729166667,"actual",60,"2019"
2019-03-02,0.30468384212766,41.6408420583333,12.77097535,2.17229107083333,46.1243644444444,22.722625,15.863,29.74,0,204.260314285714,0.2361221875,0.202241708333333,0.0675506958333333,28.2708541666667,29.2818125,29.454625,0.532195141666667,1.320160625,"actual",61,"2019"
2019-03-03,-2.30625000000054e-05,79.2652433958333,6.13731591304348,3.06686204166667,51.1966093023256,22.9761458333333,16.435,30.633,0.6,380.996755,0.2373131875,0.201456979166667,0.0675881916666667,28.3008333333333,28.9997083333333,30.6470208333333,0.66090564375,1.28549041666667,"actual",62,"2019"
2019-03-04,3.38816151458333,60.8292270625,61.5471762916667,2.40401472916667,64.28975,21.0890625,15.576,27.895,5.1,348.688703181818,0.237288875,0.201195083333333,0.06689444375,28.3052083333333,29.0803333333333,28.7861041666667,0.513463620833333,1.13946979166667,"actual",63,"2019"
2019-03-05,2.84738479166667,59.3312005,93.3990525,3.24435079166667,68.3958652173913,20.77575,15.746,26.895,21.9,444.394615,0.2377041875,0.19809275,0.142867145833333,28.3014375,27.7572291666667,26.7142916666667,0.42285490625,1.08384854166667,"actual",64,"2019"
2019-03-06,2.9482265,62.4967344583333,78.0476113541667,3.19587789583333,52.1331489361702,21.634,14.551,28.62,0,484.636985714286,0.237751395833333,0.197447208333333,0.164005520833333,28.0750625,27.3705625,27.2419791666667,0.1884618875,1.080455625,"actual",65,"2019"
2019-03-07,1.58033015833333,61.8111129416667,68.6745450666667,3.50433439583333,49.9363459459459,22.185125,15.634,29.162,0,470.566447619048,0.238865333333333,0.198245125,0.15931175,27.8764791666667,27.7050833333333,28.0215,0.404795858333333,1.31574416666667,"actual",66,"2019"
2019-03-08,0.141996241666667,71.2322545625,59.692078125,3.36613747916667,50.0686511111111,22.11,14.65,28.631,0,479.441571428571,0.238947229166667,0.198606979166667,0.1502805,27.8029583333333,28.0576041666667,28.6263541666667,1.29935538958333,1.81555208333333,"actual",67,"2019"
2019-03-09,0.276581625,75.880832625,42.492617875,4.0564896875,55.807411627907,21.2541875,15.029,27.897,0,451.689942857143,0.239383333333333,0.199321166666667,0.137951583333333,27.8032708333333,28.2961875,28.2766875,1.83996651666667,1.87906458333333,"actual",68,"2019"
2019-03-10,-0.3222105,75.137755625,43.3162759729167,4.49304854166667,57.3787659090909,21.1657291666667,15.114,27.803,0,457.53969047619,0.238936833333333,0.199373208333333,0.125920625,27.80525,28.1400833333333,28.2430833333333,1.80384207916667,1.55040625,"actual",69,"2019"
2019-03-11,-0.189980208333333,79.6229132916667,32.9081283125,4.115835,57.6279,20.9002708333333,13.909,27.458,0,425.211785714286,0.238917416666667,0.200401333333333,0.1161354375,27.8062291666667,28.2575833333333,28.4350416666667,1.64991532916667,1.25184833333333,"actual",70,"2019"
2019-03-12,0.65362440125,83.4511301041667,29.5608564583333,3.94791204166667,58.9943743589744,21.6030208333333,14.709,28.998,0,427.741525909091,0.2383721875,0.201896520833333,0.110238270833333,27.8099583333333,28.4794166666667,29.0639791666667,1.5081889375,1.11000145833333,"actual",71,"2019"
2019-03-13,-0.25621588125,88.1520122083333,23.3895910375,4.8369535,58.14904,21.4231041666667,14.904,28.318,0,412.151890909091,0.237013895833333,0.20249375,0.105926354166667,27.9211458333333,28.76125,29.048625,1.39049179375,0.994275208333333,"actual",72,"2019"
2019-03-14,-0.00479581249999999,88.9929039583333,14.6105949583333,4.48583145833333,66.5499266666667,19.8168958333333,15.383,25.889,0,417.68191,0.237045854166667,0.202136083333333,0.102034758333333,27.997125,28.5252916666667,28.38875,1.26880447916667,0.911885,"actual",73,"2019"
2019-03-15,-0.0327717916666667,102.510059354167,15.3466133958333,4.24831747916667,63.3193761904762,20.595375,14.816,26.717,0,453.150328571429,0.237343416666667,0.201755729166667,0.09897448125,27.9994791666667,28.358,28.7954375,1.33243712083333,1.05573041666667,"actual",74,"2019"
2019-03-16,0.1998739125,77.255148125,13.8490984791667,3.514262,64.33568,20.7075625,15.083,26.86,0,386.2703,0.237786833333333,0.20195075,0.0957430395833333,28.0000416666667,28.6306875,29.058875,1.17894719583333,1.31664791666667,"actual",75,"2019"
2019-03-17,-0.506910193548387,119.268130322581,17.5440751612903,3.19513729032258,62.7038266666667,20.7195161290323,14.788,28.05,0,510.6816,0.237381709677419,0.201840838709677,0.0913677322580645,28.004,28.364064516129,27.5618387096774,1.28486548125,1.9537875,"actual",76,"2019"
2019-03-18,NA,49.2066557386306,66.4216633396401,3.46585483308828,79.6550520323853,18.7957743833067,14.6128068849706,23.9448723761545,1.49181100331317,352.057818580679,0.308238172987861,0.304789101547781,0.213042410656972,24.5755250238749,23.7732113779318,23.7549891807109,0,1.84782916666667,"filled",77,"2019"
2019-03-19,NA,49.2066557386306,66.4216633396401,3.46585483308828,79.6550520323853,18.7957743833067,14.6128068849706,23.9448723761545,1.49181100331317,352.057818580679,0.308238172987861,0.304789101547781,0.213042410656972,24.5755250238749,23.7732113779318,23.7549891807109,0,1.71475208333333,"filled",78,"2019"
2019-03-20,NA,49.2066557386306,66.4216633396401,3.46585483308828,79.6550520323853,18.7957743833067,14.6128068849706,23.9448723761545,1.49181100331317,352.057818580679,0.308238172987861,0.304789101547781,0.213042410656972,24.5755250238749,23.7732113779318,23.7549891807109,0,1.57822291666667,"filled",79,"2019"
2019-03-21,NA,49.2066557386306,66.4216633396401,3.46585483308828,79.6550520323853,18.7957743833067,14.6128068849706,23.9448723761545,1.49181100331317,352.057818580679,0.308238172987861,0.304789101547781,0.213042410656972,24.5755250238749,23.7732113779318,23.7549891807109,0,1.44356458333333,"filled",80,"2019"
2019-03-22,NA,49.2066557386306,66.4216633396401,3.46585483308828,79.6550520323853,18.7957743833067,14.6128068849706,23.9448723761545,1.49181100331317,352.057818580679,0.308238172987861,0.304789101547781,0.213042410656972,24.5755250238749,23.7732113779318,23.7549891807109,0,1.30849375,"filled",81,"2019"
2019-03-23,-0.559858032258065,149.163640967742,11.240731483871,5.01157935483871,47.8190285714286,23.6156774193548,18.955,27.308,0,440.02012,0.236427903225806,0.201189225806452,0.0794548419354839,28.6046129032258,29.2089032258065,31.4802580645161,1.12782287291667,1.29629791666667,"actual",82,"2019"
2019-03-24,0.3619535625,88.8098396666667,10.8440499395833,3.57322,59.3824695652174,21.3359166666667,16.179,27.518,0,370.365446818182,0.237798604166667,0.2017610625,0.0776430604166667,28.6333125,29.4477083333333,30.1867083333333,0.971835395833333,1.05252375,"actual",83,"2019"
2019-03-25,0.206244216666667,78.8878754166667,11.246770875,2.81661777083333,60.7755944444444,21.8654375,14.937,29.243,0,400.424455,0.237324395833333,0.2010520625,0.0766339166666667,28.8125625,29.6772916666667,30.7441666666667,0.876167695833333,0.933846875,"actual",84,"2019"
2019-03-26,0.363898708333333,90.04446875,13.1796915625,3.26286166666667,58.623895,22.598,15.764,30.185,0,397.291961904762,0.235244354166667,0.201139958333333,0.0757863458333333,28.896375,30.1101041666667,31.4834166666667,0.91500660625,0.990936666666667,"actual",85,"2019"
2019-03-27,0.081195575,89.194999375,7.52261335416667,3.97026291666667,56.1782688888889,22.12325,16.247,28.072,0,379.648357142857,0.235793041666667,0.200845854166667,0.0739055520833333,28.9626875,30.3065625,31.05325,0.908877945833333,1.02350833333333,"actual",86,"2019"
2019-03-28,0.0376768229166667,100.596825416667,7.12501577083333,4.078351875,61.9517886363636,21.2378958333333,15.86,27.26,0,375.701738095238,0.236022895833333,0.199275708333333,0.0724534791666667,29.1813125,30.1415416666667,31.1730416666667,0.936322977083333,1.06044895833333,"actual",87,"2019"
2019-03-29,0.07697659375,91.4764783333333,6.3618830625,3.712643125,61.14076,22.0612083333333,16.532,28.375,0,350.253852380952,0.2361643125,0.1994176875,0.0717878083333333,29.2008125,30.3800833333333,31.3685625,0.918583570833333,1.11624270833333,"actual",88,"2019"
2019-03-30,-0.451258604166667,81.1243471875,9.887292625,4.2396075,60.59025,22.1047708333333,16.447,27.581,4.7,336.7348,0.2362385,0.198310125,0.0696810354166667,29.2317083333333,30.0937291666667,30.5623541666667,0.8864412875,1.07708895833333,"actual",89,"2019"
2019-03-31,2.78219460416667,65.15984375,59.7986369375,3.9944371875,63.6490697674419,21.9968125,15.705,28.746,0.1,397.856642857143,0.234031979166667,0.1962951875,0.06824096875,29.2855,29.4278541666667,28.8103125,0.999903352083333,1.0321525,"actual",90,"2019"
2019-04-01,0.547923125,83.8537527083333,23.7679028541667,4.29853104166667,62.9923854166667,21.96425,16.225,28.242,0,386.574280952381,0.23521525,0.195417354166667,0.0710729208333333,29.198875,28.8373125,28.7890416666667,0.972795875,0.98956375,"actual",91,"2019"
2019-04-02,0.215990352083333,81.0290952916667,12.490207,3.597041875,59.3008958333333,22.1646875,16.706,28.482,0,387.73682,0.235774958333333,0.195648604166667,0.072322225,29.041875,29.0229166666667,29.4824583333333,0.9303976125,0.956052083333333,"actual",92,"2019"
2019-04-03,0.0398776666666667,91.0561302083333,12.3941109574468,3.63271177083333,61.1870854166667,22.4182083333333,16.14,28.602,0,405.30838,0.2350221875,0.195880520833333,0.0738638833333333,28.9037083333333,29.5351041666667,30.5016666666667,0.9683218,0.924235833333333,"actual",93,"2019"
2019-04-04,0.199321091666667,90.8610317916667,6.0057971875,4.41003125,69.38674375,21.6673125,16.927,27.451,0,348.146550952381,0.235128145833333,0.1955435,0.072255825,28.9737083333333,29.7231666666667,30.2033333333333,0.90753274375,0.856136666666667,"actual",94,"2019"
2019-04-05,0.190086291666667,81.3909061666667,5.38006709791667,4.75331979166667,66.7503104166667,21.2981041666667,16.462,26.717,0,311.942913636364,0.23526175,0.194151416666667,0.0702248791666667,29.1786041666667,29.2617291666667,29.1885208333333,0.855208039583333,0.803467708333333,"actual",95,"2019"
2019-04-06,0.418982270833333,90.2676650416667,8.435227625,5.04979145833333,63.6559041666667,21.2603541666667,15.94,27.21,0,340.133390909091,0.234265958333333,0.192036125,0.0690756958333333,29.1208541666667,28.7792291666667,28.9553333333333,0.904410625,0.76292375,"actual",96,"2019"
2019-04-07,0.209624,91.5474945833333,5.72757933333333,4.16110333333333,61.16668125,21.538375,16.296,27.531,0,380.6682,0.232290270833333,0.191618083333333,0.0687027770833333,28.9063125,28.9461041666667,29.536,0.9199182625,0.731401041666667,"actual",97,"2019"
2019-04-08,-0.130054703125,80.9794373958333,6.08164460416667,2.9282715,54.36288125,22.0760416666667,15.119,29.024,0,433.559422222222,0.2330055625,0.192197958333333,0.0685152770833333,28.900375,29.3131041666667,30.314125,0.92280234375,0.707035833333333,"actual",98,"2019"
2019-04-09,0.607638555555556,-8.03825844444444,-14.9602988888889,3.01184777777778,81.5876222222222,18.6787777777778,17.777,19.794,0,352.057818580679,0.234033444444444,0.192755555555556,0.0667148111111111,28.9007777777778,30.3408888888889,28.4381111111111,0,0.600206458333333,"filled",99,"2019"
2019-04-10,NA,49.2066557386306,66.4216633396401,3.46585483308828,79.6550520323853,18.7957743833067,14.6128068849706,23.9448723761545,1.49181100331317,352.057818580679,0.308238172987861,0.304789101547781,0.213042410656972,24.5755250238749,23.7732113779318,23.7549891807109,0,0.566642083333333,"filled",100,"2019"
2019-04-11,NA,49.2066557386306,66.4216633396401,3.46585483308828,79.6550520323853,18.7957743833067,14.6128068849706,23.9448723761545,1.49181100331317,352.057818580679,0.308238172987861,0.304789101547781,0.213042410656972,24.5755250238749,23.7732113779318,23.7549891807109,0,0.526755,"filled",101,"2019"
2019-04-12,NA,49.2066557386306,66.4216633396401,3.46585483308828,79.6550520323853,18.7957743833067,14.6128068849706,23.9448723761545,1.49181100331317,352.057818580679,0.308238172987861,0.304789101547781,0.213042410656972,24.5755250238749,23.7732113779318,23.7549891807109,0,0.492736458333333,"filled",102,"2019"
2019-04-13,NA,49.2066557386306,66.4216633396401,3.46585483308828,79.6550520323853,18.7957743833067,14.6128068849706,23.9448723761545,1.49181100331317,352.057818580679,0.308238172987861,0.304789101547781,0.213042410656972,24.5755250238749,23.7732113779318,23.7549891807109,0,0.459878541666667,"filled",103,"2019"
2019-04-14,NA,49.2066557386306,66.4216633396401,3.46585483308828,79.6550520323853,18.7957743833067,14.6128068849706,23.9448723761545,1.49181100331317,352.057818580679,0.308238172987861,0.304789101547781,0.213042410656972,24.5755250238749,23.7732113779318,23.7549891807109,0,0.423787083333333,"filled",104,"2019"
2019-04-15,NA,49.2066557386306,66.4216633396401,3.46585483308828,79.6550520323853,18.7957743833067,14.6128068849706,23.9448723761545,1.49181100331317,352.057818580679,0.308238172987861,0.304789101547781,0.213042410656972,24.5755250238749,23.7732113779318,23.7549891807109,0,0.382820416666667,"filled",105,"2019"
2019-04-16,NA,49.2066557386306,66.4216633396401,3.46585483308828,79.6550520323853,18.7957743833067,14.6128068849706,23.9448723761545,1.49181100331317,352.057818580679,0.308238172987861,0.304789101547781,0.213042410656972,24.5755250238749,23.7732113779318,23.7549891807109,0,0.342510625,"filled",106,"2019"
2019-04-17,0.096308,42.80367,2.34760158823529,4.37828352941176,36.0363882352941,24.3777647058824,20.088,28.404,0,255.72358,0.232777882352941,0.190169,0.0656946,29.2228235294118,30.6971176470588,34.3132352941176,0.170438475,0.325321666666667,"actual",107,"2019"
2019-04-18,-0.04354086875,65.851897,6.63022175,3.52796110416667,56.36131875,22.1140208333333,15.591,28.47,0,305.384761904762,0.232732083333333,0.188607583333333,0.0614757166666667,29.3596875,29.8813541666667,30.0914166666667,0.814704833333333,0.300941875,"actual",108,"2019"
2019-04-19,0.248878566666667,66.6368695833333,5.41745660416667,4.07214127083333,62.4184708333333,22.1249166666667,16.34,28.114,0,304.272547619048,0.2324226875,0.187773041666667,0.0606666645833333,29.4563958333333,29.5777083333333,29.9243541666667,1.14159172916667,0.987071458333333,"actual",109,"2019"
2019-04-20,0.103448319148936,57.9669876170213,4.11116082978723,3.20301304255319,64.0783446808511,22.5351063829787,16.668,28.873,0,267.050063333333,0.230255234042553,0.18786229787234,0.0610398638297872,29.3454468085106,29.6619361702128,30.3366382978723,1.18073956041667,1.7933875,"actual",110,"2019"
2019-04-21,0.0589211875,61.2122498875,12.5461251041667,3.25074164583333,68.8379041666667,21.6944791666667,16.647,28.78,0.9,256.672993809524,0.2294180625,0.187023520833333,0.0600672666666667,29.2739583333333,29.66275,29.982125,1.2524687,2.15132083333333,"actual",111,"2019"
2019-04-22,1.242528975,38.5254594375,43.5132420833333,2.25019410416667,73.386475,20.9903333333333,16.398,26.624,7.4,254.239504545455,0.229427145833333,0.185006041666667,0.0584061770833333,29.230875,29.0658958333333,27.8819166666667,1.10136145,2.91846875,"actual",112,"2019"
2019-04-23,3.19199704255319,22.3547093958333,50.5938535319149,2.64141597916667,81.7589541666667,19.9552708333333,17.527,24.396,6.5,159.983244761905,0.231801375,0.181668833333333,0.0572879375,29.1740416666667,27.3367916666667,24.4578541666667,0.65162265,3.78228958333333,"actual",113,"2019"
2019-04-24,5.65944269047619,28.3609115979167,93.3130418181818,3.06380189583333,80.44243125,19.8623958333333,15.875,26.738,29,351.424038421053,0.227412041666667,0.179998416666667,0.17028269375,28.784375,25.8856875,23.4803541666667,0.885165114583333,4.39743958333333,"actual",114,"2019"
2019-04-25,4.525270625,17.2446737916667,56.93454,2.80728779166667,86.3351541666667,19.9985,17.28,24.687,0,191.897908695652,0.226100875,0.179005479166667,0.219936520833333,28.254375,25.3803125,23.0784166666667,0.926324920833333,4.51501458333333,"actual",115,"2019"
2019-04-26,2.4145185,36.0341444583333,96.2379282619048,3.25605927083333,84.50089375,20.1343958333333,16.782,24.42,11.2,372.534094090909,0.2249704375,0.178390020833333,0.226817875,27.8305625,25.0317291666667,23.8377708333333,1.479348675,4.64557708333333,"actual",116,"2019"
2019-04-27,3.54915737142857,22.6829062191489,107.585221944444,2.08826606382979,79.9340212765957,19.9273191489362,15.206,25.022,19.7106382978723,334.21000952381,0.223734468085106,0.178245531914894,0.253594468085106,27.378914893617,25.1108936170213,23.8352553191489,1.38815903541667,4.7054625,"actual",117,"2019"
2019-04-28,2.76899780487805,29.4465256585366,88.4461208780488,3.03223814634146,78.8778487804878,20.5229756097561,16.436,26.209,0,440.94682,0.223364609756098,0.178331097560976,0.235139585365854,27.1034146341463,25.359,25.1472926829268,1.31039684375,4.60700208333333,"actual",118,"2019"
2019-04-29,2.59498039583333,43.047148125,95.8655279166667,3.63998597916667,78.6112479166667,20.5579375,16.428,25.086,0.8,391.879417391304,0.222672208333333,0.179304354166667,0.213424229166667,26.89475,25.7893333333333,25.34775,2.440096725,3.93876875,"actual",119,"2019"
2019-04-30,1.68938845833333,36.1380786875,83.4742016666667,3.77123922916667,80.9994958333333,19.6418125,16.096,24.671,1.2,352.329470869565,0.222734729166667,0.179258354166667,0.199406895833333,26.8226458333333,25.6522708333333,24.7320208333333,2.75553189791667,3.14573541666667,"actual",120,"2019"
2019-05-01,-0.72772312826087,41.3295673352174,83.6424995,3.08845863043478,72.8945630434783,20.0180652173913,16.104,25.729,0,430.248449047619,0.223518043478261,0.179604326086957,0.190501456521739,26.7031521739131,25.6338695652174,25.448152173913,3.76541272708333,2.71855,"actual",121,"2019"
2019-05-02,-2.4935965,35.197361875,81.1948847083333,2.83272533333333,70.8732729166667,20.3390833333333,15.327,26.282,0,422.019723809524,0.223926458333333,0.180765916666667,0.179722270833333,26.6930208333333,25.9300416666667,25.6574583333333,4.38076704166667,2.50891666666667,"actual",122,"2019"
2019-05-03,-1.09482508333333,28.733117125,56.1181919375,3.292118375,76.4835041666667,20.2614166666667,16.683,24.943,0,313.684357142857,0.221955854166667,0.1810135625,0.167855833333333,26.6906666666667,26.2132291666667,25.7131875,4.17760791666667,2.4688625,"actual",123,"2019"
2019-05-04,-1.3180344375,33.7191504166667,47.3544134791667,3.67864097916667,78.4692604166667,19.6507708333333,16.254,23.977,0,281.234753181818,0.221705333333333,0.180446625,0.155446625,26.6944583333333,25.8879791666667,24.9552916666667,4.20124522916667,2.183675,"actual",124,"2019"
2019-05-05,-1.58679335416667,39.3198995625,51.6642358333333,3.515735625,76.95896875,19.9916666666667,16.257,25.276,0,320.516095238095,0.221406729166667,0.1804774375,0.145231020833333,26.681,25.7236458333333,25.2247708333333,3.94552092083333,1.84127708333333,"actual",125,"2019"
2019-05-06,-1.92069314583333,33.4048605520833,78.1435370833333,3.2286325625,78.4238979166667,19.8078958333333,16.156,24.771,1.6,372.298780952381,0.221464541666667,0.18174075,0.13630875,26.4727083333333,25.9102708333333,25.3778541666667,4.0169433625,1.58848333333333,"actual",126,"2019"
2019-05-07,-1.25351435416667,46.13103875,47.6416253958333,3.68902008333333,78.0137375,19.737625,15.9450000000001,25.124,0,353.408622727273,0.221829875,0.182214020833333,0.128742979166667,26.4319791666667,25.7739166666667,25.0766458333333,3.75411680416667,1.48777708333333,"actual",127,"2019"
2019-05-08,-1.1932578125,49.1083205666667,46.8758250416667,3.74333927083333,73.4364,20.2019791666667,16.086,24.847,0,349.119808095238,0.223506229166667,0.183374333333333,0.122833333333333,26.4037291666667,26.0350208333333,25.7804791666667,3.60586189583333,1.30867520833333,"actual",128,"2019"
2019-05-09,-1.26861467708333,40.7225660708333,39.6083293541667,2.905691125,75.37598125,19.6553541666667,15.221,24.504,0,308.710680952381,0.223260125,0.1847498125,0.116863020833333,26.4106041666667,26.2389583333333,25.8805625,3.09359602083333,0.924958958333333,"actual",129,"2019"
2019-05-10,-1.56731508510638,36.4160148085106,36.2780900425532,3.90818,78.3761723404255,19.6277021276596,16.076,24.924,0,271.542577619048,0.223424425531915,0.184615723404255,0.113053829787234,26.5393617021277,26.1108723404255,25.3618723404255,2.83622670833333,0.641212708333333,"actual",130,"2019"
2019-05-11,-1.1597445,49.1915495416667,40.0861985416667,4.25032541666667,75.6855708333333,19.495125,15.702,24.83,0,311.758474090909,0.223370083333333,0.183958416666667,0.109654791666667,26.5949583333333,26.0432291666667,25.6615416666667,3.06098018125,0.398936666666667,"actual",131,"2019"
2019-05-12,-1.04606002291667,40.8094297397917,44.23360710625,3.47391104166667,78.1294416666667,19.3800833333333,16.015,24.63,0.2,289.6899,0.225443020833333,0.184163270833333,0.1062006875,26.5877708333333,25.9816458333333,25.2806458333333,2.72191686041667,0.231742083333333,"actual",132,"2019"
2019-05-13,-1.28737547916667,46.0322281666667,28.66452165,3.70164504166667,77.6552083333333,19.5861875,14.752,24.367,0,277.790213636364,0.2259381875,0.183997208333333,0.10359794375,26.4789583333333,25.8832291666667,25.3293125,2.70153403958333,0.141587166666667,"actual",133,"2019"
2019-05-14,-0.781713770833333,44.3379554166667,32.0351509291667,3.83853854166667,76.4614479166667,19.574375,15.619,24.855,0,304.153742857143,0.226092375,0.184759791666667,0.100953491666667,26.4085208333333,25.8755208333333,25.5739791666667,2.44592629791667,0.136941645833333,"actual",134,"2019"
2019-05-15,-1.82290325,56.1086633958333,35.0504826820833,3.32190354166667,74.1493979166667,20.1542083333333,15.519,25.831,0,358.398333333333,0.223174958333333,0.185815291666667,0.0996979229166667,26.4028541666667,26.2963541666667,26.6373958333333,2.54279857083333,0.24707625,"actual",135,"2019"
2019-05-16,-1.02521433333333,42.5515060416667,24.1766727083333,3.39527929166667,73.0727583333333,19.66925,14.882,24.329,0,277.467114285714,0.223519479166667,0.186358375,0.0967583625,26.5278125,26.5346041666667,26.012375,2.24280378333333,0.581201875,"actual",136,"2019"
2019-05-17,-0.572956833333333,43.4607266666667,22.3141056083333,3.73371458333333,73.52085,19.6231041666667,14.869,24.798,0,263.574557142857,0.22671675,0.1865278125,0.0944110979166667,26.6948125,26.136375,25.6108333333333,2.19499755416667,1.173284375,"actual",137,"2019"
2019-05-18,-0.428104085106383,31.5044397916667,74.9006929787234,3.819143125,86.3560354166667,18.572375,16.313,22.29,10.7,268.166203181818,0.222348625,0.185231270833333,0.0919395854166667,26.6953333333333,25.6917083333333,23.9454166666667,2.33991432291667,1.584525,"actual",138,"2019"
2019-05-19,0.846053083333333,24.1891800208333,52.7258375,3.17783275625,82.9394479166667,17.6941875,15.029,20.465,0,200.977101363636,0.221138833333333,0.182096479166667,0.0901595895833333,26.4853333333333,24.1867916666667,21.8807708333333,2.17156705,1.84485,"actual",139,"2019"
2019-05-20,0.190256625,36.4798719583333,39.7926169166667,3.24209770833333,78.9417416666667,18.4990833333333,14.182,22.358,0,264.585795238095,0.222499333333333,0.182142583333333,0.092754625,26.2353125,23.67325,22.6818333333333,2.61249675416667,2.43467291666667,"actual",140,"2019"
2019-05-21,-0.491356604166667,37.6164112291667,39.0155918708333,3.24293402083333,75.1969875,18.8907083333333,14.066,24.228,0,319.996095238095,0.222288708333333,0.183382354166667,0.0945401979166667,25.8565208333333,23.9692291666667,23.5553125,3.43554230208333,3.412875,"actual",141,"2019"
2019-05-22,-0.684918104166667,32.2575403541667,24.0035656833333,2.91759164583333,78.1146229166667,18.8420208333333,14.79,24.046,0,226.104857142857,0.220877666666667,0.184195791666667,0.0959678291666667,25.6000416666667,24.2203958333333,23.2752083333333,3.33571806458333,3.52127708333333,"actual",142,"2019"
2019-05-23,-1.55889352083333,29.3795564583333,51.8310261208333,3.51889972916667,82.80585,18.5409166666667,15.494,22.668,0,282.258685,0.221245875,0.183293041666667,0.0957548583333333,25.6,24.0332916666667,22.7646875,3.17729235208333,2.96842083333333,"actual",143,"2019"
2019-05-24,-0.103143119148936,44.0001329787234,68.3652110638298,3.46718385106383,81.125985106383,18.0185106382979,14.764,23.119,0,340.406571428571,0.219675063829787,0.18289870212766,0.0953228361702128,25.4895957446809,23.339,22.1502340425532,3.25199371041667,2.61546458333333,"actual",144,"2019"
2019-05-25,-0.721048220833333,31.2004670833333,43.2290660416667,3.28995875,84.7167854166667,17.952875,15.735,21.958,0,233.682809090909,0.2213689375,0.183040125,0.0966061625,25.2969375,23.437875,22.343875,3.15234461041667,2.59118333333333,"actual",145,"2019"
2019-05-26,-0.206771354166667,31.1250976458333,50.1835329166667,3.7316025,86.2305708333333,17.6929583333333,15.518,21.093,3,211.704703043478,0.222178041666667,0.182579604166667,0.0968130979166667,25.1,23.1332083333333,21.7300416666667,2.97683239166667,2.22895416666667,"actual",146,"2019"
2019-05-27,-1.26217470833333,34.6771736333333,41.100345625,3.29008333333333,77.8986729166667,18.1834375,15.763,22.108,0,251.019645454545,0.219403104166667,0.18237625,0.09750991875,24.9525208333333,22.9047083333333,22.2088958333333,2.751925575,1.55412291666667,"actual",147,"2019"
2019-05-28,-0.47744305625,24.9273736458333,23.5648425125,3.27513264583333,74.9143979166667,17.9347916666667,14.357,21.84,0,201.5107685,0.221450395833333,0.182250104166667,0.0974161416666667,24.8427083333333,22.8303541666667,21.6215208333333,2.02641086666667,1.20887708333333,"actual",148,"2019"
2019-05-29,-0.554154770833333,41.043014888125,27.7772707291667,2.95284327083333,75.89550625,18.4537916666667,15.472,22.574,0,259.819080952381,0.219416666666667,0.18235075,0.09865556875,24.7,23.0033958333333,22.7411666666667,2.2258435625,1.32470208333333,"actual",149,"2019"
2019-05-30,-0.9067965,57.782869375,28.0687736458333,2.69843814583333,73.65801875,18.9796666666667,13.857,24.028,0,343.838628571429,0.219989604166667,0.184583354166667,0.0991006625,24.69975,23.7466875,24.2313541666667,2.58693740833333,1.57877708333333,"actual",150,"2019"
2019-05-31,-0.91976925,32.4539509583333,17.6377782083333,2.15080245833333,74.8825458333333,18.7435625,14.857,23.739,0,203.35889,0.219944458333333,0.185780520833333,0.0973659791666667,24.6997708333333,24.2456458333333,23.769625,2.2220312125,1.92463125,"actual",151,"2019"
2019-06-01,-0.365182413043478,56.7611982173913,29.17881,2.22748554347826,77.9855869565217,19.3585217391304,15.903,26.373,0,332.4836,0.219693543478261,0.186374630434783,0.0986571913043478,24.7092826086957,24.6793913043478,25.5295434782609,2.07329950208333,2.39268958333333,"actual",152,"2019"
2019-06-02,2.63214677777778,39.1214667521739,60.6114599047619,2.35424945652174,89.2487826086956,18.3047826086957,15.863,25.481,23.3739130434783,296.983196111111,0.218413826086957,0.187026239130435,0.174327865217391,24.8887608695652,25.1128043478261,24.0381739130435,1.99941113541667,2.71941458333333,"actual",153,"2019"
2019-06-03,1.41926616666667,29.3153423041667,77.2134739583333,2.29871033333333,84.46294375,18.7852291666667,15.858,23.389,0,319.459012857143,0.219581520833333,0.185209791666667,0.258414791666667,25.0466458333333,23.68875,22.63675,2.6988916375,3.25009583333333,"actual",154,"2019"
2019-06-04,0.327652916666667,25.0633567083333,62.6163708333333,2.62809989583333,77.36229375,18.1222291666667,14.667,22.128,0,243.63907952381,0.219497895833333,0.1848534375,0.230109791666667,24.9004166666667,23.4765833333333,22.3225208333333,2.8383621625,3.58798333333333,"actual",155,"2019"
2019-06-05,1.1620881875,14.6303364583333,33.3837835416667,2.47569,85.5255645833333,16.838125,15.005,19.189,0,118.157837727273,0.217607291666667,0.184304958333333,0.21299025,24.84075,22.6974375,20.7538333333333,2.0086237875,3.29255208333333,"actual",156,"2019"
2019-06-06,1.202222,18.9468398958333,68.9381168,2.47053495833333,85.1160791666667,17.2675625,14.148,21.337,23.8,222.709468181818,0.216671666666667,0.183822541666667,0.235292333333333,24.6072083333333,21.9634375,20.4454791666667,3.10035088541667,2.78007916666667,"actual",157,"2019"
2019-06-07,-0.585932035416667,21.6050483958333,66.586443125,2.58924375,79.3690020833333,17.8826458333333,14.75,21.604,0,247.6343,0.215679895833333,0.183930583333333,0.234089625,24.3014583333333,21.631,20.5323333333333,3.51869965416667,2.6473125,"actual",158,"2019"
2019-06-08,-1.0875748125,28.0374461958333,69.8765472916667,2.96352020833333,75.82795,18.5302083333333,14.923,23.313,0,307.506142857143,0.214142354166667,0.184939604166667,0.21831875,24.0435208333333,21.9634583333333,21.5656041666667,4.11161791666667,3.04051875,"actual",159,"2019"
2019-06-09,0.211328077083333,7.09607525,32.1123183333333,2.65153439583333,86.3896145833333,16.8135,15.649,18.912,0.6,88.1141604761905,0.215063916666667,0.185460375,0.204374895833333,23.9,22.1086041666667,20.2779791666667,1.91935316041667,2.83202291666667,"actual",160,"2019"
2019-06-10,0.3775414375,8.44831445833333,32.6061145833333,2.96372916666667,82.907825,16.0201041666667,14.193,18.698,0,106.717809090909,0.214359,0.183017604166667,0.195250020833333,23.7870416666667,20.7250416666667,18.7697083333333,2.48185356666667,2.70163958333333,"actual",161,"2019"
2019-06-11,-1.5510326875,19.4473229166667,44.9152464583333,2.15105154166667,73.40405,17.124125,13.535,20.823,0,212.600309090909,0.214687770833333,0.183321854166667,0.1905396875,23.5554791666667,20.4717083333333,19.7836875,4.31905947708333,2.74855625,"actual",162,"2019"
2019-06-12,-0.4371350625,14.4128808333333,34.2081320833333,2.0952124375,76.45031875,17.6693541666667,14.323,20.69,0,150.077831818182,0.213145479166667,0.1848845625,0.184053854166667,23.3001875,21.2118333333333,20.6012083333333,3.33856660625,2.50444791666667,"actual",163,"2019"
2019-06-13,-2.09259627083333,24.6306252291667,50.4756111458333,3.20894416666667,74.4357395833333,18.3101875,14.85,22.746,0,260.224359090909,0.2124645,0.185959708333333,0.1753131875,23.2637083333333,21.5504791666667,21.4874791666667,4.75161677708333,2.24804166666667,"actual",164,"2019"
2019-06-14,-2.07541120833333,23.5619895625,37.7501747916667,2.57110710416667,78.2985229166667,17.5058125,14.361,21.767,0,228.40627,0.213288229166667,0.1873270625,0.165198645833333,23.1950416666667,22.0142708333333,21.614875,4.08122271041667,1.83038333333333,"actual",165,"2019"
2019-06-15,-1.92496475,31.306764375,36.059760625,2.68073645833333,78.979925,16.8464791666667,13.837,20.652,0,210.669647619048,0.2142069375,0.187236166666667,0.154800083333333,23.2991666666667,21.933375,21.2455625,4.10034172291667,1.58454583333333,"actual",166,"2019"
2019-06-16,-2.92233120833333,27.5357369229167,50.5058645833333,2.42589289583333,70.30154375,17.9011041666667,13.407,23.496,0,287.125327142857,0.213987479166667,0.188170854166667,0.147596583333333,23.3,22.1589791666667,22.3038125,4.76710360833333,1.6244375,"actual",167,"2019"
2019-06-17,-2.50337689583333,40.5929024583333,57.976798125,2.57689541666667,62.3084375,17.8927083333333,11.911,23.722,0,354.220752380952,0.2132764375,0.188911104166667,0.140229875,23.3,22.9268333333333,23.3248125,5.11266824583333,1.56463125,"actual",168,"2019"
2019-06-18,-1.26582179166667,17.9360654583333,31.1737635625,2.14331452083333,74.3838604166667,16.994125,12.826,21.419,0,185.426095238095,0.214957541666667,0.1897055625,0.130996791666667,23.4111666666667,23.1917916666667,22.4675625,3.44776394583333,1.42666041666667,"actual",169,"2019"
2019-06-19,-2.49866904166667,28.9699189583333,43.1209816458333,2.2623694375,72.7838833333333,18.4121666666667,13.147,24.451,0,306.49289,0.214674979166667,0.189388833333333,0.125314520833333,23.50175,22.9314583333333,22.9771041666667,4.43020377291667,1.48214166666667,"actual",170,"2019"
2019-06-20,-1.80807845833333,33.660378125,37.0721264375,2.63956570833333,74.0301958333333,18.089,13.8,22.918,0,257.465372727273,0.215,0.190438208333333,0.118488854166667,23.6371666666667,23.3754583333333,23.2284166666667,4.07807906041667,1.51059375,"actual",171,"2019"
2019-06-21,-0.314747291666667,17.9065705208333,15.8404442916667,2.70851391666667,83.87914375,16.2775625,13.908,18.737,0,115.718436666667,0.215,0.1899590625,0.1132131875,23.7,23.0344375,21.66625,2.44665420208333,1.60811458333333,"actual",172,"2019"
2019-06-22,-1.28539891666667,48.401797375,36.1092156666667,2.02157127083333,75.9438979166667,18.0735833333333,13.929,23.237,0,289.990281818182,0.215,0.189807333333333,0.1116565625,23.7,22.7242291666667,23.0757708333333,4.18145606875,2.0678125,"actual",173,"2019"
2019-06-23,-1.24133054166667,39.3430278333333,42.0296877916667,2.13325395833333,73.58113125,18.5646458333333,14.168,25.269,0.2,347.622505555556,0.2144811875,0.191664895833333,0.1088186875,23.7,23.9924791666667,24.7579583333333,3.20522704166667,2.15358333333333,"actual",174,"2019"
2019-06-24,-1.069708125,31.8654543125,28.6841735,1.62729579166667,74.7696541666667,18.7083958333333,14.172,24.317,0,234.054976190476,0.214102729166667,0.193419458333333,0.105238229166667,23.8581875,24.3882916666667,24.6944791666667,2.93734249166667,1.818375,"actual",175,"2019"
2019-06-25,-0.268993875,27.3923712916667,15.3131129413333,2.8963001875,80.8668833333333,17.1919583333333,13.191,20.816,0,171.40568,0.215938895833333,0.19373125,0.0998499770833333,24.1458958333333,24.1922291666667,23.4737708333333,2.418183075,1.6778875,"actual",176,"2019"
2019-06-26,-0.567509375,29.2313371458333,17.3056132291667,2.759105625,78.2295354166667,17.5449791666667,14.608,22.725,0,168.889001363636,0.216160416666667,0.1920798125,0.0975882083333333,24.2,23.4035416666667,22.61625,2.46436106875,2.0506875,"actual",177,"2019"
2019-06-27,-0.00876052083333332,25.5465752916667,14.9251085416667,2.66751495833333,76.3589604166667,17.6553958333333,13.548,22.058,0,171.550242857143,0.2164930625,0.192079854166667,0.0952659770833333,24.2,23.1297916666667,22.2847916666667,2.63513379583333,2.352275,"actual",178,"2019"
2019-06-28,-1.14583170833333,38.9526164375,19.9375453333333,2.62090608333333,77.4243104166667,16.9407916666667,13.948,21.807,0,209.476842857143,0.216154145833333,0.1918194375,0.0934618104166667,24.1786041666667,22.8837083333333,22.2922291666667,2.91165258333333,2.51479583333333,"actual",179,"2019"
2019-06-29,-1.09734325,58.4767087916667,30.34538855,2.706890375,69.5754395833333,17.7367708333333,11.849,24.729,0,376.874585,0.214489583333333,0.192008375,0.093184725,23.9061875,23.1269583333333,23.4203333333333,2.95012511458333,2.33120416666667,"actual",180,"2019"
2019-06-30,-0.7660495,45.0402904166667,26.2263483125,2.8343063125,65.0485020833333,17.9322708333333,11.4690000000001,24.609,0,293.814385714286,0.2140243125,0.192892395833333,0.0917284708333333,23.9084166666667,23.9346875,24.0115208333333,2.09511904375,1.64598333333333,"actual",181,"2019"
2019-07-01,-0.577774645833333,58.11615,22.7913234791667,2.76462395833333,67.4680875,18.8141458333333,13.313,24.599,0,355.329,0.215334791666667,0.193128458333333,0.0902951375,24.1563958333333,24.4199166666667,24.9562708333333,1.93232641875,1.167228125,"actual",182,"2019"
2019-07-02,-0.186487166666667,47.7536422291667,19.5336210416667,2.53258435416667,68.4874979166667,18.6834375,12.965,24.501,0,302.972025,0.216401333333333,0.193968770833333,0.0886895729166667,24.3028125,24.9211458333333,25.308125,1.55821526875,0.852053333333333,"actual",183,"2019"
2019-07-03,0.0455397291666667,32.5992760416667,10.6308729533333,2.92565433333333,71.8688041666667,17.9458333333333,14.303,21.357,0,151.543325909091,0.216919395833333,0.193171479166667,0.0856916666666667,24.5201875,24.7689583333333,23.9508541666667,1.0946815375,0.796794791666667,"actual",184,"2019"
2019-07-04,-0.568488604166667,56.3438676041667,22.4544751291667,3.265397625,63.804525,17.8994166666667,12.352,23.86,0,300.312966666667,0.216990270833333,0.192553520833333,0.0836666666666667,24.7,24.0432708333333,23.7334375,1.50680084375,1.081821875,"actual",185,"2019"
2019-07-05,-0.193653726458333,56.65105725,16.11627123125,2.60424329166667,65.30346875,18.4224166666667,12.862,24.563,0,303.342205,0.216021520833333,0.193096520833333,0.0833152770833333,24.7,24.6331875,25.1618958333333,1.41852430416667,1.24088125,"actual",186,"2019"
2019-07-06,0.25592871875,45.3635703054167,10.76571584375,2.77487435416667,73.4235583333333,17.8737708333333,14.635,22.66,0,221.024806190476,0.215792354166667,0.193877020833333,0.0820354125,24.7,24.9525,24.8728958333333,1.22256442083333,1.24636041666667,"actual",187,"2019"
2019-07-07,0.1369818125,39.9818330416667,9.82056261458333,2.81983770833333,71.6822458333333,17.8531458333333,13.704,23.31,0,210.005185714286,0.2155159375,0.193092354166667,0.0788611166666667,24.8190208333333,24.5205,23.9689583333333,1.14953956875,1.17502916666667,"actual",188,"2019"
2019-07-08,-0.269216141041667,57.064429625,17.9747813395833,2.78532270833333,69.6208791666667,18.4377708333333,12.393,24.557,0,293.677283181818,0.216954833333333,0.192346645833333,0.07920263125,24.8810416666667,24.3936666666667,24.5631875,1.24384415,0.980895625,"actual",189,"2019"
2019-07-09,0.151648208333333,59.6383523958333,13.1202879166667,2.75560289583333,67.4897479166667,18.77925,12.942,24.975,0,334.151985,0.217571541666667,0.193952791666667,0.0789902770833333,24.848875,25.0539166666667,25.5887083333333,1.18932584375,1.005313125,"actual",190,"2019"
2019-07-10,-0.0517118125,50.2304506875,10.5223104791667,3.064390625,70.28873125,18.3608125,12.386,24.25,0,254.040912857143,0.2180326875,0.193896520833333,0.0770184416666667,24.9,25.1948541666667,24.797375,1.14604459583333,1.23761520833333,"actual",191,"2019"
2019-07-11,-0.00363957791666665,62.7509840208333,11.4473557916667,3.51876691666667,69.5479604166667,18.57175,13.602,23.861,0,284.967261904762,0.217240270833333,0.193220125,0.0757118041666667,25.011625,24.9074583333333,24.8050833333333,1.21174364375,1.32970833333333,"actual",192,"2019"
2019-07-12,0.0246741458333333,64.1163502916667,11.002907,2.94671960416667,63.2587666666667,19.0319166666667,13.911,24.829,0,324.9871665,0.217554208333333,0.194000645833333,0.0758583291666667,25.0938958333333,25.3062916666667,25.8551458333333,1.08884908958333,1.26803125,"actual",193,"2019"
2019-07-13,0.156302541666667,31.954205625,4.9430029375,2.55320075,71.6965229166667,17.2049166666667,12.312,22.174,0,167.079365,0.218180520833333,0.193092333333333,0.0742423645833333,25.1,25.1503125,24.1360625,0.843020810416667,1.23068270833333,"actual",194,"2019"
2019-07-14,0.326159833333333,54.8069112708333,7.08752229166667,3.414486875,71.47045,17.305375,11.728,22.823,0,244.3946,0.218841708333333,0.191811875,0.0732131875,25.1,24.2906458333333,23.6707083333333,0.993742075,1.40001666666667,"actual",195,"2019"
2019-07-15,0.233540064583333,42.751741125,7.20288752083333,3.2195388125,68.7534395833333,17.3440833333333,12.642,22.767,0,219.15634,0.216185770833333,0.191962395833333,0.0721617333333333,25.0983333333333,24.2726666666667,23.7937708333333,0.912682797916667,1.43082708333333,"actual",196,"2019"
2019-07-16,0.275998895833333,42.873379625,4.70722167375,3.004943125,72.8023229166667,16.3300208333333,12.084,20.609,0,192.5094,0.215007666666667,0.191100875,0.0709019395833333,24.9385208333333,23.8565833333333,22.87825,0.802456485416667,1.26516041666667,"actual",197,"2019"
2019-07-17,0.311220375,37.8253058125,5.60548458333333,3.85165395833333,75.5384125,16.3067708333333,13.613,20.223,0,152.09283,0.215530645833333,0.190460083333333,0.0697187541666667,24.89325,23.3518958333333,22.3389375,0.697040827083333,1.18009166666667,"actual",198,"2019"
2019-07-18,1.29257772045455,55.7317264791667,36.4446588181818,3.34276395833333,67.6945104166667,17.2574791666667,12.942,22.7070000000001,0.8,337.883275,0.215863166666667,0.1895541875,0.0705472208333333,24.703125,23.1551875,23.0595625,0.869141885416667,1.16586666666667,"actual",199,"2019"
2019-07-19,0.225717416666667,56.107875375,6.8598161875,3.52200270833333,73.1547333333333,17.0083125,13.632,21.974,0,248.28551,0.2159506875,0.190154875,0.0708923604166667,24.6113333333333,23.5399583333333,23.2980833333333,0.811462220833333,1.111,"actual",200,"2019"
2019-07-20,0.13707823125,40.230825,7.0178572125,2.32327577083333,72.8644583333333,16.9054583333333,13.073,22.828,0,187.85306,0.2155875625,0.189354895833333,0.07018055625,24.4002291666667,23.4253125,23.0218541666667,0.688898014583333,1.060069375,"actual",201,"2019"
2019-07-21,-0.138106964583333,63.4252579166667,11.4569380416667,2.59961691666667,65.0267375,18.7648125,11.56,25.883,0,320.47490952381,0.2123375,0.189794416666667,0.0707944375,24.4,23.7442291666667,24.43975,1.11252027291667,1.17021770833333,"actual",202,"2019"
2019-07-22,0.1413738125,41.81871875,6.87922390625,2.80083333333333,70.1789979166667,17.1191041666667,13.122,23.377,0,201.965344285714,0.211781458333333,0.190600875,0.0694470104166667,24.4,24.2003958333333,23.7215625,0.887029610416667,1.283675,"actual",203,"2019"
2019-07-23,-0.232480916666667,64.2469432083333,11.3700322083333,2.72780945833333,59.227825,17.7134042553192,10.842,25.248,0,331.386465,0.212161479166667,0.1899978125,0.0698830229166667,24.4060625,23.9647291666667,24.3606666666667,1.12760967708333,1.3171125,"actual",204,"2019"
2019-07-24,0.0622201916666667,50.1455406458333,9.00112984791667,2.32517895833333,59.1449041666667,17.6999166666667,11.235,24.662,0,282.066573684211,0.2135833125,0.191238145833333,0.0692361125,24.5334375,24.6194583333333,24.8560208333333,0.8688250375,1.19589833333333,"actual",205,"2019"
2019-07-25,0.465359616666667,77.2467250638298,9.92628952083333,2.634908375,58.0025604166667,18.2482340425532,11.506,25.806,0,356.65395,0.213034645833333,0.190723916666667,0.0690544041666667,24.680875,24.6729166666667,25.16775,0.952733885416667,1.08924625,"actual",206,"2019"
2019-07-26,-0.0571960270833333,72.0064788333333,9.650676625,3.02421289583333,63.5059458333333,17.2319375,12.009,24.508,0,344.374642105263,0.213616666666667,0.191340208333333,0.0692145875,24.7255208333333,25.1450833333333,25.4097916666667,0.769721754166667,0.935727083333333,"actual",207,"2019"
2019-07-27,0.0598912145833333,58.730304375,6.3045069375,2.89988764583333,65.20530625,16.3734583333333,10.473,23.417,0,277.1727,0.215690291666667,0.190586791666667,0.067521525,24.8967708333333,24.8694375,24.3440208333333,0.604697558333333,0.793019791666667,"actual",208,"2019"
2019-07-28,0.117982208333333,46.0161510208333,3.86361628958333,2.58314414583333,66.7054291666667,16.8614583333333,11.642,22.3200000000001,0,223.747555,0.215641729166667,0.18962575,0.0659888833333333,24.9,24.4715,23.913125,0.443853439583333,0.686262083333333,"actual",209,"2019"
2019-07-29,0.0524970208333333,54.0303345833333,0.969162897083333,2.68786483333333,66.4749833333333,17.9211875,12.384,22.828,0,252.047173684211,0.214106208333333,0.189074979166667,0.065584025,24.9,24.4074166666667,24.4489375,0.354115325,0.584902291666667,"actual",210,"2019"
2019-07-30,0.4491808994375,31.9267172458333,4.00787064,2.56061270833333,74.3579708333333,16.9489375,13.023,20.796,0,139.866163157895,0.214018,0.189309666666667,0.06471596875,24.9,24.3320625,23.6647083333333,0.1490841125,0.450348541666667,"actual",211,"2019"
2019-07-31,2.69094654166667,22.2538329166667,26.1356322708333,2.7464795,75.50860625,17.8507916666667,14.644,22.221,5.5,137.035855,0.2146030625,0.188653041666667,0.06399408125,24.8998125,23.8872916666667,23.1089791666667,0.11094851875,0.495227291666667,"actual",212,"2019"
2019-08-01,1.773491125,39.3922160416667,47.6240999791667,3.36230579166667,68.8028208333333,19.0372291666667,13.918,25.13,0,337.480935,0.215577791666667,0.187268020833333,0.06427846875,24.7674375,23.2876666666667,23.0192083333333,0.1513628,0.720948125,"actual",213,"2019"
2019-08-02,1.398936125,40.4405477083333,15.8379864375,3.225756,76.7285791666667,17.4298958333333,11.769,23.224,0,242.455152380952,0.215112520833333,0.187272208333333,0.0655548625,24.68975,23.1806666666667,22.082,0.239982883333333,0.828659583333333,"actual",214,"2019"
2019-08-03,0.257943516666667,70.0329776627907,53.2383318604651,3.89131311111111,74.7533266666667,17.7423555555556,13.265,22.951,2.24,386.33277,0.212825888888889,0.186960711111111,0.0674881555555556,24.4034222222222,23.2547111111111,23.2671111111111,0.497362616666667,0.953585,"actual",215,"2019"
2019-08-04,0.351861979166667,71.902009875,28.5997351458333,3.26035185416667,64.3130979166667,17.6377916666667,11.114,24.331,0,401.775604761905,0.212864604166667,0.186952083333333,0.06946180625,24.3936875,23.3034166666667,23.129625,0.646061895833333,1.08025958333333,"actual",216,"2019"
2019-08-05,0.0599208416666667,70.6262290833333,20.0141408958333,2.69089777083333,65.5317145833333,18.2525416666667,11.1950000000001,25.792,0,379.66540952381,0.2158291875,0.188801354166667,0.0723104145833333,24.3082083333333,24.103625,24.7157708333333,0.83831528125,1.23222958333333,"actual",217,"2019"
2019-08-06,-0.0695260770833333,67.1069022352083,16.19697,2.6763170625,61.3514354166667,19.2408125,10.892,27.046,0,347.97833,0.2162283125,0.19019075,0.0735017875,24.3961041666667,24.8985625,25.5846875,0.838106472916667,1.33463708333333,"actual",218,"2019"
2019-08-07,0.417164972916667,59.624576875,4.853754375,3.74171083333333,72.4797479166667,18.7878333333333,15.689,23.916,0,276.47165,0.216016895833333,0.190911875,0.07358960625,24.60375,25.3516458333333,25.468375,0.73735229375,1.2787,"actual",219,"2019"
2019-08-08,0.252268610416667,69.6895303958333,8.25371552083333,3.606574375,70.4290479166667,18.1988333333333,13.836,23.436,0,336.175165,0.216613208333333,0.19057225,0.0716840291666667,24.8105,25.1262916666667,25.2725625,0.791940597916667,1.22194583333333,"actual",220,"2019"
2019-08-09,-0.0166238875,84.84730966875,2.45896529787234,2.8067438125,71.68610625,17.1789791666667,11.212,22.865,0,342.06812047619,0.216653416666667,0.190185416666667,0.0706597291666667,24.9,25.1150416666667,25.0921041666667,0.854341679166667,1.14572791666667,"actual",221,"2019"
2019-08-10,0.335805195833333,55.1983745208333,4.41925683333333,3.00902964583333,64.4782208333333,17.017375,11.508,22.784,0,255.1495,0.216640229166667,0.189625708333333,0.0686034770833333,24.9505208333333,24.8544375,24.1758541666667,0.709175727083333,1.1135075,"actual",222,"2019"
2019-08-11,0.523035010416667,39.2469314583333,3.49088766666667,3.17038125,70.6869375,16.21925,13.916,20.347,0,164.021904761905,0.2163933125,0.1892806875,0.067072375,24.9519166666667,24.2672291666667,23.1787708333333,0.520909935416667,1.04811854166667,"actual",223,"2019"
2019-08-12,0.169429245833333,67.726520125,3.70987525,2.96549104166667,67.3292854166667,16.5711458333333,11.912,22.013,0,293.302942857143,0.213332791666667,0.187728291666667,0.0665003625,24.9001458333333,23.7252083333333,23.5802708333333,0.727768747916667,1.04230854166667,"actual",224,"2019"
2019-08-13,0.12461225,73.0455422916667,5.01285702083333,3.31040304166667,66.2647479166667,17.5343958333333,13.12,24.092,0,316.048057142857,0.2142764375,0.1882145,0.0669097229166667,24.8117291666667,24.3605833333333,24.8505208333333,0.731277560416667,1.06246458333333,"actual",225,"2019"
2019-08-14,0.523163402083333,39.13690525,2.25731925,3.337553125,70.6819041666667,16.6087916666667,13.483,20.824,0,164.39270952381,0.215079208333333,0.188584,0.0651888833333333,24.8032708333333,24.4141458333333,23.4167916666667,0.4953086625,0.994314791666667,"actual",226,"2019"
2019-08-15,0.424804527083333,45.9423571875,4.77634947916667,3.855738125,64.5485,16.2716458333333,10.483,21.528,0,198.75662,0.215321125,0.1860165625,0.062768775,24.826125,23.252625,22.0578541666667,0.539319197916667,0.957089375,"actual",227,"2019"
2019-08-16,0.3641562875,40.7349051458333,4.18108441458333,3.55779395833333,64.3465458333333,16.8271666666667,13.06,20.039,0,168.039963333333,0.215234854166667,0.184988854166667,0.0634109416666667,24.6943333333333,23.1350208333333,22.5599375,0.472147408333333,0.955103958333333,"actual",228,"2019"
2019-08-17,0.562466670833333,49.2026895833333,0.184047479166667,2.800489,66.2328104166667,16.871875,10.763,21.793,0,204.018523809524,0.213317354166667,0.184855541666667,0.0627777770833333,24.4080625,22.9921875,22.6559583333333,0.55561511875,0.934179583333333,"actual",229,"2019"
2019-08-18,0.426250329166667,55.7766771875,0.9953734375,3.1294296875,71.73770625,17.3922083333333,13.132,22.197,0,215.605618181818,0.214674354166667,0.184857666666667,0.06133819375,24.3530625,23.2250625,23.2093125,0.588028820833333,0.929614791666667,"actual",230,"2019"
2019-08-19,0.607219914583333,26.6029289166667,3.05313989583333,2.723743125,77.82621875,15.551125,12.984,18.901,0,115.763780952381,0.214669520833333,0.184604875,0.0605499979166667,24.2003541666667,23.0619375,21.9366666666667,0.338803920833333,0.831947916666667,"actual",231,"2019"
2019-08-20,0.403449958333333,49.452870625,3.892354,3.01536479166667,67.6583708333333,16.6385625,11.708,22.908,0,232.338804761905,0.214949583333333,0.183495541666667,0.0615723645833333,24.1979791666667,22.3698333333333,22.0585,0.5659287125,0.851624375,"actual",232,"2019"
2019-08-21,0.095881,65.5390708333333,2.62798415833333,3.535021875,67.0300979166667,17.544125,12.727,23.052,0,279.885652380952,0.212429020833333,0.184709833333333,0.0625579479166667,23.9180208333333,23.0546458333333,23.5272291666667,0.621325639583333,0.860497916666667,"actual",233,"2019"
2019-08-22,0.1801255,52.23035875,2.4853584375,2.8283600625,68.04954375,17.8836041666667,13.185,23.808,0,243.373208095238,0.211984,0.185553145833333,0.0621558625,23.9,23.675375,24.1965416666667,0.54989456875,0.847589375,"actual",234,"2019"
2019-08-23,-0.112988608333333,81.5438725166667,6.47160747291667,3.6752675,61.52915,19.0826458333333,14.361,25.125,0,376.064065,0.212722875,0.186108145833333,0.0636591708333333,24.0639791666667,24.2987291666667,25.6408958333333,0.703478558333333,0.864372291666667,"actual",235,"2019"
2019-08-24,0.421416952083333,64.4124885208333,1.00579294583333,3.94275858333333,73.0725375,18.1813125,14.068,24.02,0,265.789352631579,0.214755541666667,0.186661791666667,0.0622006979166667,24.2454791666667,24.9093958333333,25.153,0.513565929166667,0.80574125,"actual",236,"2019"
2019-08-25,0.749372,83.5461398125,29.5777058541667,4.38125625,67.63560625,18.1164583333333,13.087,23.772,0.6,366.238851363636,0.214138,0.186497520833333,0.0617129270833333,24.4,24.7275416666667,25.457375,0.70831858125,0.778452916666667,"actual",237,"2019"
2019-08-26,0.1650560625,83.9283733333333,5.50006522916667,4.54509854166667,62.9342708333333,18.6996041666667,13.637,24.495,0,369.559568095238,0.213697229166667,0.186641625,0.0615916666666667,24.6073958333333,25.1898333333333,25.9177916666667,0.683317079166667,0.770951458333333,"actual",238,"2019"
2019-08-27,0.427125814583333,47.482306625,1.21607285416667,2.890585,65.5382354166667,18.8614583333333,14.106,24.051,0,221.600852380952,0.213187479166667,0.186789541666667,0.0612534708333333,24.7621666666667,25.380875,25.579,0.468327277083333,0.749162708333333,"actual",239,"2019"
2019-08-28,-0.0511621979166667,72.5079800416667,6.576792875,3.01747635416667,67.01750625,18.4430416666667,11.759,25.395,0,331.85184,0.2132916875,0.186791708333333,0.06121250625,24.8999583333333,25.329125,26.1999375,0.655961241666667,0.772395416666667,"actual",240,"2019"
2019-08-29,0.110417429787234,53.2454407021277,1.85552461702128,3.0486364893617,68.7483680851064,18.7820212765957,13.515,23.909,0,229.722831578947,0.214529063829787,0.187592170212766,0.0602113510638298,24.9816382978723,25.7873404255319,26.1153617021277,0.513364108333333,0.872414791666667,"actual",241,"2019"
2019-08-30,0.257643056,54.823667875,0.694135479166667,3.71389702083333,75.2538791666667,18.1267083333333,14.897,22.537,0,205.687196666667,0.216727083333333,0.186801395833333,0.0598229104166667,25.1,25.430125,25.4239375,0.420623797916667,0.898010625,"actual",242,"2019"
2019-08-31,0.581507804166667,44.3817201041667,14.7482705625,2.551328625,74.84090625,18.4958541666667,14.328,25.009,10.8,216.46402,0.216450729166667,0.186073604166667,0.0587632020833333,25.1,25.1203125,25.2401041666667,0.154615660416667,0.91436375,"actual",243,"2019"
2019-09-01,1.60272477083333,44.9893801666667,64.8144960208333,1.86546652083333,83.00921875,17.9681458333333,14.874,27.125,31.2,390.466138888889,0.212139458333333,0.184465291666667,0.1017587375,25.1,24.8318541666667,23.8948125,0.161730202083333,1.014000625,"actual",244,"2019"
2019-09-02,3.199846125,40.28521425,90.7751075,2.90690854166667,84.3124083333333,17.3923958333333,13.116,22.634,0,341.155096956522,0.2131296875,0.1819115625,0.227162895833333,25.098125,23.7564791666667,22.2314375,0.45649911875,1.23304166666667,"actual",245,"2019"
2019-09-03,2.5159998125,20.6974312083333,56.6848208333333,3.34674604166667,75.0060208333333,17.6272708333333,14.824,22.535,0,195.13590952381,0.212381708333333,0.180888208333333,0.202753979166667,24.9011041666667,23.2187916666667,21.4720208333333,0.521651489583333,1.48350833333333,"actual",246,"2019"
2019-09-04,2.07726660416667,35.6863851875,49.4490438541667,3.00308958333333,72.4841375,17.5706666666667,12.921,22.502,0,256.829178636364,0.2107118125,0.1803541875,0.191999270833333,24.661125,22.6333958333333,21.6394375,0.861680477083333,1.72285833333333,"actual",247,"2019"
2019-09-05,1.57720591458333,23.7779656354167,35.087371875,3.13116520833333,72.2873354166667,17.443625,13.294,22.019,0,196.914960454545,0.211633270833333,0.180517270833333,0.1832326875,24.3502291666667,22.6424791666667,21.4890416666667,0.976012985416667,1.9539625,"actual",248,"2019"
2019-09-06,0.544930541666667,47.4083070208333,46.360798375,2.81741658333333,71.0675895833333,18.5193541666667,12.92,24.5700000000001,0,367.68620952381,0.209704125,0.1813530625,0.176188270833333,24.1473125,22.8170208333333,23.2899583333333,1.56750880416667,2.27053958333333,"actual",249,"2019"
2019-09-07,1.04401364583333,29.8292166041667,25.8145041666667,3.59231020833333,71.6031479166667,17.6452291666667,15.034,22.096,0,185.514957142857,0.210139979166667,0.1824490625,0.165226291666667,23.900125,23.4580208333333,22.4138125,1.23901680416667,2.19061875,"actual",250,"2019"
2019-09-08,0.622317929787234,21.6900734255319,22.408212212766,3.41016008510638,73.5728319148936,16.4664468085106,12.952,20.121,0,156.375042857143,0.211591234042553,0.180545170212766,0.154530553191489,23.9002340425532,22.2769574468085,20.4153617021277,1.27968311666667,1.74877708333333,"actual",251,"2019"
2019-09-09,-0.2862278125,33.8171095,34.7472573958333,3.33144670833333,65.2387708333333,18.1472708333333,12.918,23.875,0,299.374625,0.209101333333333,0.181338208333333,0.148650708333333,23.7843958333333,22.1041875,21.9197708333333,2.26275269375,1.64229166666667,"actual",252,"2019"
2019-09-10,-0.72363633125,33.101331125,31.1280206875,3.89588441666667,78.4811520833333,17.9978125,14.772,23.351,0.2,210.995218181818,0.209159708333333,0.181267354166667,0.1421576875,23.6999583333333,22.581125,22.0997708333333,2.04822144166667,1.35057916666667,"actual",253,"2019"
2019-09-11,-1.55562908510638,40.3949744255319,48.2507272765957,3.27109893617021,73.9676234042553,18.2627021276596,14.397,23.63,0.306382978723404,293.750595652174,0.210978021276596,0.181914212765957,0.137342553191489,23.677255319149,22.7624255319149,22.922829787234,2.77866036458333,1.30662375,"actual",254,"2019"
2019-09-12,-0.990195625,60.8634181041667,47.718643625,2.92568839583333,68.8919145833333,18.9672916666667,13.408,24.949,0,380.466074090909,0.2109979375,0.184462541666667,0.1326354375,23.6357291666667,23.6831041666667,24.9095,3.05857545833333,1.59323666666667,"actual",255,"2019"
2019-09-13,-1.40269912765957,61.3663929787234,36.0665151914894,3.22133742553191,69.8008872340425,18.7892765957447,12.068,25.685,0,386.65487,0.210877319148936,0.186939723404255,0.125190744680851,23.7230638297872,24.9156382978723,25.9707021276596,2.76758061666667,1.34625229166667,"actual",256,"2019"
2019-09-14,-0.872768158333333,66.0723186875,40.4893038958333,3.30984379166667,68.55891875,19.178875,12.88,26.259,0,395.153342857143,0.209515979166667,0.187900708333333,0.117094479166667,24.0397916666667,25.5485416666667,26.5447083333333,2.30837953333333,0.803371666666667,"actual",257,"2019"
2019-09-15,-0.469067979166667,63.7365480208333,35.9095178770833,3.348718875,67.0298395833333,19.3682291666667,14.2070000000001,26.282,0,373.740075,0.212190979166667,0.189794395833333,0.110482583333333,24.337,26.0434375,26.8655,1.77189586666667,0.493187083333333,"actual",258,"2019"
2019-09-16,-0.134534604166667,74.5566199166667,29.5885433333333,3.159183,64.20491875,18.6555208333333,13.117,24.723,0,387.255461904762,0.212138875,0.190652125,0.104098610416667,24.713,26.20975,26.7314583333333,1.56713149375,0.421568125,"actual",259,"2019"
2019-09-17,-0.2223636875,82.5847453125,22.28379225,3.92502116666667,61.99175,18.5973541666667,11.736,25.314,0,380.360945454545,0.2112118125,0.190877770833333,0.0989159645833333,24.9449375,26.0760625,26.0666875,1.35592574791667,0.37061,"actual",260,"2019"
2019-09-18,0.141415702083333,51.7723057708333,19.5591382708333,3.07516654166667,59.4226604166667,19.3624583333333,12.843,26.385,0,307.461204761905,0.211611125,0.190808020833333,0.0945173416666667,25.0998541666667,25.9042083333333,25.8935833333333,1.00236004166667,0.336871458333333,"actual",261,"2019"
2019-09-19,-0.304214735416667,89.6981555833333,20.5860260625,4.31207754166667,52.9408791666667,18.3200208333333,11.522,25.059,0,421.343004761905,0.212582270833333,0.190557416666667,0.0907092645833333,25.1410416666667,25.654875,25.6039166666667,1.01718887083333,0.329361041666667,"actual",262,"2019"
2019-09-20,-0.160003583333333,78.8162839583333,15.112328625,3.87794520833333,60.6134895833333,18.2996458333333,10.694,24.813,0,376.584257142857,0.2135595625,0.190613229166667,0.0874142520833333,25.3363541666667,25.7325416666667,25.755625,0.994732391666667,0.409975625,"actual",263,"2019"
2019-09-21,-0.261259791666667,73.4953381666667,14.3747245208333,3.3519625,63.1341958333333,18.6834583333333,11.867,25.462,0,344.209657142857,0.211636854166667,0.190586791666667,0.084071525,25.4,25.8510625,25.9158541666667,1.04737151666667,0.661844375,"actual",264,"2019"
2019-09-22,-0.0962950625,73.5708466666667,12.7075184375,3.7434801875,62.5799145833333,18.6383541666667,12.029,25.697,0,391.01568,0.210438229166667,0.190395104166667,0.0817534729166667,25.414625,25.988125,26.317875,1.16776980208333,1.05834416666667,"actual",265,"2019"
2019-09-23,0.2274680625,68.1798227083333,11.0997746666667,3.30259375,66.40358125,18.7157708333333,12.848,25.538,0,329.786047619048,0.21199725,0.190572270833333,0.0798701375,25.5730416666667,26.3282291666667,26.7939375,1.0512508875,1.41602083333333,"actual",266,"2019"
2019-09-24,0.174278183333333,63.770923125,2.71140535416667,3.09676770833333,74.25359375,18.0112708333333,14.357,22.414,0,252.718371428571,0.212002791666667,0.189648645833333,0.0763923604166667,25.6,26.19875,25.8572708333333,0.915920447916667,1.53834166666667,"actual",267,"2019"
2019-09-25,0.633304804761905,23.5950574285714,4.1806430952381,2.54082333333333,85.5029238095238,15.5269047619048,13.329,20.494,0,214.451716666667,0.212,0.189268285714286,0.0721571428571429,25.6007619047619,25.705,22.6006666666667,0.238120508333333,1.25912916666667,"actual",268,"2019"
2019-09-26,NA,70.9404655656135,31.9057353361409,3.63848618689568,69.9950923038542,18.7957743833067,14.6128068849706,23.9448723761545,1.49181100331317,340.30107632303,0.296080115490063,0.17466515049337,0.126477212394301,25.4051387173863,25.0501671388997,25.1954801929466,0,1.06248229166667,"filled",269,"2019"
2019-09-27,0.116538722222222,50.1219966666667,7.64913944444444,3.77115222222222,67.9255305555556,18.9065555555556,14.873,23.3200000000001,0,165.82109047619,0.213970333333333,0.186911138888889,0.0715621611111111,25.6434444444444,25.182,24.9688888888889,0.516698685416667,0.880016041666667,"actual",270,"2019"
2019-09-28,-0.0225456708333333,77.329556875,11.8055937916667,3.52035154166667,63.5712479166667,19.9767916666667,13.261,26.776,0,380.224014285714,0.2140090625,0.187810395833333,0.0721506958333333,25.6001041666667,25.4197708333333,26.6994791666667,0.820780108333333,0.677688958333333,"actual",271,"2019"
2019-09-29,-0.0980767916666667,80.07947775,10.5894919375,3.35988420833333,62.48889375,19.857625,12.866,27.435,0,399.596138095238,0.215226291666667,0.189413166666667,0.0712541645833333,25.6,26.5850833333333,28.0250833333333,0.802242833333333,0.55542625,"actual",272,"2019"
2019-09-30,0.127897791666667,79.9896985416667,10.2207549583333,3.40432458333333,62.75456875,20.829,13.798,27.979,0,385.925757142857,0.214671479166667,0.190309666666667,0.0687513833333333,25.77475,27.2665,28.6324583333333,0.71751754375,0.589752708333333,"actual",273,"2019"
2019-10-01,0.560810888888889,84.4254545106383,48.4382006382979,3.95158270833333,74.410825,19.334375,15.198,26.672,2.5,285.41945047619,0.214207666666667,0.1903971875,0.0674097208333333,26.0678541666667,27.6476666666667,27.9593958333333,0.496230620833333,0.572835833333333,"actual",274,"2019"
2019-10-02,1.04091646808511,55.0267618510638,29.2215681914894,3.65191104255319,79.6376957446809,18.410170212766,13.745,24.032,0,310.274758571429,0.213014829787234,0.187388680851064,0.0633340425531915,26.2067659574468,25.9515744680851,24.6403617021277,0.51422198125,0.567809166666667,"actual",275,"2019"
2019-10-03,-0.0426594229166667,70.7021719791667,16.9784206458333,4.23893958333333,71.21889375,19.5510833333333,15.949,25.066,0,329.848047619048,0.214051395833333,0.186314583333333,0.0655861145833333,26.1999375,25.6393333333333,25.6109791666667,0.481333016666667,0.606287291666667,"actual",276,"2019"
2019-10-04,-0.046358625,84.0613576041667,9.0510968125,4.49667008333333,67.9248979166667,18.7897083333333,14.173,23.392,0,345.468025238095,0.214732583333333,0.186540291666667,0.067225,25.9726875,25.7992291666667,25.9043125,0.44276545,0.605179791666667,"actual",277,"2019"
2019-10-05,-0.391151744680851,39.758103893617,26.2318055106383,3.56328957446809,80.4491489361702,18.2526170212766,14.718,23.562,0.408510638297872,200.921623809524,0.214258808510638,0.186319212765957,0.0657262446808511,25.9,25.5749574468085,24.7932340425532,0.247172816666667,0.608124166666667,"actual",278,"2019"
2019-10-06,1.66836206086957,37.0810314680851,57.6721614893617,4.67190340425532,86.1661765957447,17.1765106382979,14.369,21.731,0,268.661528571429,0.211172319148936,0.184640468085106,0.0636411319148936,25.8788723404255,24.5035106382979,22.8508085106383,0.268598354166667,0.601017708333333,"actual",279,"2019"
2019-10-07,0.0584504583333333,82.845569625,39.5826172291667,3.56502627083333,64.4257583333333,18.491625,13.026,23.956,0,424.081340909091,0.211564541666667,0.182980333333333,0.0654632875,25.5790208333333,24.1595833333333,24.7315416666667,0.337812560416667,0.642851875,"actual",280,"2019"
2019-10-08,-0.340264214583333,90.5894618958333,20.5923368125,3.5228131875,63.76384375,19.4381041666667,12.546,25.729,0,450.271061904762,0.213249291666667,0.185688270833333,0.0686812458333333,25.4,25.2813541666667,26.2837083333333,0.271026385416667,0.676940416666667,"actual",281,"2019"
2019-10-09,0.55731625,59.3227864166667,50.1048842083333,3.59568791666667,77.9168333333333,19.3605208333333,16.018,24.802,3.8,352.414095238095,0.212166625,0.186472958333333,0.06991875,25.4033541666667,25.8536458333333,25.7309583333333,0.171676420833333,0.689861458333333,"actual",282,"2019"
2019-10-10,2.50942208333333,34.1263679166667,81.0240766666667,3.637538125,86.9846770833333,17.8706458333333,14.139,23.071,0.3,293.401132173913,0.211832583333333,0.1842944375,0.123204210416667,25.5728958333333,24.9407291666667,23.0386666666667,0.109334958333333,0.673149791666667,"actual",283,"2019"
2019-10-11,2.30746710416667,22.1627242083333,84.8160038541667,4.688025,87.4271333333333,17.8445416666667,15.21,22.079,0,255.472075217391,0.212473583333333,0.180831208333333,0.225771541666667,25.4392291666667,23.425,21.1199375,0.13720118125,0.6526675,"actual",284,"2019"
2019-10-12,1.77269068541667,31.9445058541667,101.112266666667,4.229235625,86.8874,17.5028333333333,15.039,21.396,0,355.594028571429,0.211483979166667,0.179748666666667,0.246679979166667,25.0717916666667,22.5441666666667,20.881625,0.263570375,0.608009166666667,"actual",285,"2019"
2019-10-13,2.288379261875,26.9308703333333,91.3741645833333,3.58276270833333,89.5922020833333,17.5163125,15.22,21.511,0,315.383327272727,0.211030895833333,0.17935375,0.2728559375,24.7676041666667,22.1885416666667,20.8208541666667,0.47043165,0.648062708333333,"actual",286,"2019"
2019-10-14,1.85315366666667,23.6817215416667,69.348555,3.40093375,84.0539416666667,17.792625,15.133,21.198,0,254.729977272727,0.209962395833333,0.179893083333333,0.251349958333333,24.3824791666667,21.9646041666667,20.7446041666667,0.858492641666667,0.8615575,"actual",287,"2019"
2019-10-15,0.5559239375,35.3157007083333,94.2882401458333,3.57786397916667,77.1010645833333,18.9974791666667,15.346,23.623,0,404.733251363636,0.2091006875,0.180443729166667,0.236138833333333,24.1283125,22.2533333333333,22.417,1.61730334166667,1.02319979166667,"actual",288,"2019"
2019-10-16,-0.540161041666667,39.8200946666667,93.1213665,3.07725720833333,72.8923833333333,19.2198541666667,14.014,25.172,0,462.017859090909,0.2092655625,0.183346791666667,0.223085083333333,23.9,23.46125,24.394,2.169819875,1.02346395833333,"actual",289,"2019"
2019-10-17,0.589202304347826,31.1311899148936,69.8695582978723,2.96641383333333,88.96768125,17.6379583333333,15.634,20.59,55.1,263.210633333333,0.208814583333333,0.184289625,0.244266041666667,23.9825416666667,23.7203333333333,22.2850625,1.87317499583333,1.3871525,"actual",290,"2019"
2019-10-18,-0.790815125,12.5593841395833,68.201935625,3.068729375,90.7788875,17.3586666666667,15.411,20.649,7.9,217.490563913043,0.2080673125,0.1810305,0.292351375,24.0945416666667,22.1971666666667,20.7754375,2.30700689583333,2.13863125,"actual",291,"2019"
2019-10-19,-2.57347112765957,17.5506026808511,73.2718865957447,3.28730229166667,86.1645604166667,18.0100833333333,15.583,21.678,11.3,248.821562173913,0.206716416666667,0.184761875,0.299426208333333,23.8350625,21.721875,20.5230625,3.35148793958333,3.0109875,"actual",292,"2019"
2019-10-20,-0.472048957446808,33.8234165106383,124.408337510638,3.37555659574468,79.7818319148936,18.9740212765957,15.338,23.734,0.408510638297872,467.040763636364,0.206306574468085,0.217089085106383,0.273501659574468,23.650914893617,21.7855319148936,22.1267659574468,4.97187056875,4.01124375,"actual",293,"2019"
2019-10-21,-0.3174890625,23.227784375,91.965076875,3.0437074375,76.8499645833333,19.2109375,15.338,24.285,0,397.396119047619,0.208522208333333,0.235055895833333,0.25630925,23.5,22.74375,23.1636875,4.9426923375,3.84305208333333,"actual",294,"2019"
2019-10-22,-0.874640125,24.4087526666667,85.3207623125,2.59119941666667,76.2297625,19.5152916666667,14.684,25.006,0.9,394.085127272727,0.2098458125,0.241714791666667,0.241086541666667,23.5183333333333,23.276625,23.8809166666667,4.42720547708333,2.5471,"actual",295,"2019"
2019-10-23,-1.94260958333333,42.6288913333333,93.8493647916667,3.65209916666667,82.11718125,19.32625,15.772,24.127,2.3,440.582868181818,0.209986166666667,0.244145208333333,0.229481958333333,23.6822291666667,24.0034375,24.61275,5.2584334625,2.20444791666667,"actual",296,"2019"
2019-10-24,-2.9901935625,21.0563215,101.599010833333,3.03513010416667,87.7701020833333,18.1720833333333,15.073,22.692,24.9,329.398886363636,0.2080984375,0.245842020833333,0.288887166666667,23.8035625,23.6211666666667,22.7319583333333,5.05192860833333,2.64238125,"actual",297,"2019"
2019-10-25,-2.219186875,33.1030058458333,99.0871489583333,3.921406875,87.9866854166667,18.2781458333333,15.423,22.578,12.5,379.639340909091,0.207950208333333,0.272474083333333,0.306181479166667,23.8986875,22.641,21.9896875,5.83934966875,3.13083333333333,"actual",298,"2019"
2019-10-26,-3.02449006382979,38.6769545833333,134.479690638298,4.21581020833333,85.894575,18.5108125,15.632,22.266,4.2,444.314186956522,0.206665270833333,0.293357625,0.306252791666667,23.725,22.5423333333333,22.2151875,6.56895820625,3.57440416666667,"actual",299,"2019"
2019-10-27,-2.751833125,31.8193433333333,118.60388325,3.050273125,77.7709895833333,19.3949375,15.034,23.962,0.1,438.404356521739,0.208861125,0.294759041666667,0.284619416666667,23.7,23.01575,23.7652083333333,6.51056757708333,3.61285,"actual",300,"2019"
2019-10-28,-2.0311580212766,34.243904712766,101.47647893617,2.63344446808511,80.6697787234042,19.2400212765957,15.722,24.014,0,431.632231818182,0.20999929787234,0.292977978723404,0.267456021276596,23.7,23.7684042553191,24.4598510638298,6.0251075625,2.8907875,"actual",301,"2019"
2019-10-29,-0.882237979166667,29.8297366875,89.7050918541667,2.79204202083333,82.9295666666667,19.291125,15.583,24.836,0,373.553878636364,0.209993791666667,0.29042075,0.252316645833333,23.8275208333333,24.2727083333333,24.8693333333333,5.22032131666667,2.41901875,"actual",302,"2019"
2019-10-30,-1.82516765957447,21.821566787234,85.0848040425532,2.612206,82.6140191489362,18.5298085106383,15.559,23.049,2.85957446808511,341.590336666667,0.21,0.287982978723404,0.239785063829787,24.0124255319149,24.1640638297872,23.916914893617,4.88591244375,2.06505208333333,"actual",303,"2019"
2019-10-31,-0.690071291666667,20.3112894208333,89.666479,2.52871989583333,84.4347479166667,18.4927083333333,15.223,22.928,1.3,338.259577272727,0.209998625,0.285542354166667,0.235414604166667,24.1996666666667,23.5997916666667,23.4706458333333,5.0344845875,2.18677291666667,"actual",304,"2019"
2019-11-01,-2.19554927083333,32.6195658270833,98.7559180208333,2.62494733333333,79.3656645833333,18.40325,14.892,23.318,0,445.501019047619,0.21,0.283597166666667,0.234002125,24.1981458333333,23.5209166666667,23.478625,6.43598624166667,2.7439875,"actual",305,"2019"
2019-11-02,-1.86107585416667,29.14855654375,82.2534421041667,2.62926660416667,77.4719020833333,18.236,14.246,22.919,0,380.732938095238,0.21,0.281453458333333,0.230380583333333,24.1573958333333,23.485125,23.366125,6.09590979791667,2.9003875,"actual",306,"2019"
2019-11-03,-1.61942604166667,29.2260908854167,93.8481251458333,2.93443875,78.5502520833333,18.1598541666667,13.893,24.39,0,430.8369565,0.2099993125,0.279565229166667,0.224635145833333,24.0246458333333,23.5599375,23.5925,6.15808715416667,2.68936666666667,"actual",307,"2019"
2019-11-04,-3.65902495833333,29.0826492916667,114.478364229167,3.1409314375,78.2824125,18.3370208333333,14.164,23.698,0,475.46485,0.21,0.2774375625,0.24571875,23.94525,23.3270833333333,23.2016666666667,7.20670865416667,2.3574,"actual",308,"2019"
2019-11-05,-2.87269395833333,26.7516107770833,101.507620270833,2.50592904166667,75.8004541666667,18.6566458333333,14.516,23.765,0,434.749442857143,0.210023583333333,0.277310458333333,0.234200020833333,23.9004375,23.6593958333333,24.1193333333333,6.65232963541667,1.86463125,"actual",309,"2019"
2019-11-06,-3.07449125,26.8582279166667,97.8271159583333,2.912595,70.5874895833333,19.616,15.194,24.962,0,474.480223809524,0.21001875,0.277104895833333,0.220110395833333,24.0198125,24.206,25.0876666666667,6.77094687916667,1.98021041666667,"actual",310,"2019"
2019-11-07,-2.17697858333333,27.6152200208333,73.1238517708333,3.24689520833333,79.4656458333333,19.4403125,16.048,24.724,0,379.462309523809,0.210007645833333,0.276962520833333,0.206265875,24.1974583333333,24.7513333333333,25.2744583333333,6.47686015625,2.62617916666667,"actual",311,"2019"
2019-11-08,-3.51940464583333,35.2448847916667,87.9168743958333,2.880399375,77.7966,19.0591875,16.043,23.764,0,440.605161904762,0.210455583333333,0.274957229166667,0.197349458333333,24.3298125,24.8956666666667,25.5646041666667,7.51939034791667,3.0340625,"actual",312,"2019"
2019-11-09,-3.62114560416667,33.4067966666667,81.3296182708333,2.81833145833333,75.9718833333333,18.9207291666667,13.926,23.975,0,402.849066818182,0.209688895833333,0.272881958333333,0.186245854166667,24.44975,25.0625,25.6451666666667,7.44688464583333,3.23372083333333,"actual",313,"2019"
2019-11-10,-3.22979377083333,31.5946919375,68.6658446666667,3.1345475,81.6381791666667,19.0059583333333,15.808,23.617,0,364.3496,0.212463291666667,0.271329854166667,0.17623475,24.6903958333333,25.1248541666667,25.3311041666667,7.02475797916667,3.13197708333333,"actual",314,"2019"
2019-11-11,-3.527248375,45.655798125,77.3612924791667,3.73824541666667,81.1340229166667,19.136875,15.978,23.858,0,397.207313636364,0.21286325,0.2696930625,0.1645166875,24.7199375,25.1267708333333,25.5286041666667,7.30942866875,2.67825208333333,"actual",315,"2019"
2019-11-12,-2.95936575,39.5095020833333,80.590845,3.30010270833333,83.5510020833333,18.7748541666667,16.062,22.701,0,346.465127272727,0.211311854166667,0.267581958333333,0.151023604166667,24.8707291666667,24.9127083333333,24.4646041666667,6.83818569375,2.28386666666667,"actual",316,"2019"
2019-11-13,-1.992163625,27.5924988958333,73.3760970212766,3.576445625,88.7706104166667,18.0980625,15.583,22.249,0,284.529070869565,0.211234708333333,0.2632450625,0.1456305625,24.9,24.2676875,23.695125,6.30289556041667,2.01255,"actual",317,"2019"
2019-11-14,-1.66855714583333,33.2261835416667,75.444131875,4.05929479166667,89.8785625,17.9600833333333,15.523,22.282,0,325.458095238095,0.212135395833333,0.260953479166667,0.141797270833333,24.8524791666667,23.8367291666667,23.3251458333333,6.06638667291667,1.896375,"actual",318,"2019"
2019-11-15,3.76229,-2.16274,2.36732,1.86175,98.5507,16.526,16.526,16.526,0,352.057818580679,0.2131,0.259833,0.1396,24.7,24.197,21.965,0,1.7418875,"filled",319,"2019"
2019-11-16,-5.03508511904762,48.4428784761905,100.111746452381,4.95643571428571,75.81655,19.8058333333333,16.034,23.906,0,467.303438095238,0.209349976190476,0.255734142857143,0.138666642857143,24.6978571428571,24.3047142857143,25.5929285714286,7.3040687125,1.93176041666667,"actual",320,"2019"
2019-11-17,-3.77949041666667,41.8287007916667,71.8924254583333,3.87190545833333,78.11031875,19.0113541666667,14.288,24.055,0,435.698142857143,0.209574208333333,0.25381525,0.135633375,24.6961666666667,24.6286041666667,25.2038125,7.08366706458333,2.11380833333333,"actual",321,"2019"
2019-11-18,-3.718379375,44.9662533333333,69.5794277291667,3.84320479166667,78.2870625,19.2567083333333,15.258,24.253,0,427.684304761905,0.210536333333333,0.250780020833333,0.13246825,24.7,24.9335416666667,25.70525,6.97155764375,2.20822083333333,"actual",322,"2019"
2019-11-19,-3.5712043125,49.3930599583333,67.8179825,3.81339654166667,82.3209520833333,19.2290416666667,15.86,23.998,0,393.954695454545,0.212070833333333,0.247955479166667,0.129802770833333,24.7482083333333,25.3046666666667,26.0584791666667,6.91978303333333,2.11031666666667,"actual",323,"2019"
2019-11-20,-2.49957523404255,42.8569247916667,94.5806540425532,2.8304415,82.8512333333333,18.865375,15.259,24.864,0,438.368355,0.212304875,0.242760375,0.1260659375,24.8992708333333,25.2171666666667,25.3368958333333,6.64952596666667,2.19385208333333,"actual",324,"2019"
2019-11-21,-4.17653210810811,36.3376905416667,111.174065,2.30119316666667,83.2697895833333,19.8651666666667,16.627,24.889,0,393.398287727273,0.2104721875,0.238818708333333,0.124402041666667,24.9381458333333,25.2755625,25.6837291666667,6.66227622708333,2.54563333333333,"actual",325,"2019"
2019-11-22,-4.260446,40.6850780625,118.47137,3.15819791666667,84.5719541666667,19.6916666666667,15.39,24.425,0,497.323030454545,0.209786104166667,0.236739604166667,0.260982645833333,25.0804375,25.0864166666667,25.2148333333333,7.58361834166667,2.00860625,"actual",326,"2019"
2019-11-23,0.279586775,27.0869364375,56.218315025,2.14358020833333,92.7804583333333,17.7228541666667,15.471,20.758,0,252.332742105263,0.2122256875,0.303886145833333,0.307465270833333,25.0999166666667,24.2732291666667,22.8971041666667,4.19007091666667,0.868485833333333,"actual",327,"2019"
2019-11-24,-1.58253347916667,20.022218875,72.6018324130435,2.46350685416667,86.9636125,18.2479791666667,14.927,23.508,0,294.826347619048,0.270890979166667,0.324288229166667,0.300032625,24.8899583333333,23.1842916666667,22.5485833333333,5.03972069166667,0.581964375,"actual",328,"2019"
2019-11-25,-5.66426851351351,20.386599125,91.0723060277778,2.03742125,88.5391083333333,17.4722083333333,15.086,22.912,0,333.897128636364,0.2966309375,0.496694958333333,0.363358416666667,24.4173125,22.9663541666667,22.5376041666667,5.32889994166667,0.989889375,"actual",329,"2019"
2019-11-26,-3.27914953125,18.6274818291667,103.5062903125,2.74926989583333,85.55510625,17.7250625,15.014,21.993,0,324.168817619048,0.307118214285714,0.557829770833333,0.362659520833333,23.9344791666667,22.3351875,22.0644375,5.53106120625,1.83298958333333,"actual",330,"2019"
2019-11-27,-3.20505854166667,37.1036455833333,113.461789666667,4.19729520833333,77.0752916666667,18.954375,15.618,23.385,0,467.249826086957,0.291895625,0.437544541666667,0.319428916666667,23.7,22.5255,22.901125,7.379563,3.28756041666667,"actual",331,"2019"
2019-11-28,-2.31723777083333,38.0984827291667,103.956891630435,3.42749041666667,81.90194375,18.3611041666667,14.341,23.177,0,448.164482608696,0.2849061875,0.410292395833333,0.293838125,23.7,23.0052291666667,23.5814583333333,7.53480814583333,3.52383958333333,"actual",332,"2019"
2019-11-29,-1.05964664583333,24.9737724166667,86.4753164583333,2.28560091666667,85.1626083333333,18.62225,14.355,24.026,0,347.610747619048,0.281159041666667,0.398802145833333,0.2749188125,23.7242916666667,23.3421875,23.5226041666667,5.21856194583333,2.35877708333333,"actual",333,"2019"
2019-11-30,-2.76771655555556,18.6858275416667,74.009955673913,2.76747791666667,92.68013125,18.0896458333333,15.944,22.546,0,269.294272727273,0.287482666666667,0.473938895833333,0.3484610625,23.7992916666667,23.1456875,22.7511666666667,4.13694145416667,1.59109166666667,"actual",334,"2019"
2019-12-01,-3.80257661290323,57.2214581555556,115.558548857143,3.98683291666667,91.1649666666667,18.0297291666667,15.754,22.0700000000001,0,417.38093,0.301409583333333,0.518661645833333,0.36949875,23.6516666666667,22.30625,21.8492916666667,5.53564458958333,1.204078125,"actual",335,"2019"
2019-12-02,-1.3242599925,22.6980542291667,79.1612098292683,2.39133708333333,91.1126729166667,18.177375,15.726,22.362,0,251.087898695652,0.293826458333333,0.51314825,0.365393208333333,23.5007708333333,22.2147916666667,21.6983958333333,4.58546517083333,0.827515833333333,"actual",336,"2019"
2019-12-03,-2.93035472916667,26.3774826583333,78.0159825,2.96512666666667,89.5382479166667,18.5045625,15.931,23.083,0.7,319.462098636364,0.292747395833333,0.493097,0.353417125,23.5,22.3277291666667,21.989375,5.12335399375,0.452381458333333,"actual",337,"2019"
2019-12-04,-2.95173845833333,29.4755342291667,89.9268135416667,1.98793227083333,83.9624125,19.3177291666667,15.667,24.27,1.9,409.5941685,0.2879746875,0.481254270833333,0.350446958333333,23.5,22.7016041666667,22.9642291666667,5.38793498125,0.280488333333333,"actual",338,"2019"
2019-12-05,-3.84166762790698,21.5696280208333,66.6408409,1.6571061875,91.0910520833333,18.1344791666667,15.011,22.242,0,241.343273913043,0.287226854166667,0.524718166666667,0.384146666666667,23.5016458333333,22.9448333333333,22.4391666666667,4.3043644625,0.360721666666667,"actual",339,"2019"
2019-12-06,-3.89880906976744,33.4367433125,117.62903427907,2.56813720833333,86.59819375,18.9696041666667,15.284,23.356,0,370.432852380952,0.293751375,0.530377770833333,0.3949041875,23.5033958333333,22.5801458333333,22.5921875,5.96890499791667,0.59014125,"actual",340,"2019"
2019-12-07,-2.28400620588235,12.4512594166667,77.2284822222222,2.62828983333333,90.1072104166667,18.5540625,16.054,21.78,0,211.110562173913,0.291711125,0.540886083333333,0.392769479166667,23.5,22.5367291666667,22.0177291666667,4.33713284375,0.880338333333333,"actual",341,"2019"
2019-12-08,-0.994793477272727,15.27809875,74.4012597142857,1.9911881875,87.72508125,18.4547083333333,14.906,23.413,0,298.763869545455,0.293206854166667,0.550411104166667,0.400553479166667,23.5,22.2540208333333,22.3002708333333,4.84621750416667,0.953863125,"actual",342,"2019"
2019-12-09,-2.75319064583333,13.5279724104167,65.1715422222222,2.38572477083333,89.3756916666667,18.6214375,16.072,23.391,0,243.023815714286,0.292054208333333,0.545320145833333,0.397236833333333,23.4968958333333,22.4717708333333,22.2636458333333,4.49686916875,0.757911041666667,"actual",343,"2019"
2019-12-10,-3.9450848372093,17.6517564893617,68.8083453463415,2.8226791875,94.14185625,17.6482083333333,16.339,20.492,0,253.035954545455,0.290967666666667,0.535729520833333,0.393667541666667,23.47025,22.2495625,21.6838125,4.87750263125,1.34008520833333,"actual",344,"2019"
2019-12-11,-3.10438572916667,33.1075141666667,90.1654059375,3.12908789583333,88.6825020833333,18.1104166666667,15.52,22.708,0,389.311013636364,0.290743291666667,0.535418770833333,0.389945666666667,23.312125,22.1901666666667,22.1109583333333,6.80234132083333,3.17455625,"actual",345,"2019"
2019-12-12,-3.02013935416667,38.0758092291667,103.3092701375,2.92113702083333,87.5751541666667,18.2056458333333,14.156,23.7,0,467.717771428571,0.2875778125,0.4741569375,0.363813208333333,23.3,22.3956666666667,22.5105,7.43986374791667,4.06343958333333,"actual",346,"2019"
2019-12-13,-2.82956833333333,38.9895316458333,109.4912800625,3.061980375,83.6467375,18.8473333333333,14.949,23.971,0,481.553845454545,0.285973583333333,0.450976395833333,0.340785416666667,23.3107916666667,22.8779583333333,23.4501041666667,7.35523386666667,3.54024583333333,"actual",347,"2019"
2019-12-14,0.0612750212765958,33.6171067708333,88.064047125,3.2377279375,88.1807166666667,18.1544583333333,14.921,22.629,3.7,367.676686363636,0.283190041666667,0.436542854166667,0.314618229166667,23.4498958333333,23.1784375,23.1333541666667,6.3338160875,3.3321625,"actual",348,"2019"
2019-12-15,-1.19797904166667,26.3874154583333,75.7660685416667,2.78153585416667,87.8835333333333,18.2167291666667,15.093,22.946,5.1,315.581472608696,0.282279125,0.429448604166667,0.294562520833333,23.5014375,22.8386458333333,22.2858958333333,6.64297842916667,4.03869166666667,"actual",349,"2019"
2019-12-16,-2.35785314583333,34.3263522708333,90.9475894166667,2.5308039375,82.4529791666667,18.7447083333333,15.02,23.641,0.6,421.847560869565,0.281818770833333,0.424010416666667,0.2950868125,23.5043958333333,22.8600833333333,23.1968125,8.03336493958333,4.49755625,"actual",350,"2019"
2019-12-17,-1.20746174468085,22.9103299583333,85.06685625,3.02211791666667,84.3611895833333,18.5759791666667,15.306,23.331,0,332.725243478261,0.280490333333333,0.416425208333333,0.281691604166667,23.589125,23.0259583333333,22.8843333333333,6.90490057916667,4.24758125,"actual",351,"2019"
2019-12-18,-1.107799375,32.4433398333333,103.0048458125,3.85651208333333,79.9047291666667,19.0415,15.824,23.611,0,448.47688826087,0.2781770625,0.4109416875,0.2631333125,23.6858125,23.2626041666667,24.0028125,7.6475152875,3.68592916666667,"actual",352,"2019"
2019-12-19,-1.62143702083333,31.4652022916667,104.330973660417,3.39458547916667,71.31736875,18.1445625,13.598,23.351,0,461.995422727273,0.277899291666667,0.406258375,0.2436298125,23.6995208333333,23.4882291666667,23.9543333333333,6.67772850416667,2.43056458333333,"actual",353,"2019"
2019-12-20,-2.67576708333333,31.2499422916667,97.328371875,3.58657247916667,73.4355125,18.5191666666667,13.564,23.937,0,454.476731818182,0.276170166666667,0.401093083333333,0.225491,23.7,23.3721875,23.8588541666667,6.91106064583333,2.15631875,"actual",354,"2019"
2019-12-21,-2.37581345833333,23.0536651041667,61.2554235208333,2.8756481875,86.00364375,18.3814166666667,14.96,23.578,3.1,296.195023809524,0.278648583333333,0.396366645833333,0.208690958333333,23.7,23.4221458333333,23.300625,5.85738907083333,2.57758333333333,"actual",355,"2019"
2019-12-22,-2.977768875,29.6339653958333,63.4217696041667,3.07785927708333,88.4824041666667,18.2127916666667,15.16,22.454,0,310.186886363636,0.275488895833333,0.390793020833333,0.200237395833333,23.7,22.9849791666667,22.5079583333333,6.80763088541667,2.84384791666667,"actual",356,"2019"
2019-12-23,-2.83562183333333,33.7969031875,82.9013416458333,3.4141441875,86.1870291666667,18.8538333333333,15.222,23.565,7.2,404.0893,0.276320145833333,0.3869715625,0.194765270833333,23.7,23.0584583333333,23.5246041666667,7.97596629791667,3.00023541666667,"actual",357,"2019"
2019-12-24,-1.68793772916667,18.6630871041667,68.3895334375,2.7681996875,87.0176541666667,19.0585833333333,15.764,22.865,0.1,280.38049047619,0.272820145833333,0.382222895833333,0.197866,23.7,23.22625,22.9455,6.38114202916667,3.50443125,"actual",358,"2019"
2019-12-25,-4.60714542553191,33.7951368958333,103.58445606383,3.0152183125,84.9901083333333,19.3473333333333,15.186,23.961,5.1,392.782756521739,0.273622208333333,0.3789403125,0.208627083333333,23.7,23.1705833333333,23.4011666666667,9.45997807916667,4.4457875,"actual",359,"2019"
2019-12-26,-2.60194270833333,28.4152891875,88.128255125,1.85566327083333,86.7582375,18.8351041666667,14.178,24.069,14.3,409.29838,0.273814166666667,0.375504166666667,0.2419686875,23.7,23.38025,23.583,8.74065955625,4.98412291666667,"actual",360,"2019"
2019-12-27,-5.54433584680851,37.2667816458333,95.09262625,2.389711125,85.94676875,20.0258125,16.843,25.15,36.7,378.519366818182,0.271850666666667,0.382968041666667,0.326556916666667,23.7,23.7439375,24.2535208333333,9.17546804166667,5.3889125,"actual",361,"2019"
2019-12-28,-1.66622355319149,44.447470625,89.8791945833333,2.30606664583333,87.629175,19.2393125,16.701,24.566,16.4,354.088235238095,0.2741881875,0.513966625,0.37276175,23.8294583333333,23.7857916666667,23.8482708333333,7.87711182083333,4.76625833333333,"actual",362,"2019"
2019-12-29,-5.03016983333333,23.1035404854167,90.4369073125,3.30895860416667,83.6308,19.780125,17.049,23.96,0.2,355.178668181818,0.277427083333333,0.5009868125,0.361697229166667,23.9,23.7817291666667,23.7503333333333,8.19724937291667,3.57097291666667,"actual",363,"2019"
2019-12-30,-4.187945,25.9001972916667,92.54111564,3.4028503125,80.3310520833333,18.6861875,14.018,23.165,0,439.38431,0.2761959375,0.447420833333333,0.331729854166667,23.9,23.339375,23.0122916666667,7.86136614583333,2.56847083333333,"actual",364,"2019"
2019-12-31,-3.60521595833333,29.7660847916667,89.3717239375,2.92408397916667,81.1128083333333,18.5310208333333,14.558,23.5,0,428.51090952381,0.277158333333333,0.431736145833333,0.312138791666667,23.9,23.0555208333333,22.8549166666667,7.65114374583333,2.36955625,"actual",365,"2019"
2020-01-01,-2.50741241666667,28.6320697916667,111.560867875,3.4381266875,74.5908416666667,18.8652083333333,14.267,24.059,0,469.5304,0.276780583333333,0.420436833333333,0.293727729166667,23.8976041666667,23.3071666666667,23.7357083333333,7.46360423125,2.83575416666667,"actual",1,"2020"
2020-01-02,-1.70033922916667,29.372681875,91.7000116041667,3.61608370833333,80.34375,18.5978125,15.093,24.196,0,445.124571428571,0.274463166666667,0.415765270833333,0.2718319375,23.8869791666667,23.438625,23.627125,7.92979507708333,3.91252083333333,"actual",2,"2020"
2020-01-03,-1.42505212765957,30.0435737021277,88.2031513617021,3.54038989361702,82.5471234042553,18.8684680851064,14.791,23.393,0.00919148936170213,376.669340909091,0.274,0.411902872340426,0.252140425531915,23.8956808510638,23.4938936170213,23.6043617021277,8.02326063958333,4.21339166666667,"actual",3,"2020"
2020-01-04,-3.03185404166667,37.2973155,96.3113852083333,3.12314564583333,83.6341520833333,18.3518125,14.912,22.963,0,394.625060454545,0.274128770833333,0.406586729166667,0.236405854166667,23.8986875,23.5120208333333,23.819375,7.873559625,3.45271041666667,"actual",4,"2020"
2020-01-05,-4.17682645833333,33.2099894791667,101.1544759375,2.53834347916667,81.44645,19.0610416666667,13.758,24.797,0,461.1195,0.272278979166667,0.402560208333333,0.222243958333333,23.8996666666667,23.7159166666667,24.5540416666667,8.573923475,3.10427083333333,"actual",5,"2020"
2020-01-06,-5.59548568181818,36.1193336041667,113.298121717391,2.81147720833333,84.3703395833333,19.7287291666667,16.043,25.177,0.107,427.262154545455,0.271531770833333,0.398992666666667,0.217654520833333,23.9,24.3446041666667,25.2772916666667,8.77315014166667,2.90311666666667,"actual",6,"2020"
2020-01-07,-2.93084630434783,27.6934711276596,88.8686002173913,3.27501814893617,91.0334489361702,18.6471489361702,16.181,22.577,0.0439148936170213,324.77540952381,0.272336531914894,0.394989595744681,0.314191340425532,24.0575319148936,24.0381063829787,23.5062978723404,7.23746646875,2.30581666666667,"actual",7,"2020"
2020-01-08,-2.54300552380952,23.4027949765957,121.11530742,3.24778785416667,90.80035625,17.8481666666667,15.513,21.769,0.117,286.960218695652,0.273372625,0.387838854166667,0.347439479166667,24.1916666666667,23.0802708333333,22.10625,6.97332119375,1.82631458333333,"actual",8,"2020"
2020-01-09,-5.55598160416667,22.007395375,65.4787760625,2.2443093125,88.791475,18.2946875,14.918,23.682,0.026,342.418547619048,0.272596541666667,0.387988229166667,0.33644925,23.9089583333333,22.630875,22.364625,7.22552804791667,1.86655625,"actual",9,"2020"
2020-01-10,-3.7553093125,27.1629295,96.6109764583333,2.2041709625,85.9871666666667,19.3340416666667,15.431,25.038,0.001,406.304954545455,0.271,0.388619458333333,0.3237979375,23.8286875,22.9950625,23.3755416666667,8.0961996,2.54417291666667,"actual",10,"2020"
2020-01-11,-2.79091830434783,25.0683376521739,108.053992586957,2.3355992173913,80.3784739130435,19.7930217391304,14.857,25.569,0,437.530522380952,0.271000717391304,0.389144891304348,0.305660086956522,23.7038260869565,23.5755869565217,24.408347826087,7.98082777708333,2.79021041666667,"actual",11,"2020"
2020-01-12,-1.66394875,30.6343917083333,94.1690394791667,1.72602971458333,80.7803520833333,19.9211875,15.9690000000001,26.216,0,491.234368421053,0.271001395833333,0.388423791666667,0.286957854166667,23.8397083333333,23.9858125,24.7121041666667,7.96594739375,2.67755625,"actual",12,"2020"
2020-01-13,0.742650223255814,14.2441593191489,71.648851173913,2.43555689583333,88.7716145833333,18.1388125,15.618,23.121,0.174,290.944675,0.2719840625,0.443277083333333,0.357111791666667,23.9011458333333,23.7719166666667,23.2332291666667,5.645215275,2.85455,"actual",13,"2020"
2020-01-14,-4.18278239583333,28.31970495625,89.2442461458333,3.32563116666667,86.08804375,19.1651666666667,15.589,23.345,0,401.381498571429,0.270965979166667,0.436471541666667,0.335384083333333,23.9033125,23.3380625,23.1527083333333,8.72365072916667,4.26720833333333,"actual",14,"2020"
2020-01-15,-4.51510958333333,34.1661302708333,107.634497625,3.50539604166667,83.2713770833333,19.66325,16.054,24.299,0,473.97455,0.268456145833333,0.421812458333333,0.317949958333333,23.9,23.4627708333333,24.0642708333333,10.4197191666667,5.07778958333333,"actual",15,"2020"
2020-01-16,-2.5325793125,23.529542625,82.4157892708333,3.53935604166667,85.1534958333333,19.2645,15.724,23.539,0,355.04069047619,0.268043020833333,0.414452166666667,0.301748416666667,23.9,23.673125,23.6234791666667,8.71940455625,4.84215,"actual",16,"2020"
2020-01-17,-2.58115195833333,21.0670796875,72.3520370416667,2.26659697916667,83.0437958333333,19.233,15.233,24.325,0,329.108228571429,0.268092958333333,0.4089566875,0.286080125,23.90125,23.4951458333333,23.573625,8.27812808333333,5.39085625,"actual",17,"2020"
2020-01-18,-3.27684416666667,27.8444674583333,98.0883275208333,2.10746495833333,81.77878125,19.6950208333333,15.629,25.213,0,479.835352631579,0.268428770833333,0.405760020833333,0.268003375,23.900375,23.8104791666667,24.5860625,10.2866259895833,6.66065208333333,"actual",18,"2020"
2020-01-19,-4.44911991666667,25.5807173958333,93.7387755708333,2.26418285416667,80.6882979166667,19.6159583333333,14.574,25.266,0,393.970833333333,0.2692206875,0.400555145833333,0.247085395833333,24.0671458333333,24.1942708333333,24.8522083333333,10.8225368479167,7.48388541666667,"actual",19,"2020"
2020-01-20,-3.70807535416667,32.9033456875,104.49447939375,1.91482744166667,79.6505833333333,19.7736458333333,14.658,25.735,0,458.694914285714,0.270134104166667,0.396343041666667,0.229558333333333,24.2,24.4507083333333,25.4271666666667,12.0274167416667,8.01579791666667,"actual",20,"2020"
2020-01-21,-4.03148597916667,26.07964525,93.4857600208333,2.32327302083333,78.3034604166667,19.9724791666667,15.245,25.139,0,396.494757142857,0.270770854166667,0.390971541666667,0.209707604166667,24.205625,24.6558541666667,25.3026041666667,11.6094906875,8.143775,"actual",21,"2020"
2020-01-22,-4.470797875,20.9819324166667,84.2206494166667,2.66607216666667,77.1369520833333,19.7261875,16.269,23.653,0,330.991057142857,0.2708035,0.384588145833333,0.194647229166667,24.3693958333333,24.4668958333333,24.5809375,10.97964186875,7.65995416666667,"actual",22,"2020"
2020-01-23,-2.55351365531915,25.8635046666667,74.0071415416667,2.99433229166667,84.4347791666667,19.2292916666667,16.723,23.311,0,318.197127142857,0.269463208333333,0.378149291666667,0.18364025,24.4,24.2148125,24.3843541666667,10.3342487375,7.46621041666667,"actual",23,"2020"
2020-01-24,-2.91287285416667,20.5617547083333,49.9589370833333,2.20732033333333,85.08013125,18.9330625,16.766,22.385,0,210.711736521739,0.268115208333333,0.371351395833333,0.175269395833333,24.4,24.0318958333333,23.732875,8.99419443125,7.69559166666667,"actual",24,"2020"
2020-01-25,-2.29862753191489,27.524905875,59.1093501276596,2.98333160416667,85.7023041666667,18.9204166666667,16.126,23.474,0.002,296.286823809524,0.268,0.364959729166667,0.168387770833333,24.3975833333333,23.67525,23.4992083333333,9.70954731666667,6.98731041666667,"actual",25,"2020"
2020-01-26,-0.690780046511628,34.78285,73.7396051190476,3.120320875,90.60025,18.2185416666667,16.011,21.796,0.174,276.237774545455,0.2681805625,0.359763145833333,0.2557104375,24.2378541666667,23.3255208333333,22.5421041666667,8.62626256666667,5.20280416666667,"actual",26,"2020"
2020-01-27,-4.27910216666667,34.464019625,64.6425447291667,3.28547785416667,91.2876645833333,18.1158125,15.758,21.756,0.033,282.477659090909,0.267884791666667,0.353151375,0.311650041666667,24.2,22.7362916666667,21.8954791666667,8.62513965,4.32447083333333,"actual",27,"2020"
2020-01-28,-5.88750477272727,37.8548910666667,98.7440948043478,3.15502316666667,94.45813125,17.4850416666667,15.283,20.928,0.178,257.553130454545,0.265353479166667,0.4011111875,0.3431598125,23.9788958333333,22.2493958333333,21.1719166666667,7.81593678125,4.34645416666667,"actual",28,"2020"
2020-01-29,-5.25597351041667,40.3525586458333,97.5105535375,2.65793128958333,87.5720541666667,18.9668125,15.648,23.87,0,461.042642857143,0.265853041666667,0.393187895833333,0.320125416666667,23.8039583333333,22.414875,22.7354166666667,10.4048115145833,4.84395,"actual",29,"2020"
2020-01-30,-4.1587370625,44.520264375,102.076204375,2.90219591666667,86.6875458333333,19.1254583333333,16.024,23.804,0,443.796013636364,0.2659993125,0.38332225,0.302309729166667,23.7,23.0342291666667,23.4165833333333,10.3148970395833,4.98457916666667,"actual",30,"2020"
2020-01-31,-1.81151395833333,29.8765848125,98.418269375,2.44719172916667,83.3852166666667,19.5672916666667,15.4450000000001,24.686,0,377.762090909091,0.2659860625,0.374965479166667,0.2831605,23.7001458333333,23.4547708333333,23.9178333333333,9.33058154583333,5.18226458333333,"actual",31,"2020"
2020-02-01,-4.169275225,29.1138402291667,95.744535,2.394831125,86.5734666666667,18.5428125,15.064,23.725,93.099,363.928295454545,0.265998625,0.4757991875,0.356166145833333,23.8367291666667,23.2684583333333,23.2383333333333,9.03564217708333,4.96827916666667,"actual",32,"2020"
2020-02-02,-5.17702746808511,16.1950474166667,82.6677282978723,1.9461141875,83.6887791666667,18.5995208333333,15.454,24.213,0,355.735147368421,0.2687948125,0.515085833333333,0.370100645833333,23.8951041666667,23.2470416666667,23.0478958333333,7.85944218541667,5.171525,"actual",33,"2020"
2020-02-03,-5.70763583333333,35.776543125,103.835061125,2.554575125,84.82424375,18.9831666666667,15.136,24.178,0,447.031995454545,0.274117395833333,0.506922208333333,0.359497270833333,23.8738541666667,23.0248541666667,22.9900625,10.48122250625,5.60865625,"actual",34,"2020"
2020-02-04,-4.03293672916667,34.9001323333333,102.635406479167,3.18616229166667,82.5968229166667,18.9962083333333,14.466,23.998,0,419.048026086957,0.273393729166667,0.4537736875,0.3338214375,23.7303958333333,23.0954583333333,23.0726875,10.224890075,5.72251875,"actual",35,"2020"
2020-02-05,-4.5183749787234,35.43104775,107.042450276596,2.86328197916667,82.7321291666667,18.6233125,13.047,23.96,0,459.941209090909,0.274343020833333,0.4369881875,0.315616625,23.7235,23.0648541666667,23.0595,10.2121043708333,5.45592708333333,"actual",36,"2020"
2020-02-06,-4.07842891304348,37.5298976666667,120.173504979167,2.56176733541667,78.1410583333333,18.6345,14.813,24.547,0,487.281371428571,0.27308575,0.42855575,0.295932916666667,23.7152916666667,23.1982291666667,23.41775,9.61833634791667,4.8952625,"actual",37,"2020"
2020-02-07,-2.71634595744681,23.6450404042553,122.521128478261,3.7429696106383,74.5727085106383,19.147914893617,13.233,25.598,0,518.23976,0.272340468085106,0.419916829787234,0.271309382978723,23.7312340425532,23.120829787234,23.2252127659574,9.00414112916667,4.1177625,"actual",38,"2020"
2020-02-08,-2.87338574583333,25.9051964583333,105.3211089875,4.26571708333333,79.5175979166667,18.7088125,14.714,24.318,0,444.892213636364,0.271186020833333,0.414467666666667,0.249204875,23.7076041666667,23.1342083333333,23.24375,8.56487817083333,3.37998541666667,"actual",39,"2020"
2020-02-09,-4.43034944375,33.5102662145833,115.277075777083,3.10341264583333,77.126025,18.4323541666667,14.378,24.001,0,469.727383181818,0.269755583333333,0.409799979166667,0.23103125,23.7,23.1571458333333,23.465875,8.9617819125,3.0716125,"actual",40,"2020"
2020-02-10,-5.13869985416667,31.3244232916667,111.783186395833,1.91224127083333,69.58856875,18.8336666666667,12.547,25.975,0,494.418619047619,0.2702666875,0.402188208333333,0.210702125,23.7,23.1952083333333,23.5064791666667,8.78289622291667,2.90851875,"actual",41,"2020"
2020-02-11,-3.52506009583333,22.2113270208333,113.492540883333,1.9294493125,63.1414666666667,20.0021875,12.815,27.743,0,490.808128571429,0.2694868125,0.395122416666667,0.1910461875,23.7,23.3136875,23.8458333333333,8.39962711875,2.83894375,"actual",42,"2020"
2020-02-12,-4.55288529395833,29.936576625,104.717626125,2.53895941666667,74.5326645833333,20.2462291666667,13.965,26.154,0,472.93120952381,0.269314083333333,0.3859589375,0.177228270833333,23.7,23.6595833333333,24.4349166666667,8.63246293333333,3.0082375,"actual",43,"2020"
2020-02-13,-2.58210770833333,38.1819423333333,85.7830414375,3.73677104166667,85.5156083333333,19.6303125,15.651,24.615,0,402.751560869565,0.267468333333333,0.377772895833333,0.1682645625,23.800625,24.0114375,24.6296666666667,9.12954033125,3.6205,"actual",44,"2020"
2020-02-14,-3.8190875625,45.600276875,86.1118472083333,4.55424308333333,82.0524791666667,19.2813333333333,16.144,24.175,0,465.958471428571,0.266765833333333,0.368641604166667,0.1621120625,23.9,23.9339583333333,24.155875,9.68606753333333,4.28422916666667,"actual",45,"2020"
2020-02-15,-1.470806375,30.5638102083333,77.566191875,3.99678916666667,85.67349375,18.3563541666667,15.785,23.661,0,325.985481818182,0.2646939375,0.360003375,0.157003458333333,23.9,23.5841458333333,23.1291458333333,7.91830247083333,4.78547708333333,"actual",46,"2020"
2020-02-16,-2.29267594791667,31.2259929166667,77.1162102895833,2.9769324375,87.5981625,18.1916041666667,15.729,22.674,0,312.794965217391,0.264999291666667,0.3510985625,0.154323333333333,23.9,22.8837708333333,22.1605833333333,8.254884525,5.34795833333333,"actual",47,"2020"
2020-02-17,-3.78530654166667,45.1649216645833,106.48149493617,3.57307120833333,84.9798729166667,19.4125208333333,15.509,24.993,0,466.848572727273,0.2641368125,0.342500708333333,0.155657020833333,23.8639375,22.829125,22.9550416666667,10.4169021145833,6.09897083333333,"actual",48,"2020"
2020-02-18,-3.33289939791667,42.8154839166667,92.397373875,3.3252675625,82.8534708333333,19.3140416666667,14.855,24.592,0,494.145595238095,0.263674270833333,0.334013125,0.1551590625,23.7001875,23.0545,23.1885833333333,10.0875087854167,6.15522916666667,"actual",49,"2020"
2020-02-19,-2.89393520833333,48.9535714583333,95.0610779166667,3.38158602083333,82.7634666666667,19.719625,16.24,25.129,0,464.391890909091,0.263508375,0.325480604166667,0.155286770833333,23.7,23.4166875,23.801125,9.67602828541667,5.89602291666667,"actual",50,"2020"
2020-02-20,-2.68168374468085,45.1190327916667,103.839654958333,2.36676789583333,77.5890875,20.2947916666667,14.473,26.543,0,495.541531818182,0.261134770833333,0.317154916666667,0.152872875,23.8014583333333,23.7188125,24.3392708333333,9.41552278541667,5.60703958333333,"actual",51,"2020"
2020-02-21,-3.66097947916667,50.2315858125,97.4733487916667,2.71048225,78.5668645833333,20.382875,15.674,26.271,0,454.605004347826,0.2595933125,0.309938645833333,0.150834270833333,23.8995,24.1081458333333,24.9110208333333,9.2691559875,5.20022291666667,"actual",52,"2020"
2020-02-22,-2.97260327659574,39.1023932916667,65.1170492083333,3.14673372916667,85.4566583333333,19.5436875,15.713,25.242,16.548,329.884631304348,0.259171708333333,0.302909479166667,0.146974833333333,24.0291041666667,24.1549375,24.251375,7.52055877916667,4.47995,"actual",53,"2020"
2020-02-23,-2.72834841666667,46.5565185625,67.7282999166667,3.68630597916667,84.715175,19.7012291666667,16.545,24.634,1.446,340.449337826087,0.258051020833333,0.296969416666667,0.145760583333333,24.2,23.9969583333333,24.1592083333333,7.40659993541667,3.6855,"actual",54,"2020"
2020-02-24,-3.21155195833333,53.7977041666667,85.2863201041667,3.45438329166667,75.5283854166667,19.7003541666667,16.307,25.161,0.006,464.480604761905,0.25691175,0.2911,0.1438639375,24.2,23.9562083333333,24.2847083333333,7.57427475208333,3.54814375,"actual",55,"2020"
2020-02-25,-3.35147607291667,55.6431124375,88.9990619914894,1.96034148125,71.101225,20.6094166666667,14.283,27.144,0.002,448.613434761905,0.254513875,0.2847686875,0.1404631875,24.2,23.9729583333333,24.2510625,7.60065919375,4.29104375,"actual",56,"2020"
2020-02-26,0.4358425,50.0129006041667,89.9370579583333,2.64921,82.9139854166667,20.2818125,16.848,26.368,0.001,402.660579565217,0.253238895833333,0.28143125,0.138956958333333,24.2,24.1892083333333,24.3675833333333,7.5190518375,4.368725,"actual",57,"2020"
2020-02-27,-2.59639397916667,66.8873188541667,88.060484375,4.0889633125,84.7450833333333,19.7574166666667,15.887,25.47,0,461.746848636364,0.251262541666667,0.2766403125,0.137877104166667,24.2146041666667,23.9540833333333,24.0374583333333,7.82514276041667,4.01141458333333,"actual",58,"2020"
2020-02-28,-1.97695995833333,57.8447458333333,71.4281668125,3.74056352083333,79.09181875,20.0058541666667,16.428,25.482,0,435.295571428571,0.248684020833333,0.270250708333333,0.136894458333333,24.2553541666667,23.8492708333333,23.8811666666667,6.49413548958333,3.31984166666667,"actual",59,"2020"
2020-02-29,-1.87924620833333,47.6085363541667,58.9470019354167,1.91064095833333,77.35739375,20.4700625,14.514,26.991,0,354.413463636364,0.246598583333333,0.266449958333333,0.135897604166667,24.2474791666667,23.829375,23.9155,4.97231676875,2.07781041666667,"actual",60,"2020"
2020-03-01,0.475960425531915,61.4218170833333,61.9235164375,1.9063486875,82.2723229166667,20.1408541666667,15.929,27.255,0.035,291.59169,0.244947895833333,0.261700020833333,0.134136854166667,24.3004375,24.0595416666667,23.9708958333333,3.55192985416667,1.65216875,"actual",61,"2020"
2020-03-02,-1.75984879166667,39.2552146808511,77.2276656458333,2.34017804166667,86.3372875,18.8536875,15.826,25.187,22.433,350.66203,0.2455528125,0.286582020833333,0.316854854166667,24.3669375,23.3706666666667,22.7675625,4.18926281666667,1.6949,"actual",62,"2020"
2020-03-03,-1.66824572916667,40.5424716875,87.2402942083333,2.56289610416667,80.6885833333333,20.4949375,16.487,25.456,0,399.281080454545,0.243969395833333,0.287486854166667,0.294354145833333,24.2021458333333,23.37925,23.3624375,5.42364260625,2.39317708333333,"actual",63,"2020"
2020-03-04,-0.863373145833333,47.6278556041667,105.719923895833,2.06896939583333,78.1968270833333,20.5271458333333,16.727,26.123,0,429.635066666667,0.242947208333333,0.284170125,0.270510458333333,24.2,23.6145208333333,23.7129791666667,5.93932493541667,3.21628333333333,"actual",64,"2020"
2020-03-05,-1.91492433333333,36.4843361666667,118.09548975,2.65839735416667,71.1601875,19.7951458333333,15.118,27.371,0.739,437.929387727273,0.2423971875,0.280602708333333,0.2867299375,24.2,23.5811666666667,23.2834375,6.30391558541667,3.60179166666667,"actual",65,"2020"
2020-03-06,-2.93153322916667,43.2544267708333,100.757564722917,2.1077095,71.3860125,20.3375208333333,15.4,26.896,0,471.303476190476,0.242220854166667,0.275613916666667,0.2670166875,24.2,23.234875,22.9680833333333,6.61309776458333,3.9810125,"actual",66,"2020"
2020-03-07,-2.06332747083333,46.4022294583333,102.984985395833,2.741119875,74.5558895833333,20.3939166666667,15.209,27.027,0,448.568586956522,0.241359666666667,0.272890270833333,0.234192333333333,24.2,23.473875,23.5682916666667,7.0941549625,4.18939583333333,"actual",67,"2020"
2020-03-08,-1.90710854166667,63.6625670416667,91.3398936458333,3.28264422916667,84.5495875,19.974375,16.249,25.241,0,479.279210454545,0.2414953125,0.269375020833333,0.203724479166667,24.2,23.7298125,23.9539375,7.75505494375,4.21801875,"actual",68,"2020"
2020-03-09,-0.693151083333333,36.007227125,61.1220895625,2.37987629166667,86.105725,19.901375,16.921,25.396,0,317.317259090909,0.238597229166667,0.2673951875,0.182231958333333,24.2,23.8821875,23.8325,5.74384743958333,4.25995833333333,"actual",69,"2020"
2020-03-10,-1.88868075,54.8874533958333,81.8747848958333,2.860709375,81.9543520833333,20.2551666666667,16.558,25.559,0,461.439022380952,0.238437520833333,0.264399291666667,0.168291708333333,24.2,23.8190625,23.934625,7.17248480208333,4.3304125,"actual",70,"2020"
2020-03-11,-1.84564522916667,58.2931720833333,77.8319945,3.19098185416667,83.5446229166667,20.07025,15.981,25.99,0,432.068445454545,0.2365360625,0.262293,0.156514583333333,24.2,23.8667708333333,24.0033541666667,7.0277484125,3.91033541666667,"actual",71,"2020"
2020-03-12,-1.3624875625,54.4208599375,56.8662176875,3.47349202083333,84.4148166666667,19.8527083333333,16.713,25.091,0,345.830418181818,0.2348389375,0.258803479166667,0.148670166666667,24.2085,23.9069166666667,23.8484166666667,5.6880271375,3.10643958333333,"actual",72,"2020"
2020-03-13,-1.31465191304348,59.4160373191489,67.766095787234,3.34671844680851,81.9585872340426,20.1830638297872,16.541,25.71,0,404.115152380952,0.234444574468085,0.255034787234043,0.145153659574468,24.2815744680851,23.9214680851064,23.9843404255319,5.68554955833333,3.39752083333333,"actual",73,"2020"
2020-03-14,-0.663681162162162,43.6355984594595,44.5539045135135,2.552983,84.8059648648649,19.3837837837838,14.631,25.857,0.00648648648648649,362.449728571429,0.233796405405405,0.252384,0.140829567567568,24.3288918918919,24.0105675675676,23.8184054054054,3.4942355625,3.9697375,"actual",74,"2020"
2020-03-15,-2.11237420454545,105.048142272727,74.5368831363636,1.86243840909091,80.5703227272727,20.4797272727273,16.057,26.938,0,455.2231,0.2316,0.247948590909091,0.138146954545455,24.3980909090909,23.988,24.1446818181818,4.14000807291667,4.98687708333333,"actual",75,"2020"
2020-03-16,-1.53108279166667,97.16719875,66.3626204166667,2.4795315,80.6366625,20.8169166666667,15.913,28.211,0,434.753028571429,0.230711125,0.244059666666667,0.13525425,24.4,24.3299583333333,24.36975,4.31851334375,6.14050208333333,"actual",76,"2020"
2020-03-17,-0.161717,45.2925495833333,36.350038875,3.23719908333333,84.3230375,20.2639583333333,17.176,25.809,0,418.438571428571,0.229405541666667,0.239062541666667,0.134340333333333,24.54825,24.82675,25.3055833333333,2.00869732708333,5.375625,"actual",77,"2020"
2020-03-18,-0.250632291666667,60.9890233333333,41.6186958333333,3.90366083333333,79.2890916666667,20.137,16.055,25.718,0,407.6181125,0.229122291666667,0.234836125,0.131669458333333,24.7,24.7662916666667,25.19075,1.88906726041667,4.03338125,"actual",78,"2020"
2020-03-19,-1.64447018181818,94.4413364545454,89.6893290909091,3.41701227272727,82.4583318181818,19.3370909090909,15.327,25.396,0.0261818181818182,387.0441,0.228800454545455,0.229786681818182,0.129314863636364,24.7,24.3017272727273,23.6241818181818,2.75888076458333,2.95450416666667,"actual",79,"2020"
2020-03-20,-2.46046195833333,114.854625083333,65.4150987083333,3.58414791666667,80.97615,19.8052083333333,15.529,26.221,0,434.777485714286,0.227955541666667,0.225856958333333,0.126608333333333,24.7,24.0664166666667,23.5799166666667,2.72529439166667,2.86482291666667,"actual",80,"2020"
2020-03-21,0.631040647826087,67.4692295652174,50.0321955217391,3.59626130434783,77.7474260869565,19.5063043478261,15.85,25.09,0.0271304347826087,505.421171428571,0.226834782608696,0.223762391304348,0.126299913043478,24.7,24.4745217391304,24.5087391304348,1.42521272708333,2.96663958333333,"actual",81,"2020"
2020-03-22,-0.138728245833333,72.2515054166667,40.0827442083333,3.0015275,71.6610541666667,19.5705416666667,15.35,25.098,0,462.2074125,0.226438916666667,0.218968083333333,0.124565333333333,24.700375,24.3697083333333,24.6745833333333,1.53743543125,3.13469166666667,"actual",82,"2020"
2020-03-23,-1.98894839130435,134.937210869565,63.0117546521739,2.725362,74.4645304347826,20.0474347826087,14.282,26.848,0,455.015828571429,0.225449304347826,0.216339130434783,0.122740565217391,24.700347826087,24.1194782608696,23.6957391304348,2.80050805833333,3.6227125,"actual",83,"2020"
2020-03-24,-0.552637045454546,89.7351331818182,47.1738789090909,2.90285131818182,78.22705,20.2292272727273,15.973,26.704,0,343.9928,0.223853,0.213324272727273,0.122248454545455,24.7517727272727,24.5017272727273,24.203,2.422994875,4.8496625,"actual",84,"2020"
2020-03-25,1.35696616,34.72026576,17.39016,2.449266,75.217156,20.50252,16.357,26.196,0,315.294285714286,0.22441452,0.20851888,0.12136596,24.89892,24.6732,24.40144,1.25193614583333,4.88448125,"actual",85,"2020"
2020-03-26,0.939561565217391,53.09012125,33.5366197391304,2.15307575,79.7088583333333,19.9850833333333,15.441,26.751,0.322,286.62017125,0.223155416666667,0.207606125,0.12523325,24.9,24.3047083333333,23.8129166666667,1.14502837708333,4.34381875,"actual",86,"2020"
2020-03-27,2.92429017391304,54.9213926086957,70.4464804347826,2.27585826086957,85.3256652173913,18.7812608695652,15.747,24.9690000000001,0.0396521739130435,319.499684615385,0.224325869565217,0.204511608695652,0.313332347826087,24.8921739130435,23.4148695652174,22.0626086956522,1.95316561666667,4.16927083333333,"actual",87,"2020"
2020-03-28,0.500850208333333,57.0784060916667,63.2215632916667,1.72726579166667,83.483975,19.733375,16.339,24.857,0,271.81145,0.22427775,0.202413833333333,0.28676675,24.70675,23.229,22.4175416666667,2.56007807916667,5.71620625,"actual",88,"2020"
2020-03-29,-2.27434909090909,30.4247720434783,69.1543769565217,2.58472495652174,80.7070739130435,18.9702608695652,14.046,25.289,0.229565217391304,437.573,0.222646434782609,0.193021695652174,0.336004391304348,24.6174347826087,23.1418260869565,22.5903913043478,1.99449096458333,5.9030625,"actual",89,"2020"
2020-03-30,-2.70531669565217,84.4022157826087,116.920646608696,2.40894847826087,83.6866173913044,19.9216956521739,15.37,25.894,0.00208695652173913,437.068635714286,0.22329447826087,0.187723043478261,0.324314565217391,24.4,22.789652173913,22.1546086956522,3.91533746875,5.23547083333333,"actual",90,"2020"
2020-03-31,1.42485458333333,38.05741225,67.82123325,3.56142304166667,82.7573958333333,20.2440416666667,17.009,24.885,0,430.2244,0.222509791666667,0.192286083333333,0.298723666666667,24.281875,23.3191666666667,23.338375,2.12642273541667,4.31397291666667,"actual",91,"2020"
2020-04-01,-2.83090909090909,83.7248565,136.594325954545,3.01453459090909,80.8002409090909,20.1204090909091,15.329,25.561,0.00218181818181818,438.756278571429,0.221257636363636,0.195940954545455,0.279893954545455,24.2,22.9773181818182,22.4428181818182,3.54636778333333,3.02823125,"actual",92,"2020"
2020-04-02,-2.82112958333333,58.0042026666667,94.5237054166667,2.362772375,86.4516291666667,19.2842916666667,14.246,24.999,0,392.296657142857,0.222140291666667,0.201545875,0.256258166666667,24.2,23.053625,22.32975,3.19169283541667,2.30368541666667,"actual",93,"2020"
2020-04-03,-0.168047916666667,34.014564125,71.8250841666667,3.11698979166667,80.1356416666667,19.616,16.518,24.577,0,426.8756125,0.223006958333333,0.205137541666667,0.232065291666667,24.2,23.380375,23.4308333333333,2.05348276666667,2.39839375,"actual",94,"2020"
2020-04-04,-0.647604318181818,40.2834361363636,74.1923599363636,3.32161881818182,81.2535863636364,19.4949545454545,15.388,24.531,0,451.4931875,0.223065318181818,0.206574,0.212467454545455,24.2,23.3952272727273,23.2921363636364,2.217033825,2.35329791666667,"actual",95,"2020"
2020-04-05,-4.91699239130435,69.9044373913044,109.460592173913,3.10361913043478,81.2349260869565,19.6513043478261,15.368,25.354,0,410.324042857143,0.222735043478261,0.207482608695652,0.194721695652174,24.2,23.1299130434783,22.5683913043478,4.00853735,2.17746666666667,"actual",96,"2020"
2020-04-06,-3.76533193043478,63.9632780869565,106.338002217391,3.256202,84.3316043478261,19.5861739130435,16.054,25.315,0.00208695652173913,408.019069230769,0.222325956521739,0.210124652173913,0.180621782608696,24.2,23.2950869565217,22.7169565217391,3.69996889791667,1.92460416666667,"actual",97,"2020"
2020-04-07,0.2575392,27.65677944,45.47084064,3.05944048,88.052736,19.49232,17.261,23.814,0,305.6059,0.22182932,0.21108664,0.16887864,24.2,23.43344,23.0822,1.60093800833333,1.61998541666667,"actual",98,"2020"
2020-04-08,0.224294625,41.4718854583333,62.867210875,3.258473125,80.133525,19.879375,16.099,24.923,0,484.465657142857,0.220901291666667,0.210136125,0.161062541666667,24.2,23.3108333333333,23.4464166666667,1.93556203541667,1.37285,"actual",99,"2020"
2020-04-09,-4.24121717391304,71.8146413043478,90.01996,2.79784434782609,80.7014391304348,19.4359130434783,14.565,25.312,0,375.023064285714,0.220574391304348,0.209340565217391,0.154442565217391,24.2,23.2176956521739,22.495652173913,3.3751338625,1.16231416666667,"actual",100,"2020"
2020-04-10,-0.0760447826086957,38.5871470869565,54.1254117391304,2.85263886956522,77.383247826087,19.8200434782609,15.715,24.828,0,439.624783333333,0.220449391304348,0.210492739130435,0.148791304347826,24.2,23.3917391304348,23.311,1.34479448333333,1.35478104166667,"actual",101,"2020"
2020-04-11,-4.04422891304348,96.6795534782609,84.1754282608696,2.40790673913043,75.8107434782609,19.8380869565217,14.446,26.309,0,431.693278571429,0.220518782608696,0.20956952173913,0.143660826086957,24.2,23.0585217391304,22.1990869565217,3.21730133125,2.18417291666667,"actual",102,"2020"
2020-04-12,-1.91093573478261,78.6305971869565,63.2538295652174,2.01921734782609,77.8863173913043,19.7121304347826,13.394,26.147,0,350.852514285714,0.221157956521739,0.209695652173913,0.140721739130435,24.199347826087,23.0706086956522,22.3920869565217,2.77121914791667,2.2792,"actual",103,"2020"
2020-04-13,1.3070484,16.256616,26.12449376,2.57182632,84.547272,19.8422,16.24,24.761,0,232.216785714286,0.22168544,0.21106928,0.13821736,24.19912,23.39432,23.06756,0.956709029166667,1.5896125,"actual",104,"2020"
2020-04-14,0.953911,32.1440423333333,21.523868125,2.18975241666667,82.1381833333333,19.6619583333333,15.749,26.3200000000001,0,253.774738571429,0.221940333333333,0.210277625,0.1366185,24.1971666666667,23.3106666666667,23.2337083333333,0.785272039583333,1.04015583333333,"actual",105,"2020"
2020-04-15,1.00685954545455,62.1878127272727,80.6030985909091,1.93159072727273,82.9755272727273,19.5543636363636,15.933,26.53,0.104727272727273,372.362325,0.222013636363636,0.209962181818182,0.135243227272727,24.1780454545455,23.2092727272727,22.5562272727273,1.53906925625,0.626425416666667,"actual",106,"2020"
2020-04-16,-1.17137725,96.5431048333333,69.4881122083333,1.990814,84.4691291666667,19.1961666666667,14.994,25.944,0,410.62985,0.222247166666667,0.208497208333333,0.132597208333333,24.1755,23.1363333333333,22.366375,1.8634897625,0.582225833333333,"actual",107,"2020"
2020-04-17,1.9138328,3.56518,15.612035268,2.62139216,82.132052,19.3532,14.958,25.088,0,119.546485714286,0.22102576,0.20892784,0.132903,24.0878,22.93908,22.25144,0.401096445833333,1.01968791666667,"actual",108,"2020"
2020-04-18,7.20118314285714,72.2272469565217,173.890554590909,2.35064108695652,86.8779260869565,19.1942608695652,16.9570000000001,25.999,0.0876521739130435,237.1969125,0.22288847826087,0.218542391304348,0.233197869565217,23.9013913043478,22.7135652173913,21.9694782608696,0.59331793125,1.29829166666667,"actual",109,"2020"
2020-04-19,2.15476460869565,54.0301534782609,73.3335373913043,3.93766,86.8206391304348,18.5329130434783,15.63,22.944,0,280.189878571429,0.222037652173913,0.262654130434783,0.31711952173913,23.892347826087,22.1058695652174,21.0649565217391,1.86616967291667,1.44150625,"actual",110,"2020"
2020-04-20,-1.32794336363636,62.4972434782609,66.4407856521739,3.36673956521739,84.8277173913043,18.87,16.192,23.766,0.35895652173913,257.73395,0.223950739130435,0.258746391304348,0.294281173913043,23.7066086956522,21.9829130434783,21.1103913043478,1.89968247708333,1.62953541666667,"actual",111,"2020"
2020-04-21,0.0532541666666666,22.8909405,32.587991625,2.25319933333333,86.2029375,18.7132916666667,15.448,24.201,2.178,345.280866666667,0.223077833333333,0.437104125,0.3451305,23.6999166666667,22.0377083333333,21.6564583333333,1.11948291041667,1.80760625,"actual",112,"2020"
2020-04-22,1.05786904761905,10.1374328681818,43.3621811304348,2.24417765217391,88.7578608695652,18.6128260869565,15.473,22.268,7.01217391304348,169.016557142857,0.222774666666667,0.462126130434783,0.343085434782609,23.4088260869565,21.8924347826087,21.6175217391304,0.784364833333333,1.80162708333333,"actual",113,"2020"
2020-04-23,1.69924428571429,13.6320477272727,72.4883557142857,3.24984804347826,93.5540913043478,16.8241304347826,15.373,19.122,191.908173913043,134.636978571429,0.309544333333333,0.575807304347826,0.375668086956522,22.0849565217391,21.0689565217391,20.2663913043478,1.34904403541667,1.6529125,"actual",114,"2020"
2020-04-24,-2.98764517391304,56.6590382608696,82.1698334782609,2.53728608695652,81.4932086956522,18.991,14.838,24.437,0,321.915484666667,0.300092695652174,0.493855304347826,0.351267913043478,22.3995652173913,20.8721304347826,20.4820434782609,2.7979790125,1.66875,"actual",115,"2020"
2020-04-25,1.26616691666667,17.2855741666667,49.6202125,2.19742083333333,86.2845208333333,18.3763333333333,14.913,22.315,11.13,271.415628571429,0.312056384615385,0.532477833333333,0.378714416666667,22.2555833333333,21.2629583333333,20.883375,1.16581966875,1.55032916666667,"actual",116,"2020"
2020-04-26,0.0963908695652173,19.0414299130435,56.8519793043478,2.14725265217391,90.3278,18.7069130434783,16.598,24.708,3.62921739130435,232.65745,0.299324695652174,0.520025217391304,0.370607434782609,22.4,21.3949565217391,21.3466956521739,0.999057104166667,1.55256875,"actual",117,"2020"
2020-04-27,-1.92267452173913,45.618581826087,93.335458726087,2.38133034782609,81.5029565217391,18.4065217391304,13.849,22.357,0,306.328207142857,0.300196,0.531588347826087,0.366808565217391,22.4350869565217,21.2422173913043,20.3931739130435,2.53577425416667,1.63810833333333,"actual",118,"2020"
2020-04-28,-4.6080067826087,67.5923977826087,100.966021173913,2.41546847826087,82.0569695652174,18.9796956521739,14.055,24.833,0,368.933848666667,0.294919869565217,0.487195869565217,0.349914869565217,22.5997391304348,20.9887391304348,20.2063913043478,3.19226191666667,2.03905625,"actual",119,"2020"
2020-04-29,1.55332252,10.23894188,39.2758,2.62502484,84.850044,19.31368,16.555,23.754,0,221.0773,0.29192988,0.47062972,0.34592432,22.6,21.4638,21.19608,1.28075514583333,2.76584583333333,"actual",120,"2020"
2020-04-30,1.76772434782609,63.7905482608696,115.517882608696,3.2695052173913,82.4950434782609,19.4819565217391,16.453,24.7,0,393.381142857143,0.289586826086957,0.467557869565217,0.349820217391304,22.6,21.3563913043478,20.6157391304348,3.57379556666667,3.34333125,"actual",121,"2020"
2020-05-01,1.28036434782609,61.9365817083333,114.462314166667,2.973153125,83.7597666666667,18.9572916666667,15.79,24.424,0,357.859124666667,0.288283333333333,0.462340291666667,0.343543083333333,22.6268333333333,21.3757916666667,20.6204166666667,3.65031657083333,3.7220875,"actual",122,"2020"
2020-05-02,-1.56417208333333,39.6796092083333,75.11402375,2.33069420833333,83.8924666666667,19.0007916666667,16.275,24.206,0,233.4374,0.287573583333333,0.453680625,0.329183458333333,22.7704166666667,21.4677916666667,20.7672916666667,2.77107540833333,3.68954166666667,"actual",123,"2020"
2020-05-03,0.9672024,22.7434488,52.4571132,2.52989588,81.931992,19.31932,16.448,24.312,0,306.167625,0.285888,0.44433196,0.31360136,22.8,21.69776,21.31396,1.7277662875,3.45589791666667,"actual",124,"2020"
2020-05-04,1.97926691666667,17.2706130833333,63.2382174583333,2.71277804166667,80.6690125,19.4035833333333,14.975,25.003,0,463.681066666667,0.287183375,0.433659833333333,0.29732775,22.8,21.799125,21.5702916666667,1.6776165875,3.16419375,"actual",125,"2020"
2020-05-05,-1.51575181818182,57.5753936363636,86.2554368181818,2.66353359090909,82.0720136363636,19.3591363636364,15.019,24.461,0,348.492025384615,0.284690863636364,0.430712181818182,0.284578818181818,22.8,21.6999545454545,20.8958636363636,3.07079840208333,2.83578958333333,"actual",126,"2020"
2020-05-06,-0.251736086956522,49.7778508652174,77.600662173913,2.78089143478261,83.6996695652174,19.5317826086957,16.43,24.577,0,327.038953846154,0.283813,0.42791452173913,0.279958043478261,22.8008260869565,21.727652173913,21.0364347826087,2.80374606458333,2.67152291666667,"actual",127,"2020"
2020-05-07,1.03967033333333,11.64820075,41.5277108333333,3.33140083333333,84.009175,18.4764166666667,16.113,21.771,0,197.422775,0.285993041666667,0.441684791666667,0.32587775,22.8031666666667,21.70425,20.8971666666667,1.32682989791667,2.58997708333333,"actual",128,"2020"
2020-05-08,0.574104347826087,12.1536700869565,54.4792720434783,3.16303956521739,84.9726260869565,18.2828260869565,14.62,22.766,0,254.057425,0.284952434782609,0.433493565217391,0.312850695652174,22.8009130434783,21.2969565217391,20.5021739130435,1.50431129791667,2.72102916666667,"actual",129,"2020"
2020-05-09,-0.500514615384615,32.1516863076923,65.5763546923077,1.65401438461538,86.5283153846154,17.9805384615385,16.379,21.01,0,226.7948,0.283035923076923,0.431137538461538,0.306069230769231,22.8,21.1066923076923,19.9544615384615,1.36062373958333,2.79400454545455,"actual",130,"2020"
2020-05-10,NA,49.2066557386306,66.4216633396401,3.46585483308828,79.6550520323853,18.7957743833067,14.6128068849706,23.9448723761545,1.49181100331317,352.057818580679,0.308238172987861,0.304789101547781,0.213042410656972,24.5755250238749,23.7732113779318,23.7549891807109,0,NA,"filled",131,"2020"
2020-05-11,NA,49.2066557386306,66.4216633396401,3.46585483308828,79.6550520323853,18.7957743833067,14.6128068849706,23.9448723761545,1.49181100331317,352.057818580679,0.308238172987861,0.304789101547781,0.213042410656972,24.5755250238749,23.7732113779318,23.7549891807109,0,NA,"filled",132,"2020"
2020-05-12,NA,49.2066557386306,66.4216633396401,3.46585483308828,79.6550520323853,18.7957743833067,14.6128068849706,23.9448723761545,1.49181100331317,352.057818580679,0.308238172987861,0.304789101547781,0.213042410656972,24.5755250238749,23.7732113779318,23.7549891807109,0,NA,"filled",133,"2020"
2020-05-13,NA,49.2066557386306,66.4216633396401,3.46585483308828,79.6550520323853,18.7957743833067,14.6128068849706,23.9448723761545,1.49181100331317,352.057818580679,0.308238172987861,0.304789101547781,0.213042410656972,24.5755250238749,23.7732113779318,23.7549891807109,0,NA,"filled",134,"2020"
2020-05-14,NA,49.2066557386306,66.4216633396401,3.46585483308828,79.6550520323853,18.7957743833067,14.6128068849706,23.9448723761545,1.49181100331317,352.057818580679,0.308238172987861,0.304789101547781,0.213042410656972,24.5755250238749,23.7732113779318,23.7549891807109,0,NA,"filled",135,"2020"
2020-05-15,NA,49.2066557386306,66.4216633396401,3.46585483308828,79.6550520323853,18.7957743833067,14.6128068849706,23.9448723761545,1.49181100331317,352.057818580679,0.308238172987861,0.304789101547781,0.213042410656972,24.5755250238749,23.7732113779318,23.7549891807109,0,NA,"filled",136,"2020"
2020-05-16,NA,49.2066557386306,66.4216633396401,3.46585483308828,79.6550520323853,18.7957743833067,14.6128068849706,23.9448723761545,1.49181100331317,352.057818580679,0.308238172987861,0.304789101547781,0.213042410656972,24.5755250238749,23.7732113779318,23.7549891807109,0,NA,"filled",137,"2020"
2020-05-17,NA,49.2066557386306,66.4216633396401,3.46585483308828,79.6550520323853,18.7957743833067,14.6128068849706,23.9448723761545,1.49181100331317,352.057818580679,0.308238172987861,0.304789101547781,0.213042410656972,24.5755250238749,23.7732113779318,23.7549891807109,0,NA,"filled",138,"2020"
2020-05-18,NA,49.2066557386306,66.4216633396401,3.46585483308828,79.6550520323853,18.7957743833067,14.6128068849706,23.9448723761545,1.49181100331317,352.057818580679,0.308238172987861,0.304789101547781,0.213042410656972,24.5755250238749,23.7732113779318,23.7549891807109,0,NA,"filled",139,"2020"
2020-05-19,NA,49.2066557386306,66.4216633396401,3.46585483308828,79.6550520323853,18.7957743833067,14.6128068849706,23.9448723761545,1.49181100331317,352.057818580679,0.308238172987861,0.304789101547781,0.213042410656972,24.5755250238749,23.7732113779318,23.7549891807109,0,NA,"filled",140,"2020"
2020-05-20,NA,49.2066557386306,66.4216633396401,3.46585483308828,79.6550520323853,18.7957743833067,14.6128068849706,23.9448723761545,1.49181100331317,352.057818580679,0.308238172987861,0.304789101547781,0.213042410656972,24.5755250238749,23.7732113779318,23.7549891807109,0,NA,"filled",141,"2020"
2020-05-21,NA,49.2066557386306,66.4216633396401,3.46585483308828,79.6550520323853,18.7957743833067,14.6128068849706,23.9448723761545,1.49181100331317,352.057818580679,0.308238172987861,0.304789101547781,0.213042410656972,24.5755250238749,23.7732113779318,23.7549891807109,0,NA,"filled",142,"2020"
2020-05-22,NA,49.2066557386306,66.4216633396401,3.46585483308828,79.6550520323853,18.7957743833067,14.6128068849706,23.9448723761545,1.49181100331317,352.057818580679,0.308238172987861,0.304789101547781,0.213042410656972,24.5755250238749,23.7732113779318,23.7549891807109,0,NA,"filled",143,"2020"
2020-05-23,NA,49.2066557386306,66.4216633396401,3.46585483308828,79.6550520323853,18.7957743833067,14.6128068849706,23.9448723761545,1.49181100331317,352.057818580679,0.308238172987861,0.304789101547781,0.213042410656972,24.5755250238749,23.7732113779318,23.7549891807109,0,NA,"filled",144,"2020"
2020-05-24,NA,49.2066557386306,66.4216633396401,3.46585483308828,79.6550520323853,18.7957743833067,14.6128068849706,23.9448723761545,1.49181100331317,352.057818580679,0.308238172987861,0.304789101547781,0.213042410656972,24.5755250238749,23.7732113779318,23.7549891807109,0,NA,"filled",145,"2020"
2020-05-25,NA,49.2066557386306,66.4216633396401,3.46585483308828,79.6550520323853,18.7957743833067,14.6128068849706,23.9448723761545,1.49181100331317,352.057818580679,0.308238172987861,0.304789101547781,0.213042410656972,24.5755250238749,23.7732113779318,23.7549891807109,0,NA,"filled",146,"2020"
2020-05-26,NA,49.2066557386306,66.4216633396401,3.46585483308828,79.6550520323853,18.7957743833067,14.6128068849706,23.9448723761545,1.49181100331317,352.057818580679,0.308238172987861,0.304789101547781,0.213042410656972,24.5755250238749,23.7732113779318,23.7549891807109,0,NA,"filled",147,"2020"
2020-05-27,NA,49.2066557386306,66.4216633396401,3.46585483308828,79.6550520323853,18.7957743833067,14.6128068849706,23.9448723761545,1.49181100331317,352.057818580679,0.308238172987861,0.304789101547781,0.213042410656972,24.5755250238749,23.7732113779318,23.7549891807109,0,NA,"filled",148,"2020"
2020-05-28,NA,49.2066557386306,66.4216633396401,3.46585483308828,79.6550520323853,18.7957743833067,14.6128068849706,23.9448723761545,1.49181100331317,352.057818580679,0.308238172987861,0.304789101547781,0.213042410656972,24.5755250238749,23.7732113779318,23.7549891807109,0,NA,"filled",149,"2020"
2020-05-29,NA,49.2066557386306,66.4216633396401,3.46585483308828,79.6550520323853,18.7957743833067,14.6128068849706,23.9448723761545,1.49181100331317,352.057818580679,0.308238172987861,0.304789101547781,0.213042410656972,24.5755250238749,23.7732113779318,23.7549891807109,0,NA,"filled",150,"2020"
2020-05-30,NA,49.2066557386306,66.4216633396401,3.46585483308828,79.6550520323853,18.7957743833067,14.6128068849706,23.9448723761545,1.49181100331317,352.057818580679,0.308238172987861,0.304789101547781,0.213042410656972,24.5755250238749,23.7732113779318,23.7549891807109,0,NA,"filled",151,"2020"
2020-05-31,NA,49.2066557386306,66.4216633396401,3.46585483308828,79.6550520323853,18.7957743833067,14.6128068849706,23.9448723761545,1.49181100331317,352.057818580679,0.308238172987861,0.304789101547781,0.213042410656972,24.5755250238749,23.7732113779318,23.7549891807109,0,NA,"filled",152,"2020"
2020-06-01,NA,70.9404655656135,31.9057353361409,3.63848618689568,69.9950923038542,18.7957743833067,14.6128068849706,23.9448723761545,1.49181100331317,340.30107632303,0.296080115490063,0.17466515049337,0.126477212394301,25.4051387173863,25.0501671388997,25.1954801929466,0,NA,"filled",153,"2020"
2020-06-02,NA,70.9404655656135,31.9057353361409,3.63848618689568,69.9950923038542,18.7957743833067,14.6128068849706,23.9448723761545,1.49181100331317,340.30107632303,0.296080115490063,0.17466515049337,0.126477212394301,25.4051387173863,25.0501671388997,25.1954801929466,0,NA,"filled",154,"2020"
2020-06-03,NA,70.9404655656135,31.9057353361409,3.63848618689568,69.9950923038542,18.7957743833067,14.6128068849706,23.9448723761545,1.49181100331317,340.30107632303,0.296080115490063,0.17466515049337,0.126477212394301,25.4051387173863,25.0501671388997,25.1954801929466,0,NA,"filled",155,"2020"
2020-06-04,NA,70.9404655656135,31.9057353361409,3.63848618689568,69.9950923038542,18.7957743833067,14.6128068849706,23.9448723761545,1.49181100331317,340.30107632303,0.296080115490063,0.17466515049337,0.126477212394301,25.4051387173863,25.0501671388997,25.1954801929466,0,NA,"filled",156,"2020"
2020-06-05,NA,70.9404655656135,31.9057353361409,3.63848618689568,69.9950923038542,18.7957743833067,14.6128068849706,23.9448723761545,1.49181100331317,340.30107632303,0.296080115490063,0.17466515049337,0.126477212394301,25.4051387173863,25.0501671388997,25.1954801929466,0,NA,"filled",157,"2020"
2020-06-06,NA,70.9404655656135,31.9057353361409,3.63848618689568,69.9950923038542,18.7957743833067,14.6128068849706,23.9448723761545,1.49181100331317,340.30107632303,0.296080115490063,0.17466515049337,0.126477212394301,25.4051387173863,25.0501671388997,25.1954801929466,0,NA,"filled",158,"2020"
2020-06-07,NA,70.9404655656135,31.9057353361409,3.63848618689568,69.9950923038542,18.7957743833067,14.6128068849706,23.9448723761545,1.49181100331317,340.30107632303,0.296080115490063,0.17466515049337,0.126477212394301,25.4051387173863,25.0501671388997,25.1954801929466,0,NA,"filled",159,"2020"
2020-06-08,NA,70.9404655656135,31.9057353361409,3.63848618689568,69.9950923038542,18.7957743833067,14.6128068849706,23.9448723761545,1.49181100331317,340.30107632303,0.296080115490063,0.17466515049337,0.126477212394301,25.4051387173863,25.0501671388997,25.1954801929466,0,NA,"filled",160,"2020"
2020-06-09,NA,70.9404655656135,31.9057353361409,3.63848618689568,69.9950923038542,18.7957743833067,14.6128068849706,23.9448723761545,1.49181100331317,340.30107632303,0.296080115490063,0.17466515049337,0.126477212394301,25.4051387173863,25.0501671388997,25.1954801929466,0,NA,"filled",161,"2020"
2020-06-10,NA,70.9404655656135,31.9057353361409,3.63848618689568,69.9950923038542,18.7957743833067,14.6128068849706,23.9448723761545,1.49181100331317,340.30107632303,0.296080115490063,0.17466515049337,0.126477212394301,25.4051387173863,25.0501671388997,25.1954801929466,0,NA,"filled",162,"2020"
2020-06-11,NA,70.9404655656135,31.9057353361409,3.63848618689568,69.9950923038542,18.7957743833067,14.6128068849706,23.9448723761545,1.49181100331317,340.30107632303,0.296080115490063,0.17466515049337,0.126477212394301,25.4051387173863,25.0501671388997,25.1954801929466,0,NA,"filled",163,"2020"
2020-06-12,NA,70.9404655656135,31.9057353361409,3.63848618689568,69.9950923038542,18.7957743833067,14.6128068849706,23.9448723761545,1.49181100331317,340.30107632303,0.296080115490063,0.17466515049337,0.126477212394301,25.4051387173863,25.0501671388997,25.1954801929466,0,NA,"filled",164,"2020"
2020-06-13,NA,70.9404655656135,31.9057353361409,3.63848618689568,69.9950923038542,18.7957743833067,14.6128068849706,23.9448723761545,1.49181100331317,340.30107632303,0.296080115490063,0.17466515049337,0.126477212394301,25.4051387173863,25.0501671388997,25.1954801929466,0,NA,"filled",165,"2020"
2020-06-14,NA,70.9404655656135,31.9057353361409,3.63848618689568,69.9950923038542,18.7957743833067,14.6128068849706,23.9448723761545,1.49181100331317,340.30107632303,0.296080115490063,0.17466515049337,0.126477212394301,25.4051387173863,25.0501671388997,25.1954801929466,0,NA,"filled",166,"2020"
2020-06-15,NA,70.9404655656135,31.9057353361409,3.63848618689568,69.9950923038542,18.7957743833067,14.6128068849706,23.9448723761545,1.49181100331317,340.30107632303,0.296080115490063,0.17466515049337,0.126477212394301,25.4051387173863,25.0501671388997,25.1954801929466,0,NA,"filled",167,"2020"
2020-06-16,NA,70.9404655656135,31.9057353361409,3.63848618689568,69.9950923038542,18.7957743833067,14.6128068849706,23.9448723761545,1.49181100331317,340.30107632303,0.296080115490063,0.17466515049337,0.126477212394301,25.4051387173863,25.0501671388997,25.1954801929466,0,NA,"filled",168,"2020"
2020-06-17,NA,70.9404655656135,31.9057353361409,3.63848618689568,69.9950923038542,18.7957743833067,14.6128068849706,23.9448723761545,1.49181100331317,340.30107632303,0.296080115490063,0.17466515049337,0.126477212394301,25.4051387173863,25.0501671388997,25.1954801929466,0,NA,"filled",169,"2020"
2020-06-18,NA,70.9404655656135,31.9057353361409,3.63848618689568,69.9950923038542,18.7957743833067,14.6128068849706,23.9448723761545,1.49181100331317,340.30107632303,0.296080115490063,0.17466515049337,0.126477212394301,25.4051387173863,25.0501671388997,25.1954801929466,0,NA,"filled",170,"2020"
2020-06-19,NA,70.9404655656135,31.9057353361409,3.63848618689568,69.9950923038542,18.7957743833067,14.6128068849706,23.9448723761545,1.49181100331317,340.30107632303,0.296080115490063,0.17466515049337,0.126477212394301,25.4051387173863,25.0501671388997,25.1954801929466,0,NA,"filled",171,"2020"
2020-06-20,NA,70.9404655656135,31.9057353361409,3.63848618689568,69.9950923038542,18.7957743833067,14.6128068849706,23.9448723761545,1.49181100331317,340.30107632303,0.296080115490063,0.17466515049337,0.126477212394301,25.4051387173863,25.0501671388997,25.1954801929466,0,NA,"filled",172,"2020"
2020-06-21,NA,70.9404655656135,31.9057353361409,3.63848618689568,69.9950923038542,18.7957743833067,14.6128068849706,23.9448723761545,1.49181100331317,340.30107632303,0.296080115490063,0.17466515049337,0.126477212394301,25.4051387173863,25.0501671388997,25.1954801929466,0,NA,"filled",173,"2020"
2020-06-22,NA,70.9404655656135,31.9057353361409,3.63848618689568,69.9950923038542,18.7957743833067,14.6128068849706,23.9448723761545,1.49181100331317,340.30107632303,0.296080115490063,0.17466515049337,0.126477212394301,25.4051387173863,25.0501671388997,25.1954801929466,0,NA,"filled",174,"2020"
2020-06-23,NA,70.9404655656135,31.9057353361409,3.63848618689568,69.9950923038542,18.7957743833067,14.6128068849706,23.9448723761545,1.49181100331317,340.30107632303,0.296080115490063,0.17466515049337,0.126477212394301,25.4051387173863,25.0501671388997,25.1954801929466,0,NA,"filled",175,"2020"
2020-06-24,NA,70.9404655656135,31.9057353361409,3.63848618689568,69.9950923038542,18.7957743833067,14.6128068849706,23.9448723761545,1.49181100331317,340.30107632303,0.296080115490063,0.17466515049337,0.126477212394301,25.4051387173863,25.0501671388997,25.1954801929466,0,NA,"filled",176,"2020"
2020-06-25,NA,70.9404655656135,31.9057353361409,3.63848618689568,69.9950923038542,18.7957743833067,14.6128068849706,23.9448723761545,1.49181100331317,340.30107632303,0.296080115490063,0.17466515049337,0.126477212394301,25.4051387173863,25.0501671388997,25.1954801929466,0,NA,"filled",177,"2020"
2020-06-26,NA,70.9404655656135,31.9057353361409,3.63848618689568,69.9950923038542,18.7957743833067,14.6128068849706,23.9448723761545,1.49181100331317,340.30107632303,0.296080115490063,0.17466515049337,0.126477212394301,25.4051387173863,25.0501671388997,25.1954801929466,0,NA,"filled",178,"2020"
2020-06-27,NA,70.9404655656135,31.9057353361409,3.63848618689568,69.9950923038542,18.7957743833067,14.6128068849706,23.9448723761545,1.49181100331317,340.30107632303,0.296080115490063,0.17466515049337,0.126477212394301,25.4051387173863,25.0501671388997,25.1954801929466,0,NA,"filled",179,"2020"
2020-06-28,NA,70.9404655656135,31.9057353361409,3.63848618689568,69.9950923038542,18.7957743833067,14.6128068849706,23.9448723761545,1.49181100331317,340.30107632303,0.296080115490063,0.17466515049337,0.126477212394301,25.4051387173863,25.0501671388997,25.1954801929466,0,NA,"filled",180,"2020"
2020-06-29,NA,70.9404655656135,31.9057353361409,3.63848618689568,69.9950923038542,18.7957743833067,14.6128068849706,23.9448723761545,1.49181100331317,340.30107632303,0.296080115490063,0.17466515049337,0.126477212394301,25.4051387173863,25.0501671388997,25.1954801929466,0,NA,"filled",181,"2020"
2020-06-30,NA,70.9404655656135,31.9057353361409,3.63848618689568,69.9950923038542,18.7957743833067,14.6128068849706,23.9448723761545,1.49181100331317,340.30107632303,0.296080115490063,0.17466515049337,0.126477212394301,25.4051387173863,25.0501671388997,25.1954801929466,0,NA,"filled",182,"2020"
2020-07-01,NA,70.9404655656135,31.9057353361409,3.63848618689568,69.9950923038542,18.7957743833067,14.6128068849706,23.9448723761545,1.49181100331317,340.30107632303,0.296080115490063,0.17466515049337,0.126477212394301,25.4051387173863,25.0501671388997,25.1954801929466,0,NA,"filled",183,"2020"
2020-07-02,NA,70.9404655656135,31.9057353361409,3.63848618689568,69.9950923038542,18.7957743833067,14.6128068849706,23.9448723761545,1.49181100331317,340.30107632303,0.296080115490063,0.17466515049337,0.126477212394301,25.4051387173863,25.0501671388997,25.1954801929466,0,NA,"filled",184,"2020"
2020-07-03,NA,70.9404655656135,31.9057353361409,3.63848618689568,69.9950923038542,18.7957743833067,14.6128068849706,23.9448723761545,1.49181100331317,340.30107632303,0.296080115490063,0.17466515049337,0.126477212394301,25.4051387173863,25.0501671388997,25.1954801929466,0,NA,"filled",185,"2020"
2020-07-04,NA,70.9404655656135,31.9057353361409,3.63848618689568,69.9950923038542,18.7957743833067,14.6128068849706,23.9448723761545,1.49181100331317,340.30107632303,0.296080115490063,0.17466515049337,0.126477212394301,25.4051387173863,25.0501671388997,25.1954801929466,0,NA,"filled",186,"2020"
2020-07-05,NA,70.9404655656135,31.9057353361409,3.63848618689568,69.9950923038542,18.7957743833067,14.6128068849706,23.9448723761545,1.49181100331317,340.30107632303,0.296080115490063,0.17466515049337,0.126477212394301,25.4051387173863,25.0501671388997,25.1954801929466,0,NA,"filled",187,"2020"
2020-07-06,NA,70.9404655656135,31.9057353361409,3.63848618689568,69.9950923038542,18.7957743833067,14.6128068849706,23.9448723761545,1.49181100331317,340.30107632303,0.296080115490063,0.17466515049337,0.126477212394301,25.4051387173863,25.0501671388997,25.1954801929466,0,NA,"filled",188,"2020"
2020-07-07,NA,70.9404655656135,31.9057353361409,3.63848618689568,69.9950923038542,18.7957743833067,14.6128068849706,23.9448723761545,1.49181100331317,340.30107632303,0.296080115490063,0.17466515049337,0.126477212394301,25.4051387173863,25.0501671388997,25.1954801929466,0,NA,"filled",189,"2020"
2020-07-08,NA,70.9404655656135,31.9057353361409,3.63848618689568,69.9950923038542,18.7957743833067,14.6128068849706,23.9448723761545,1.49181100331317,340.30107632303,0.296080115490063,0.17466515049337,0.126477212394301,25.4051387173863,25.0501671388997,25.1954801929466,0,NA,"filled",190,"2020"
2020-07-09,NA,70.9404655656135,31.9057353361409,3.63848618689568,69.9950923038542,18.7957743833067,14.6128068849706,23.9448723761545,1.49181100331317,340.30107632303,0.296080115490063,0.17466515049337,0.126477212394301,25.4051387173863,25.0501671388997,25.1954801929466,0,NA,"filled",191,"2020"
2020-07-10,NA,70.9404655656135,31.9057353361409,3.63848618689568,69.9950923038542,18.7957743833067,14.6128068849706,23.9448723761545,1.49181100331317,340.30107632303,0.296080115490063,0.17466515049337,0.126477212394301,25.4051387173863,25.0501671388997,25.1954801929466,0,NA,"filled",192,"2020"
2020-07-11,NA,70.9404655656135,31.9057353361409,3.63848618689568,69.9950923038542,18.7957743833067,14.6128068849706,23.9448723761545,1.49181100331317,340.30107632303,0.296080115490063,0.17466515049337,0.126477212394301,25.4051387173863,25.0501671388997,25.1954801929466,0,NA,"filled",193,"2020"
2020-07-12,NA,70.9404655656135,31.9057353361409,3.63848618689568,69.9950923038542,18.7957743833067,14.6128068849706,23.9448723761545,1.49181100331317,340.30107632303,0.296080115490063,0.17466515049337,0.126477212394301,25.4051387173863,25.0501671388997,25.1954801929466,0,NA,"filled",194,"2020"
2020-07-13,NA,70.9404655656135,31.9057353361409,3.63848618689568,69.9950923038542,18.7957743833067,14.6128068849706,23.9448723761545,1.49181100331317,340.30107632303,0.296080115490063,0.17466515049337,0.126477212394301,25.4051387173863,25.0501671388997,25.1954801929466,0,NA,"filled",195,"2020"
2020-07-14,NA,70.9404655656135,31.9057353361409,3.63848618689568,69.9950923038542,18.7957743833067,14.6128068849706,23.9448723761545,1.49181100331317,340.30107632303,0.296080115490063,0.17466515049337,0.126477212394301,25.4051387173863,25.0501671388997,25.1954801929466,0,NA,"filled",196,"2020"
2020-07-15,NA,70.9404655656135,31.9057353361409,3.63848618689568,69.9950923038542,18.7957743833067,14.6128068849706,23.9448723761545,1.49181100331317,340.30107632303,0.296080115490063,0.17466515049337,0.126477212394301,25.4051387173863,25.0501671388997,25.1954801929466,0,NA,"filled",197,"2020"
2020-07-16,NA,70.9404655656135,31.9057353361409,3.63848618689568,69.9950923038542,18.7957743833067,14.6128068849706,23.9448723761545,1.49181100331317,340.30107632303,0.296080115490063,0.17466515049337,0.126477212394301,25.4051387173863,25.0501671388997,25.1954801929466,0,NA,"filled",198,"2020"
2020-07-17,NA,70.9404655656135,31.9057353361409,3.63848618689568,69.9950923038542,18.7957743833067,14.6128068849706,23.9448723761545,1.49181100331317,340.30107632303,0.296080115490063,0.17466515049337,0.126477212394301,25.4051387173863,25.0501671388997,25.1954801929466,0,NA,"filled",199,"2020"
2020-07-18,NA,70.9404655656135,31.9057353361409,3.63848618689568,69.9950923038542,18.7957743833067,14.6128068849706,23.9448723761545,1.49181100331317,340.30107632303,0.296080115490063,0.17466515049337,0.126477212394301,25.4051387173863,25.0501671388997,25.1954801929466,0,NA,"filled",200,"2020"
2020-07-19,NA,70.9404655656135,31.9057353361409,3.63848618689568,69.9950923038542,18.7957743833067,14.6128068849706,23.9448723761545,1.49181100331317,340.30107632303,0.296080115490063,0.17466515049337,0.126477212394301,25.4051387173863,25.0501671388997,25.1954801929466,0,NA,"filled",201,"2020"
2020-07-20,NA,70.9404655656135,31.9057353361409,3.63848618689568,69.9950923038542,18.7957743833067,14.6128068849706,23.9448723761545,1.49181100331317,340.30107632303,0.296080115490063,0.17466515049337,0.126477212394301,25.4051387173863,25.0501671388997,25.1954801929466,0,NA,"filled",202,"2020"
2020-07-21,NA,70.9404655656135,31.9057353361409,3.63848618689568,69.9950923038542,18.7957743833067,14.6128068849706,23.9448723761545,1.49181100331317,340.30107632303,0.296080115490063,0.17466515049337,0.126477212394301,25.4051387173863,25.0501671388997,25.1954801929466,0,NA,"filled",203,"2020"
2020-07-22,NA,70.9404655656135,31.9057353361409,3.63848618689568,69.9950923038542,18.7957743833067,14.6128068849706,23.9448723761545,1.49181100331317,340.30107632303,0.296080115490063,0.17466515049337,0.126477212394301,25.4051387173863,25.0501671388997,25.1954801929466,0,NA,"filled",204,"2020"
2020-07-23,NA,70.9404655656135,31.9057353361409,3.63848618689568,69.9950923038542,18.7957743833067,14.6128068849706,23.9448723761545,1.49181100331317,340.30107632303,0.296080115490063,0.17466515049337,0.126477212394301,25.4051387173863,25.0501671388997,25.1954801929466,0,NA,"filled",205,"2020"
2020-07-24,NA,70.9404655656135,31.9057353361409,3.63848618689568,69.9950923038542,18.7957743833067,14.6128068849706,23.9448723761545,1.49181100331317,340.30107632303,0.296080115490063,0.17466515049337,0.126477212394301,25.4051387173863,25.0501671388997,25.1954801929466,0,NA,"filled",206,"2020"
2020-07-25,NA,70.9404655656135,31.9057353361409,3.63848618689568,69.9950923038542,18.7957743833067,14.6128068849706,23.9448723761545,1.49181100331317,340.30107632303,0.296080115490063,0.17466515049337,0.126477212394301,25.4051387173863,25.0501671388997,25.1954801929466,0,NA,"filled",207,"2020"
2020-07-26,NA,70.9404655656135,31.9057353361409,3.63848618689568,69.9950923038542,18.7957743833067,14.6128068849706,23.9448723761545,1.49181100331317,340.30107632303,0.296080115490063,0.17466515049337,0.126477212394301,25.4051387173863,25.0501671388997,25.1954801929466,0,NA,"filled",208,"2020"
2020-07-27,NA,70.9404655656135,31.9057353361409,3.63848618689568,69.9950923038542,18.7957743833067,14.6128068849706,23.9448723761545,1.49181100331317,340.30107632303,0.296080115490063,0.17466515049337,0.126477212394301,25.4051387173863,25.0501671388997,25.1954801929466,0,NA,"filled",209,"2020"
2020-07-28,NA,70.9404655656135,31.9057353361409,3.63848618689568,69.9950923038542,18.7957743833067,14.6128068849706,23.9448723761545,1.49181100331317,340.30107632303,0.296080115490063,0.17466515049337,0.126477212394301,25.4051387173863,25.0501671388997,25.1954801929466,0,NA,"filled",210,"2020"
2020-07-29,NA,70.9404655656135,31.9057353361409,3.63848618689568,69.9950923038542,18.7957743833067,14.6128068849706,23.9448723761545,1.49181100331317,340.30107632303,0.296080115490063,0.17466515049337,0.126477212394301,25.4051387173863,25.0501671388997,25.1954801929466,0,NA,"filled",211,"2020"
2020-07-30,NA,70.9404655656135,31.9057353361409,3.63848618689568,69.9950923038542,18.7957743833067,14.6128068849706,23.9448723761545,1.49181100331317,340.30107632303,0.296080115490063,0.17466515049337,0.126477212394301,25.4051387173863,25.0501671388997,25.1954801929466,0,NA,"filled",212,"2020"
2020-07-31,NA,70.9404655656135,31.9057353361409,3.63848618689568,69.9950923038542,18.7957743833067,14.6128068849706,23.9448723761545,1.49181100331317,340.30107632303,0.296080115490063,0.17466515049337,0.126477212394301,25.4051387173863,25.0501671388997,25.1954801929466,0,NA,"filled",213,"2020"
2020-08-01,NA,70.9404655656135,31.9057353361409,3.63848618689568,69.9950923038542,18.7957743833067,14.6128068849706,23.9448723761545,1.49181100331317,340.30107632303,0.296080115490063,0.17466515049337,0.126477212394301,25.4051387173863,25.0501671388997,25.1954801929466,0,NA,"filled",214,"2020"
2020-08-02,NA,70.9404655656135,31.9057353361409,3.63848618689568,69.9950923038542,18.7957743833067,14.6128068849706,23.9448723761545,1.49181100331317,340.30107632303,0.296080115490063,0.17466515049337,0.126477212394301,25.4051387173863,25.0501671388997,25.1954801929466,0,NA,"filled",215,"2020"
2020-08-03,NA,70.9404655656135,31.9057353361409,3.63848618689568,69.9950923038542,18.7957743833067,14.6128068849706,23.9448723761545,1.49181100331317,340.30107632303,0.296080115490063,0.17466515049337,0.126477212394301,25.4051387173863,25.0501671388997,25.1954801929466,0,NA,"filled",216,"2020"
2020-08-04,NA,70.9404655656135,31.9057353361409,3.63848618689568,69.9950923038542,18.7957743833067,14.6128068849706,23.9448723761545,1.49181100331317,340.30107632303,0.296080115490063,0.17466515049337,0.126477212394301,25.4051387173863,25.0501671388997,25.1954801929466,0,NA,"filled",217,"2020"
2020-08-05,NA,70.9404655656135,31.9057353361409,3.63848618689568,69.9950923038542,18.7957743833067,14.6128068849706,23.9448723761545,1.49181100331317,340.30107632303,0.296080115490063,0.17466515049337,0.126477212394301,25.4051387173863,25.0501671388997,25.1954801929466,0,NA,"filled",218,"2020"
2020-08-06,NA,70.9404655656135,31.9057353361409,3.63848618689568,69.9950923038542,18.7957743833067,14.6128068849706,23.9448723761545,1.49181100331317,340.30107632303,0.296080115490063,0.17466515049337,0.126477212394301,25.4051387173863,25.0501671388997,25.1954801929466,0,NA,"filled",219,"2020"
2020-08-07,NA,70.9404655656135,31.9057353361409,3.63848618689568,69.9950923038542,18.7957743833067,14.6128068849706,23.9448723761545,1.49181100331317,340.30107632303,0.296080115490063,0.17466515049337,0.126477212394301,25.4051387173863,25.0501671388997,25.1954801929466,0,NA,"filled",220,"2020"
2020-08-08,NA,70.9404655656135,31.9057353361409,3.63848618689568,69.9950923038542,18.7957743833067,14.6128068849706,23.9448723761545,1.49181100331317,340.30107632303,0.296080115490063,0.17466515049337,0.126477212394301,25.4051387173863,25.0501671388997,25.1954801929466,0,NA,"filled",221,"2020"
2020-08-09,NA,70.9404655656135,31.9057353361409,3.63848618689568,69.9950923038542,18.7957743833067,14.6128068849706,23.9448723761545,1.49181100331317,340.30107632303,0.296080115490063,0.17466515049337,0.126477212394301,25.4051387173863,25.0501671388997,25.1954801929466,0,NA,"filled",222,"2020"
2020-08-10,NA,70.9404655656135,31.9057353361409,3.63848618689568,69.9950923038542,18.7957743833067,14.6128068849706,23.9448723761545,1.49181100331317,340.30107632303,0.296080115490063,0.17466515049337,0.126477212394301,25.4051387173863,25.0501671388997,25.1954801929466,0,NA,"filled",223,"2020"
2020-08-11,NA,70.9404655656135,31.9057353361409,3.63848618689568,69.9950923038542,18.7957743833067,14.6128068849706,23.9448723761545,1.49181100331317,340.30107632303,0.296080115490063,0.17466515049337,0.126477212394301,25.4051387173863,25.0501671388997,25.1954801929466,0,NA,"filled",224,"2020"
2020-08-12,NA,70.9404655656135,31.9057353361409,3.63848618689568,69.9950923038542,18.7957743833067,14.6128068849706,23.9448723761545,1.49181100331317,340.30107632303,0.296080115490063,0.17466515049337,0.126477212394301,25.4051387173863,25.0501671388997,25.1954801929466,0,NA,"filled",225,"2020"
2020-08-13,NA,70.9404655656135,31.9057353361409,3.63848618689568,69.9950923038542,18.7957743833067,14.6128068849706,23.9448723761545,1.49181100331317,340.30107632303,0.296080115490063,0.17466515049337,0.126477212394301,25.4051387173863,25.0501671388997,25.1954801929466,0,NA,"filled",226,"2020"
2020-08-14,NA,70.9404655656135,31.9057353361409,3.63848618689568,69.9950923038542,18.7957743833067,14.6128068849706,23.9448723761545,1.49181100331317,340.30107632303,0.296080115490063,0.17466515049337,0.126477212394301,25.4051387173863,25.0501671388997,25.1954801929466,0,NA,"filled",227,"2020"
2020-08-15,NA,70.9404655656135,31.9057353361409,3.63848618689568,69.9950923038542,18.7957743833067,14.6128068849706,23.9448723761545,1.49181100331317,340.30107632303,0.296080115490063,0.17466515049337,0.126477212394301,25.4051387173863,25.0501671388997,25.1954801929466,0,NA,"filled",228,"2020"
2020-08-16,NA,70.9404655656135,31.9057353361409,3.63848618689568,69.9950923038542,18.7957743833067,14.6128068849706,23.9448723761545,1.49181100331317,340.30107632303,0.296080115490063,0.17466515049337,0.126477212394301,25.4051387173863,25.0501671388997,25.1954801929466,0,NA,"filled",229,"2020"
2020-08-17,NA,70.9404655656135,31.9057353361409,3.63848618689568,69.9950923038542,18.7957743833067,14.6128068849706,23.9448723761545,1.49181100331317,340.30107632303,0.296080115490063,0.17466515049337,0.126477212394301,25.4051387173863,25.0501671388997,25.1954801929466,0,NA,"filled",230,"2020"
2020-08-18,NA,70.9404655656135,31.9057353361409,3.63848618689568,69.9950923038542,18.7957743833067,14.6128068849706,23.9448723761545,1.49181100331317,340.30107632303,0.296080115490063,0.17466515049337,0.126477212394301,25.4051387173863,25.0501671388997,25.1954801929466,0,NA,"filled",231,"2020"
2020-08-19,NA,70.9404655656135,31.9057353361409,3.63848618689568,69.9950923038542,18.7957743833067,14.6128068849706,23.9448723761545,1.49181100331317,340.30107632303,0.296080115490063,0.17466515049337,0.126477212394301,25.4051387173863,25.0501671388997,25.1954801929466,0,NA,"filled",232,"2020"
2020-08-20,NA,70.9404655656135,31.9057353361409,3.63848618689568,69.9950923038542,18.7957743833067,14.6128068849706,23.9448723761545,1.49181100331317,340.30107632303,0.296080115490063,0.17466515049337,0.126477212394301,25.4051387173863,25.0501671388997,25.1954801929466,0,NA,"filled",233,"2020"
2020-08-21,NA,70.9404655656135,31.9057353361409,3.63848618689568,69.9950923038542,18.7957743833067,14.6128068849706,23.9448723761545,1.49181100331317,340.30107632303,0.296080115490063,0.17466515049337,0.126477212394301,25.4051387173863,25.0501671388997,25.1954801929466,0,NA,"filled",234,"2020"
2020-08-22,NA,70.9404655656135,31.9057353361409,3.63848618689568,69.9950923038542,18.7957743833067,14.6128068849706,23.9448723761545,1.49181100331317,340.30107632303,0.296080115490063,0.17466515049337,0.126477212394301,25.4051387173863,25.0501671388997,25.1954801929466,0,NA,"filled",235,"2020"
2020-08-23,NA,70.9404655656135,31.9057353361409,3.63848618689568,69.9950923038542,18.7957743833067,14.6128068849706,23.9448723761545,1.49181100331317,340.30107632303,0.296080115490063,0.17466515049337,0.126477212394301,25.4051387173863,25.0501671388997,25.1954801929466,0,NA,"filled",236,"2020"
2020-08-24,NA,70.9404655656135,31.9057353361409,3.63848618689568,69.9950923038542,18.7957743833067,14.6128068849706,23.9448723761545,1.49181100331317,340.30107632303,0.296080115490063,0.17466515049337,0.126477212394301,25.4051387173863,25.0501671388997,25.1954801929466,0,NA,"filled",237,"2020"
2020-08-25,NA,70.9404655656135,31.9057353361409,3.63848618689568,69.9950923038542,18.7957743833067,14.6128068849706,23.9448723761545,1.49181100331317,340.30107632303,0.296080115490063,0.17466515049337,0.126477212394301,25.4051387173863,25.0501671388997,25.1954801929466,0,NA,"filled",238,"2020"
2020-08-26,NA,70.9404655656135,31.9057353361409,3.63848618689568,69.9950923038542,18.7957743833067,14.6128068849706,23.9448723761545,1.49181100331317,340.30107632303,0.296080115490063,0.17466515049337,0.126477212394301,25.4051387173863,25.0501671388997,25.1954801929466,0,NA,"filled",239,"2020"
2020-08-27,NA,70.9404655656135,31.9057353361409,3.63848618689568,69.9950923038542,18.7957743833067,14.6128068849706,23.9448723761545,1.49181100331317,340.30107632303,0.296080115490063,0.17466515049337,0.126477212394301,25.4051387173863,25.0501671388997,25.1954801929466,0,NA,"filled",240,"2020"
2020-08-28,NA,70.9404655656135,31.9057353361409,3.63848618689568,69.9950923038542,18.7957743833067,14.6128068849706,23.9448723761545,1.49181100331317,340.30107632303,0.296080115490063,0.17466515049337,0.126477212394301,25.4051387173863,25.0501671388997,25.1954801929466,0,NA,"filled",241,"2020"
2020-08-29,NA,70.9404655656135,31.9057353361409,3.63848618689568,69.9950923038542,18.7957743833067,14.6128068849706,23.9448723761545,1.49181100331317,340.30107632303,0.296080115490063,0.17466515049337,0.126477212394301,25.4051387173863,25.0501671388997,25.1954801929466,0,NA,"filled",242,"2020"
2020-08-30,NA,70.9404655656135,31.9057353361409,3.63848618689568,69.9950923038542,18.7957743833067,14.6128068849706,23.9448723761545,1.49181100331317,340.30107632303,0.296080115490063,0.17466515049337,0.126477212394301,25.4051387173863,25.0501671388997,25.1954801929466,0,NA,"filled",243,"2020"
2020-08-31,NA,70.9404655656135,31.9057353361409,3.63848618689568,69.9950923038542,18.7957743833067,14.6128068849706,23.9448723761545,1.49181100331317,340.30107632303,0.296080115490063,0.17466515049337,0.126477212394301,25.4051387173863,25.0501671388997,25.1954801929466,0,NA,"filled",244,"2020"
2020-09-01,NA,70.9404655656135,31.9057353361409,3.63848618689568,69.9950923038542,18.7957743833067,14.6128068849706,23.9448723761545,1.49181100331317,340.30107632303,0.296080115490063,0.17466515049337,0.126477212394301,25.4051387173863,25.0501671388997,25.1954801929466,0,NA,"filled",245,"2020"
2020-09-02,NA,70.9404655656135,31.9057353361409,3.63848618689568,69.9950923038542,18.7957743833067,14.6128068849706,23.9448723761545,1.49181100331317,340.30107632303,0.296080115490063,0.17466515049337,0.126477212394301,25.4051387173863,25.0501671388997,25.1954801929466,0,NA,"filled",246,"2020"
2020-09-03,NA,70.9404655656135,31.9057353361409,3.63848618689568,69.9950923038542,18.7957743833067,14.6128068849706,23.9448723761545,1.49181100331317,340.30107632303,0.296080115490063,0.17466515049337,0.126477212394301,25.4051387173863,25.0501671388997,25.1954801929466,0,NA,"filled",247,"2020"
2020-09-04,NA,70.9404655656135,31.9057353361409,3.63848618689568,69.9950923038542,18.7957743833067,14.6128068849706,23.9448723761545,1.49181100331317,340.30107632303,0.296080115490063,0.17466515049337,0.126477212394301,25.4051387173863,25.0501671388997,25.1954801929466,0,NA,"filled",248,"2020"
2020-09-05,NA,70.9404655656135,31.9057353361409,3.63848618689568,69.9950923038542,18.7957743833067,14.6128068849706,23.9448723761545,1.49181100331317,340.30107632303,0.296080115490063,0.17466515049337,0.126477212394301,25.4051387173863,25.0501671388997,25.1954801929466,0,NA,"filled",249,"2020"
2020-09-06,NA,70.9404655656135,31.9057353361409,3.63848618689568,69.9950923038542,18.7957743833067,14.6128068849706,23.9448723761545,1.49181100331317,340.30107632303,0.296080115490063,0.17466515049337,0.126477212394301,25.4051387173863,25.0501671388997,25.1954801929466,0,NA,"filled",250,"2020"
2020-09-07,NA,70.9404655656135,31.9057353361409,3.63848618689568,69.9950923038542,18.7957743833067,14.6128068849706,23.9448723761545,1.49181100331317,340.30107632303,0.296080115490063,0.17466515049337,0.126477212394301,25.4051387173863,25.0501671388997,25.1954801929466,0,NA,"filled",251,"2020"
2020-09-08,NA,70.9404655656135,31.9057353361409,3.63848618689568,69.9950923038542,18.7957743833067,14.6128068849706,23.9448723761545,1.49181100331317,340.30107632303,0.296080115490063,0.17466515049337,0.126477212394301,25.4051387173863,25.0501671388997,25.1954801929466,0,NA,"filled",252,"2020"
2020-09-09,NA,70.9404655656135,31.9057353361409,3.63848618689568,69.9950923038542,18.7957743833067,14.6128068849706,23.9448723761545,1.49181100331317,340.30107632303,0.296080115490063,0.17466515049337,0.126477212394301,25.4051387173863,25.0501671388997,25.1954801929466,0,NA,"filled",253,"2020"
2020-09-10,NA,70.9404655656135,31.9057353361409,3.63848618689568,69.9950923038542,18.7957743833067,14.6128068849706,23.9448723761545,1.49181100331317,340.30107632303,0.296080115490063,0.17466515049337,0.126477212394301,25.4051387173863,25.0501671388997,25.1954801929466,0,NA,"filled",254,"2020"
2020-09-11,NA,70.9404655656135,31.9057353361409,3.63848618689568,69.9950923038542,18.7957743833067,14.6128068849706,23.9448723761545,1.49181100331317,340.30107632303,0.296080115490063,0.17466515049337,0.126477212394301,25.4051387173863,25.0501671388997,25.1954801929466,0,NA,"filled",255,"2020"
2020-09-12,NA,70.9404655656135,31.9057353361409,3.63848618689568,69.9950923038542,18.7957743833067,14.6128068849706,23.9448723761545,1.49181100331317,340.30107632303,0.296080115490063,0.17466515049337,0.126477212394301,25.4051387173863,25.0501671388997,25.1954801929466,0,NA,"filled",256,"2020"
2020-09-13,NA,70.9404655656135,31.9057353361409,3.63848618689568,69.9950923038542,18.7957743833067,14.6128068849706,23.9448723761545,1.49181100331317,340.30107632303,0.296080115490063,0.17466515049337,0.126477212394301,25.4051387173863,25.0501671388997,25.1954801929466,0,NA,"filled",257,"2020"
2020-09-14,NA,70.9404655656135,31.9057353361409,3.63848618689568,69.9950923038542,18.7957743833067,14.6128068849706,23.9448723761545,1.49181100331317,340.30107632303,0.296080115490063,0.17466515049337,0.126477212394301,25.4051387173863,25.0501671388997,25.1954801929466,0,NA,"filled",258,"2020"
2020-09-15,NA,70.9404655656135,31.9057353361409,3.63848618689568,69.9950923038542,18.7957743833067,14.6128068849706,23.9448723761545,1.49181100331317,340.30107632303,0.296080115490063,0.17466515049337,0.126477212394301,25.4051387173863,25.0501671388997,25.1954801929466,0,NA,"filled",259,"2020"
2020-09-16,NA,70.9404655656135,31.9057353361409,3.63848618689568,69.9950923038542,18.7957743833067,14.6128068849706,23.9448723761545,1.49181100331317,340.30107632303,0.296080115490063,0.17466515049337,0.126477212394301,25.4051387173863,25.0501671388997,25.1954801929466,0,NA,"filled",260,"2020"
2020-09-17,NA,70.9404655656135,31.9057353361409,3.63848618689568,69.9950923038542,18.7957743833067,14.6128068849706,23.9448723761545,1.49181100331317,340.30107632303,0.296080115490063,0.17466515049337,0.126477212394301,25.4051387173863,25.0501671388997,25.1954801929466,0,NA,"filled",261,"2020"
2020-09-18,NA,70.9404655656135,31.9057353361409,3.63848618689568,69.9950923038542,18.7957743833067,14.6128068849706,23.9448723761545,1.49181100331317,340.30107632303,0.296080115490063,0.17466515049337,0.126477212394301,25.4051387173863,25.0501671388997,25.1954801929466,0,NA,"filled",262,"2020"
2020-09-19,NA,70.9404655656135,31.9057353361409,3.63848618689568,69.9950923038542,18.7957743833067,14.6128068849706,23.9448723761545,1.49181100331317,340.30107632303,0.296080115490063,0.17466515049337,0.126477212394301,25.4051387173863,25.0501671388997,25.1954801929466,0,NA,"filled",263,"2020"
2020-09-20,NA,70.9404655656135,31.9057353361409,3.63848618689568,69.9950923038542,18.7957743833067,14.6128068849706,23.9448723761545,1.49181100331317,340.30107632303,0.296080115490063,0.17466515049337,0.126477212394301,25.4051387173863,25.0501671388997,25.1954801929466,0,NA,"filled",264,"2020"
2020-09-21,NA,70.9404655656135,31.9057353361409,3.63848618689568,69.9950923038542,18.7957743833067,14.6128068849706,23.9448723761545,1.49181100331317,340.30107632303,0.296080115490063,0.17466515049337,0.126477212394301,25.4051387173863,25.0501671388997,25.1954801929466,0,NA,"filled",265,"2020"
2020-09-22,NA,70.9404655656135,31.9057353361409,3.63848618689568,69.9950923038542,18.7957743833067,14.6128068849706,23.9448723761545,1.49181100331317,340.30107632303,0.296080115490063,0.17466515049337,0.126477212394301,25.4051387173863,25.0501671388997,25.1954801929466,0,NA,"filled",266,"2020"
2020-09-23,NA,70.9404655656135,31.9057353361409,3.63848618689568,69.9950923038542,18.7957743833067,14.6128068849706,23.9448723761545,1.49181100331317,340.30107632303,0.296080115490063,0.17466515049337,0.126477212394301,25.4051387173863,25.0501671388997,25.1954801929466,0,NA,"filled",267,"2020"
2020-09-24,NA,70.9404655656135,31.9057353361409,3.63848618689568,69.9950923038542,18.7957743833067,14.6128068849706,23.9448723761545,1.49181100331317,340.30107632303,0.296080115490063,0.17466515049337,0.126477212394301,25.4051387173863,25.0501671388997,25.1954801929466,0,NA,"filled",268,"2020"
2020-09-25,NA,70.9404655656135,31.9057353361409,3.63848618689568,69.9950923038542,18.7957743833067,14.6128068849706,23.9448723761545,1.49181100331317,340.30107632303,0.296080115490063,0.17466515049337,0.126477212394301,25.4051387173863,25.0501671388997,25.1954801929466,0,NA,"filled",269,"2020"
2020-09-26,NA,70.9404655656135,31.9057353361409,3.63848618689568,69.9950923038542,18.7957743833067,14.6128068849706,23.9448723761545,1.49181100331317,340.30107632303,0.296080115490063,0.17466515049337,0.126477212394301,25.4051387173863,25.0501671388997,25.1954801929466,0,NA,"filled",270,"2020"
2020-09-27,NA,70.9404655656135,31.9057353361409,3.63848618689568,69.9950923038542,18.7957743833067,14.6128068849706,23.9448723761545,1.49181100331317,340.30107632303,0.296080115490063,0.17466515049337,0.126477212394301,25.4051387173863,25.0501671388997,25.1954801929466,0,NA,"filled",271,"2020"
2020-09-28,NA,70.9404655656135,31.9057353361409,3.63848618689568,69.9950923038542,18.7957743833067,14.6128068849706,23.9448723761545,1.49181100331317,340.30107632303,0.296080115490063,0.17466515049337,0.126477212394301,25.4051387173863,25.0501671388997,25.1954801929466,0,NA,"filled",272,"2020"
2020-09-29,NA,70.9404655656135,31.9057353361409,3.63848618689568,69.9950923038542,18.7957743833067,14.6128068849706,23.9448723761545,1.49181100331317,340.30107632303,0.296080115490063,0.17466515049337,0.126477212394301,25.4051387173863,25.0501671388997,25.1954801929466,0,NA,"filled",273,"2020"
2020-09-30,NA,70.9404655656135,31.9057353361409,3.63848618689568,69.9950923038542,18.7957743833067,14.6128068849706,23.9448723761545,1.49181100331317,340.30107632303,0.296080115490063,0.17466515049337,0.126477212394301,25.4051387173863,25.0501671388997,25.1954801929466,0,NA,"filled",274,"2020"
2020-10-01,NA,70.9404655656135,31.9057353361409,3.63848618689568,69.9950923038542,18.7957743833067,14.6128068849706,23.9448723761545,1.49181100331317,340.30107632303,0.296080115490063,0.17466515049337,0.126477212394301,25.4051387173863,25.0501671388997,25.1954801929466,0,NA,"filled",275,"2020"
2020-10-02,NA,70.9404655656135,31.9057353361409,3.63848618689568,69.9950923038542,18.7957743833067,14.6128068849706,23.9448723761545,1.49181100331317,340.30107632303,0.296080115490063,0.17466515049337,0.126477212394301,25.4051387173863,25.0501671388997,25.1954801929466,0,NA,"filled",276,"2020"
2020-10-03,NA,70.9404655656135,31.9057353361409,3.63848618689568,69.9950923038542,18.7957743833067,14.6128068849706,23.9448723761545,1.49181100331317,340.30107632303,0.296080115490063,0.17466515049337,0.126477212394301,25.4051387173863,25.0501671388997,25.1954801929466,0,NA,"filled",277,"2020"
2020-10-04,NA,70.9404655656135,31.9057353361409,3.63848618689568,69.9950923038542,18.7957743833067,14.6128068849706,23.9448723761545,1.49181100331317,340.30107632303,0.296080115490063,0.17466515049337,0.126477212394301,25.4051387173863,25.0501671388997,25.1954801929466,0,NA,"filled",278,"2020"
2020-10-05,NA,70.9404655656135,31.9057353361409,3.63848618689568,69.9950923038542,18.7957743833067,14.6128068849706,23.9448723761545,1.49181100331317,340.30107632303,0.296080115490063,0.17466515049337,0.126477212394301,25.4051387173863,25.0501671388997,25.1954801929466,0,NA,"filled",279,"2020"
2020-10-06,NA,70.9404655656135,31.9057353361409,3.63848618689568,69.9950923038542,18.7957743833067,14.6128068849706,23.9448723761545,1.49181100331317,340.30107632303,0.296080115490063,0.17466515049337,0.126477212394301,25.4051387173863,25.0501671388997,25.1954801929466,0,NA,"filled",280,"2020"
2020-10-07,NA,70.9404655656135,31.9057353361409,3.63848618689568,69.9950923038542,18.7957743833067,14.6128068849706,23.9448723761545,1.49181100331317,340.30107632303,0.296080115490063,0.17466515049337,0.126477212394301,25.4051387173863,25.0501671388997,25.1954801929466,0,NA,"filled",281,"2020"
2020-10-08,NA,70.9404655656135,31.9057353361409,3.63848618689568,69.9950923038542,18.7957743833067,14.6128068849706,23.9448723761545,1.49181100331317,340.30107632303,0.296080115490063,0.17466515049337,0.126477212394301,25.4051387173863,25.0501671388997,25.1954801929466,0,NA,"filled",282,"2020"
2020-10-09,NA,70.9404655656135,31.9057353361409,3.63848618689568,69.9950923038542,18.7957743833067,14.6128068849706,23.9448723761545,1.49181100331317,340.30107632303,0.296080115490063,0.17466515049337,0.126477212394301,25.4051387173863,25.0501671388997,25.1954801929466,0,NA,"filled",283,"2020"
2020-10-10,NA,70.9404655656135,31.9057353361409,3.63848618689568,69.9950923038542,18.7957743833067,14.6128068849706,23.9448723761545,1.49181100331317,340.30107632303,0.296080115490063,0.17466515049337,0.126477212394301,25.4051387173863,25.0501671388997,25.1954801929466,0,NA,"filled",284,"2020"
2020-10-11,NA,70.9404655656135,31.9057353361409,3.63848618689568,69.9950923038542,18.7957743833067,14.6128068849706,23.9448723761545,1.49181100331317,340.30107632303,0.296080115490063,0.17466515049337,0.126477212394301,25.4051387173863,25.0501671388997,25.1954801929466,0,NA,"filled",285,"2020"
2020-10-12,NA,70.9404655656135,31.9057353361409,3.63848618689568,69.9950923038542,18.7957743833067,14.6128068849706,23.9448723761545,1.49181100331317,340.30107632303,0.296080115490063,0.17466515049337,0.126477212394301,25.4051387173863,25.0501671388997,25.1954801929466,0,NA,"filled",286,"2020"
2020-10-13,NA,70.9404655656135,31.9057353361409,3.63848618689568,69.9950923038542,18.7957743833067,14.6128068849706,23.9448723761545,1.49181100331317,340.30107632303,0.296080115490063,0.17466515049337,0.126477212394301,25.4051387173863,25.0501671388997,25.1954801929466,0,NA,"filled",287,"2020"
2020-10-14,NA,70.9404655656135,31.9057353361409,3.63848618689568,69.9950923038542,18.7957743833067,14.6128068849706,23.9448723761545,1.49181100331317,340.30107632303,0.296080115490063,0.17466515049337,0.126477212394301,25.4051387173863,25.0501671388997,25.1954801929466,0,NA,"filled",288,"2020"
2020-10-15,NA,70.9404655656135,31.9057353361409,3.63848618689568,69.9950923038542,18.7957743833067,14.6128068849706,23.9448723761545,1.49181100331317,340.30107632303,0.296080115490063,0.17466515049337,0.126477212394301,25.4051387173863,25.0501671388997,25.1954801929466,0,NA,"filled",289,"2020"
2020-10-16,NA,70.9404655656135,31.9057353361409,3.63848618689568,69.9950923038542,18.7957743833067,14.6128068849706,23.9448723761545,1.49181100331317,340.30107632303,0.296080115490063,0.17466515049337,0.126477212394301,25.4051387173863,25.0501671388997,25.1954801929466,0,NA,"filled",290,"2020"
2020-10-17,NA,70.9404655656135,31.9057353361409,3.63848618689568,69.9950923038542,18.7957743833067,14.6128068849706,23.9448723761545,1.49181100331317,340.30107632303,0.296080115490063,0.17466515049337,0.126477212394301,25.4051387173863,25.0501671388997,25.1954801929466,0,NA,"filled",291,"2020"
2020-10-18,NA,70.9404655656135,31.9057353361409,3.63848618689568,69.9950923038542,18.7957743833067,14.6128068849706,23.9448723761545,1.49181100331317,340.30107632303,0.296080115490063,0.17466515049337,0.126477212394301,25.4051387173863,25.0501671388997,25.1954801929466,0,NA,"filled",292,"2020"
2020-10-19,NA,70.9404655656135,31.9057353361409,3.63848618689568,69.9950923038542,18.7957743833067,14.6128068849706,23.9448723761545,1.49181100331317,340.30107632303,0.296080115490063,0.17466515049337,0.126477212394301,25.4051387173863,25.0501671388997,25.1954801929466,0,NA,"filled",293,"2020"
2020-10-20,NA,70.9404655656135,31.9057353361409,3.63848618689568,69.9950923038542,18.7957743833067,14.6128068849706,23.9448723761545,1.49181100331317,340.30107632303,0.296080115490063,0.17466515049337,0.126477212394301,25.4051387173863,25.0501671388997,25.1954801929466,0,NA,"filled",294,"2020"
2020-10-21,NA,70.9404655656135,31.9057353361409,3.63848618689568,69.9950923038542,18.7957743833067,14.6128068849706,23.9448723761545,1.49181100331317,340.30107632303,0.296080115490063,0.17466515049337,0.126477212394301,25.4051387173863,25.0501671388997,25.1954801929466,0,NA,"filled",295,"2020"
2020-10-22,NA,70.9404655656135,31.9057353361409,3.63848618689568,69.9950923038542,18.7957743833067,14.6128068849706,23.9448723761545,1.49181100331317,340.30107632303,0.296080115490063,0.17466515049337,0.126477212394301,25.4051387173863,25.0501671388997,25.1954801929466,0,NA,"filled",296,"2020"
2020-10-23,NA,70.9404655656135,31.9057353361409,3.63848618689568,69.9950923038542,18.7957743833067,14.6128068849706,23.9448723761545,1.49181100331317,340.30107632303,0.296080115490063,0.17466515049337,0.126477212394301,25.4051387173863,25.0501671388997,25.1954801929466,0,NA,"filled",297,"2020"
2020-10-24,NA,70.9404655656135,31.9057353361409,3.63848618689568,69.9950923038542,18.7957743833067,14.6128068849706,23.9448723761545,1.49181100331317,340.30107632303,0.296080115490063,0.17466515049337,0.126477212394301,25.4051387173863,25.0501671388997,25.1954801929466,0,NA,"filled",298,"2020"
2020-10-25,NA,70.9404655656135,31.9057353361409,3.63848618689568,69.9950923038542,18.7957743833067,14.6128068849706,23.9448723761545,1.49181100331317,340.30107632303,0.296080115490063,0.17466515049337,0.126477212394301,25.4051387173863,25.0501671388997,25.1954801929466,0,NA,"filled",299,"2020"
2020-10-26,NA,70.9404655656135,31.9057353361409,3.63848618689568,69.9950923038542,18.7957743833067,14.6128068849706,23.9448723761545,1.49181100331317,340.30107632303,0.296080115490063,0.17466515049337,0.126477212394301,25.4051387173863,25.0501671388997,25.1954801929466,0,NA,"filled",300,"2020"
2020-10-27,NA,70.9404655656135,31.9057353361409,3.63848618689568,69.9950923038542,18.7957743833067,14.6128068849706,23.9448723761545,1.49181100331317,340.30107632303,0.296080115490063,0.17466515049337,0.126477212394301,25.4051387173863,25.0501671388997,25.1954801929466,0,NA,"filled",301,"2020"
2020-10-28,NA,70.9404655656135,31.9057353361409,3.63848618689568,69.9950923038542,18.7957743833067,14.6128068849706,23.9448723761545,1.49181100331317,340.30107632303,0.296080115490063,0.17466515049337,0.126477212394301,25.4051387173863,25.0501671388997,25.1954801929466,0,NA,"filled",302,"2020"
2020-10-29,NA,70.9404655656135,31.9057353361409,3.63848618689568,69.9950923038542,18.7957743833067,14.6128068849706,23.9448723761545,1.49181100331317,340.30107632303,0.296080115490063,0.17466515049337,0.126477212394301,25.4051387173863,25.0501671388997,25.1954801929466,0,NA,"filled",303,"2020"
2020-10-30,NA,70.9404655656135,31.9057353361409,3.63848618689568,69.9950923038542,18.7957743833067,14.6128068849706,23.9448723761545,1.49181100331317,340.30107632303,0.296080115490063,0.17466515049337,0.126477212394301,25.4051387173863,25.0501671388997,25.1954801929466,0,NA,"filled",304,"2020"
2020-10-31,NA,70.9404655656135,31.9057353361409,3.63848618689568,69.9950923038542,18.7957743833067,14.6128068849706,23.9448723761545,1.49181100331317,340.30107632303,0.296080115490063,0.17466515049337,0.126477212394301,25.4051387173863,25.0501671388997,25.1954801929466,0,NA,"filled",305,"2020"
2020-11-01,NA,49.2066557386306,66.4216633396401,3.46585483308828,79.6550520323853,18.7957743833067,14.6128068849706,23.9448723761545,1.49181100331317,352.057818580679,0.308238172987861,0.304789101547781,0.213042410656972,24.5755250238749,23.7732113779318,23.7549891807109,0,NA,"filled",306,"2020"
2020-11-02,NA,49.2066557386306,66.4216633396401,3.46585483308828,79.6550520323853,18.7957743833067,14.6128068849706,23.9448723761545,1.49181100331317,352.057818580679,0.308238172987861,0.304789101547781,0.213042410656972,24.5755250238749,23.7732113779318,23.7549891807109,0,NA,"filled",307,"2020"
2020-11-03,NA,49.2066557386306,66.4216633396401,3.46585483308828,79.6550520323853,18.7957743833067,14.6128068849706,23.9448723761545,1.49181100331317,352.057818580679,0.308238172987861,0.304789101547781,0.213042410656972,24.5755250238749,23.7732113779318,23.7549891807109,0,NA,"filled",308,"2020"
2020-11-04,NA,49.2066557386306,66.4216633396401,3.46585483308828,79.6550520323853,18.7957743833067,14.6128068849706,23.9448723761545,1.49181100331317,352.057818580679,0.308238172987861,0.304789101547781,0.213042410656972,24.5755250238749,23.7732113779318,23.7549891807109,0,NA,"filled",309,"2020"
2020-11-05,NA,49.2066557386306,66.4216633396401,3.46585483308828,79.6550520323853,18.7957743833067,14.6128068849706,23.9448723761545,1.49181100331317,352.057818580679,0.308238172987861,0.304789101547781,0.213042410656972,24.5755250238749,23.7732113779318,23.7549891807109,0,NA,"filled",310,"2020"
2020-11-06,NA,49.2066557386306,66.4216633396401,3.46585483308828,79.6550520323853,18.7957743833067,14.6128068849706,23.9448723761545,1.49181100331317,352.057818580679,0.308238172987861,0.304789101547781,0.213042410656972,24.5755250238749,23.7732113779318,23.7549891807109,0,NA,"filled",311,"2020"
2020-11-07,NA,49.2066557386306,66.4216633396401,3.46585483308828,79.6550520323853,18.7957743833067,14.6128068849706,23.9448723761545,1.49181100331317,352.057818580679,0.308238172987861,0.304789101547781,0.213042410656972,24.5755250238749,23.7732113779318,23.7549891807109,0,NA,"filled",312,"2020"
2020-11-08,NA,49.2066557386306,66.4216633396401,3.46585483308828,79.6550520323853,18.7957743833067,14.6128068849706,23.9448723761545,1.49181100331317,352.057818580679,0.308238172987861,0.304789101547781,0.213042410656972,24.5755250238749,23.7732113779318,23.7549891807109,0,NA,"filled",313,"2020"
2020-11-09,NA,49.2066557386306,66.4216633396401,3.46585483308828,79.6550520323853,18.7957743833067,14.6128068849706,23.9448723761545,1.49181100331317,352.057818580679,0.308238172987861,0.304789101547781,0.213042410656972,24.5755250238749,23.7732113779318,23.7549891807109,0,NA,"filled",314,"2020"
2020-11-10,NA,49.2066557386306,66.4216633396401,3.46585483308828,79.6550520323853,18.7957743833067,14.6128068849706,23.9448723761545,1.49181100331317,352.057818580679,0.308238172987861,0.304789101547781,0.213042410656972,24.5755250238749,23.7732113779318,23.7549891807109,0,NA,"filled",315,"2020"
2020-11-11,NA,49.2066557386306,66.4216633396401,3.46585483308828,79.6550520323853,18.7957743833067,14.6128068849706,23.9448723761545,1.49181100331317,352.057818580679,0.308238172987861,0.304789101547781,0.213042410656972,24.5755250238749,23.7732113779318,23.7549891807109,0,NA,"filled",316,"2020"
2020-11-12,NA,49.2066557386306,66.4216633396401,3.46585483308828,79.6550520323853,18.7957743833067,14.6128068849706,23.9448723761545,1.49181100331317,352.057818580679,0.308238172987861,0.304789101547781,0.213042410656972,24.5755250238749,23.7732113779318,23.7549891807109,0,NA,"filled",317,"2020"
2020-11-13,NA,49.2066557386306,66.4216633396401,3.46585483308828,79.6550520323853,18.7957743833067,14.6128068849706,23.9448723761545,1.49181100331317,352.057818580679,0.308238172987861,0.304789101547781,0.213042410656972,24.5755250238749,23.7732113779318,23.7549891807109,0,NA,"filled",318,"2020"
2020-11-14,NA,49.2066557386306,66.4216633396401,3.46585483308828,79.6550520323853,18.7957743833067,14.6128068849706,23.9448723761545,1.49181100331317,352.057818580679,0.308238172987861,0.304789101547781,0.213042410656972,24.5755250238749,23.7732113779318,23.7549891807109,0,NA,"filled",319,"2020"
2020-11-15,NA,49.2066557386306,66.4216633396401,3.46585483308828,79.6550520323853,18.7957743833067,14.6128068849706,23.9448723761545,1.49181100331317,352.057818580679,0.308238172987861,0.304789101547781,0.213042410656972,24.5755250238749,23.7732113779318,23.7549891807109,0,NA,"filled",320,"2020"
2020-11-16,NA,49.2066557386306,66.4216633396401,3.46585483308828,79.6550520323853,18.7957743833067,14.6128068849706,23.9448723761545,1.49181100331317,352.057818580679,0.308238172987861,0.304789101547781,0.213042410656972,24.5755250238749,23.7732113779318,23.7549891807109,0,NA,"filled",321,"2020"
2020-11-17,NA,49.2066557386306,66.4216633396401,3.46585483308828,79.6550520323853,18.7957743833067,14.6128068849706,23.9448723761545,1.49181100331317,352.057818580679,0.308238172987861,0.304789101547781,0.213042410656972,24.5755250238749,23.7732113779318,23.7549891807109,0,NA,"filled",322,"2020"
2020-11-18,NA,49.2066557386306,66.4216633396401,3.46585483308828,79.6550520323853,18.7957743833067,14.6128068849706,23.9448723761545,1.49181100331317,352.057818580679,0.308238172987861,0.304789101547781,0.213042410656972,24.5755250238749,23.7732113779318,23.7549891807109,0,NA,"filled",323,"2020"
2020-11-19,NA,49.2066557386306,66.4216633396401,3.46585483308828,79.6550520323853,18.7957743833067,14.6128068849706,23.9448723761545,1.49181100331317,352.057818580679,0.308238172987861,0.304789101547781,0.213042410656972,24.5755250238749,23.7732113779318,23.7549891807109,0,NA,"filled",324,"2020"
2020-11-20,NA,49.2066557386306,66.4216633396401,3.46585483308828,79.6550520323853,18.7957743833067,14.6128068849706,23.9448723761545,1.49181100331317,352.057818580679,0.308238172987861,0.304789101547781,0.213042410656972,24.5755250238749,23.7732113779318,23.7549891807109,0,NA,"filled",325,"2020"
2020-11-21,NA,49.2066557386306,66.4216633396401,3.46585483308828,79.6550520323853,18.7957743833067,14.6128068849706,23.9448723761545,1.49181100331317,352.057818580679,0.308238172987861,0.304789101547781,0.213042410656972,24.5755250238749,23.7732113779318,23.7549891807109,0,NA,"filled",326,"2020"
2020-11-22,NA,49.2066557386306,66.4216633396401,3.46585483308828,79.6550520323853,18.7957743833067,14.6128068849706,23.9448723761545,1.49181100331317,352.057818580679,0.308238172987861,0.304789101547781,0.213042410656972,24.5755250238749,23.7732113779318,23.7549891807109,0,NA,"filled",327,"2020"
2020-11-23,NA,49.2066557386306,66.4216633396401,3.46585483308828,79.6550520323853,18.7957743833067,14.6128068849706,23.9448723761545,1.49181100331317,352.057818580679,0.308238172987861,0.304789101547781,0.213042410656972,24.5755250238749,23.7732113779318,23.7549891807109,0,NA,"filled",328,"2020"
2020-11-24,NA,49.2066557386306,66.4216633396401,3.46585483308828,79.6550520323853,18.7957743833067,14.6128068849706,23.9448723761545,1.49181100331317,352.057818580679,0.308238172987861,0.304789101547781,0.213042410656972,24.5755250238749,23.7732113779318,23.7549891807109,0,NA,"filled",329,"2020"
2020-11-25,NA,49.2066557386306,66.4216633396401,3.46585483308828,79.6550520323853,18.7957743833067,14.6128068849706,23.9448723761545,1.49181100331317,352.057818580679,0.308238172987861,0.304789101547781,0.213042410656972,24.5755250238749,23.7732113779318,23.7549891807109,0,NA,"filled",330,"2020"
2020-11-26,NA,49.2066557386306,66.4216633396401,3.46585483308828,79.6550520323853,18.7957743833067,14.6128068849706,23.9448723761545,1.49181100331317,352.057818580679,0.308238172987861,0.304789101547781,0.213042410656972,24.5755250238749,23.7732113779318,23.7549891807109,0,NA,"filled",331,"2020"
2020-11-27,NA,49.2066557386306,66.4216633396401,3.46585483308828,79.6550520323853,18.7957743833067,14.6128068849706,23.9448723761545,1.49181100331317,352.057818580679,0.308238172987861,0.304789101547781,0.213042410656972,24.5755250238749,23.7732113779318,23.7549891807109,0,NA,"filled",332,"2020"
2020-11-28,NA,49.2066557386306,66.4216633396401,3.46585483308828,79.6550520323853,18.7957743833067,14.6128068849706,23.9448723761545,1.49181100331317,352.057818580679,0.308238172987861,0.304789101547781,0.213042410656972,24.5755250238749,23.7732113779318,23.7549891807109,0,NA,"filled",333,"2020"
2020-11-29,NA,49.2066557386306,66.4216633396401,3.46585483308828,79.6550520323853,18.7957743833067,14.6128068849706,23.9448723761545,1.49181100331317,352.057818580679,0.308238172987861,0.304789101547781,0.213042410656972,24.5755250238749,23.7732113779318,23.7549891807109,0,NA,"filled",334,"2020"
2020-11-30,NA,49.2066557386306,66.4216633396401,3.46585483308828,79.6550520323853,18.7957743833067,14.6128068849706,23.9448723761545,1.49181100331317,352.057818580679,0.308238172987861,0.304789101547781,0.213042410656972,24.5755250238749,23.7732113779318,23.7549891807109,0,NA,"filled",335,"2020"
2020-12-01,NA,49.2066557386306,66.4216633396401,3.46585483308828,79.6550520323853,18.7957743833067,14.6128068849706,23.9448723761545,1.49181100331317,352.057818580679,0.308238172987861,0.304789101547781,0.213042410656972,24.5755250238749,23.7732113779318,23.7549891807109,0,NA,"filled",336,"2020"
2020-12-02,NA,49.2066557386306,66.4216633396401,3.46585483308828,79.6550520323853,18.7957743833067,14.6128068849706,23.9448723761545,1.49181100331317,352.057818580679,0.308238172987861,0.304789101547781,0.213042410656972,24.5755250238749,23.7732113779318,23.7549891807109,0,NA,"filled",337,"2020"
2020-12-03,NA,49.2066557386306,66.4216633396401,3.46585483308828,79.6550520323853,18.7957743833067,14.6128068849706,23.9448723761545,1.49181100331317,352.057818580679,0.308238172987861,0.304789101547781,0.213042410656972,24.5755250238749,23.7732113779318,23.7549891807109,0,NA,"filled",338,"2020"
2020-12-04,NA,49.2066557386306,66.4216633396401,3.46585483308828,79.6550520323853,18.7957743833067,14.6128068849706,23.9448723761545,1.49181100331317,352.057818580679,0.308238172987861,0.304789101547781,0.213042410656972,24.5755250238749,23.7732113779318,23.7549891807109,0,NA,"filled",339,"2020"
2020-12-05,NA,49.2066557386306,66.4216633396401,3.46585483308828,79.6550520323853,18.7957743833067,14.6128068849706,23.9448723761545,1.49181100331317,352.057818580679,0.308238172987861,0.304789101547781,0.213042410656972,24.5755250238749,23.7732113779318,23.7549891807109,0,NA,"filled",340,"2020"
2020-12-06,NA,49.2066557386306,66.4216633396401,3.46585483308828,79.6550520323853,18.7957743833067,14.6128068849706,23.9448723761545,1.49181100331317,352.057818580679,0.308238172987861,0.304789101547781,0.213042410656972,24.5755250238749,23.7732113779318,23.7549891807109,0,NA,"filled",341,"2020"
2020-12-07,NA,49.2066557386306,66.4216633396401,3.46585483308828,79.6550520323853,18.7957743833067,14.6128068849706,23.9448723761545,1.49181100331317,352.057818580679,0.308238172987861,0.304789101547781,0.213042410656972,24.5755250238749,23.7732113779318,23.7549891807109,0,NA,"filled",342,"2020"
2020-12-08,NA,49.2066557386306,66.4216633396401,3.46585483308828,79.6550520323853,18.7957743833067,14.6128068849706,23.9448723761545,1.49181100331317,352.057818580679,0.308238172987861,0.304789101547781,0.213042410656972,24.5755250238749,23.7732113779318,23.7549891807109,0,NA,"filled",343,"2020"
2020-12-09,NA,49.2066557386306,66.4216633396401,3.46585483308828,79.6550520323853,18.7957743833067,14.6128068849706,23.9448723761545,1.49181100331317,352.057818580679,0.308238172987861,0.304789101547781,0.213042410656972,24.5755250238749,23.7732113779318,23.7549891807109,0,NA,"filled",344,"2020"
2020-12-10,NA,49.2066557386306,66.4216633396401,3.46585483308828,79.6550520323853,18.7957743833067,14.6128068849706,23.9448723761545,1.49181100331317,352.057818580679,0.308238172987861,0.304789101547781,0.213042410656972,24.5755250238749,23.7732113779318,23.7549891807109,0,NA,"filled",345,"2020"
2020-12-11,NA,49.2066557386306,66.4216633396401,3.46585483308828,79.6550520323853,18.7957743833067,14.6128068849706,23.9448723761545,1.49181100331317,352.057818580679,0.308238172987861,0.304789101547781,0.213042410656972,24.5755250238749,23.7732113779318,23.7549891807109,0,NA,"filled",346,"2020"
2020-12-12,NA,49.2066557386306,66.4216633396401,3.46585483308828,79.6550520323853,18.7957743833067,14.6128068849706,23.9448723761545,1.49181100331317,352.057818580679,0.308238172987861,0.304789101547781,0.213042410656972,24.5755250238749,23.7732113779318,23.7549891807109,0,NA,"filled",347,"2020"
2020-12-13,NA,49.2066557386306,66.4216633396401,3.46585483308828,79.6550520323853,18.7957743833067,14.6128068849706,23.9448723761545,1.49181100331317,352.057818580679,0.308238172987861,0.304789101547781,0.213042410656972,24.5755250238749,23.7732113779318,23.7549891807109,0,NA,"filled",348,"2020"
2020-12-14,NA,49.2066557386306,66.4216633396401,3.46585483308828,79.6550520323853,18.7957743833067,14.6128068849706,23.9448723761545,1.49181100331317,352.057818580679,0.308238172987861,0.304789101547781,0.213042410656972,24.5755250238749,23.7732113779318,23.7549891807109,0,NA,"filled",349,"2020"
2020-12-15,NA,49.2066557386306,66.4216633396401,3.46585483308828,79.6550520323853,18.7957743833067,14.6128068849706,23.9448723761545,1.49181100331317,352.057818580679,0.308238172987861,0.304789101547781,0.213042410656972,24.5755250238749,23.7732113779318,23.7549891807109,0,NA,"filled",350,"2020"
2020-12-16,NA,49.2066557386306,66.4216633396401,3.46585483308828,79.6550520323853,18.7957743833067,14.6128068849706,23.9448723761545,1.49181100331317,352.057818580679,0.308238172987861,0.304789101547781,0.213042410656972,24.5755250238749,23.7732113779318,23.7549891807109,0,NA,"filled",351,"2020"
2020-12-17,NA,49.2066557386306,66.4216633396401,3.46585483308828,79.6550520323853,18.7957743833067,14.6128068849706,23.9448723761545,1.49181100331317,352.057818580679,0.308238172987861,0.304789101547781,0.213042410656972,24.5755250238749,23.7732113779318,23.7549891807109,0,NA,"filled",352,"2020"
2020-12-18,NA,49.2066557386306,66.4216633396401,3.46585483308828,79.6550520323853,18.7957743833067,14.6128068849706,23.9448723761545,1.49181100331317,352.057818580679,0.308238172987861,0.304789101547781,0.213042410656972,24.5755250238749,23.7732113779318,23.7549891807109,0,NA,"filled",353,"2020"
2020-12-19,NA,49.2066557386306,66.4216633396401,3.46585483308828,79.6550520323853,18.7957743833067,14.6128068849706,23.9448723761545,1.49181100331317,352.057818580679,0.308238172987861,0.304789101547781,0.213042410656972,24.5755250238749,23.7732113779318,23.7549891807109,0,NA,"filled",354,"2020"
2020-12-20,NA,49.2066557386306,66.4216633396401,3.46585483308828,79.6550520323853,18.7957743833067,14.6128068849706,23.9448723761545,1.49181100331317,352.057818580679,0.308238172987861,0.304789101547781,0.213042410656972,24.5755250238749,23.7732113779318,23.7549891807109,0,NA,"filled",355,"2020"
2020-12-21,NA,49.2066557386306,66.4216633396401,3.46585483308828,79.6550520323853,18.7957743833067,14.6128068849706,23.9448723761545,1.49181100331317,352.057818580679,0.308238172987861,0.304789101547781,0.213042410656972,24.5755250238749,23.7732113779318,23.7549891807109,0,NA,"filled",356,"2020"
2020-12-22,NA,49.2066557386306,66.4216633396401,3.46585483308828,79.6550520323853,18.7957743833067,14.6128068849706,23.9448723761545,1.49181100331317,352.057818580679,0.308238172987861,0.304789101547781,0.213042410656972,24.5755250238749,23.7732113779318,23.7549891807109,0,NA,"filled",357,"2020"
2020-12-23,NA,49.2066557386306,66.4216633396401,3.46585483308828,79.6550520323853,18.7957743833067,14.6128068849706,23.9448723761545,1.49181100331317,352.057818580679,0.308238172987861,0.304789101547781,0.213042410656972,24.5755250238749,23.7732113779318,23.7549891807109,0,NA,"filled",358,"2020"
2020-12-24,NA,49.2066557386306,66.4216633396401,3.46585483308828,79.6550520323853,18.7957743833067,14.6128068849706,23.9448723761545,1.49181100331317,352.057818580679,0.308238172987861,0.304789101547781,0.213042410656972,24.5755250238749,23.7732113779318,23.7549891807109,0,NA,"filled",359,"2020"
2020-12-25,NA,49.2066557386306,66.4216633396401,3.46585483308828,79.6550520323853,18.7957743833067,14.6128068849706,23.9448723761545,1.49181100331317,352.057818580679,0.308238172987861,0.304789101547781,0.213042410656972,24.5755250238749,23.7732113779318,23.7549891807109,0,NA,"filled",360,"2020"
2020-12-26,NA,49.2066557386306,66.4216633396401,3.46585483308828,79.6550520323853,18.7957743833067,14.6128068849706,23.9448723761545,1.49181100331317,352.057818580679,0.308238172987861,0.304789101547781,0.213042410656972,24.5755250238749,23.7732113779318,23.7549891807109,0,NA,"filled",361,"2020"
2020-12-27,NA,49.2066557386306,66.4216633396401,3.46585483308828,79.6550520323853,18.7957743833067,14.6128068849706,23.9448723761545,1.49181100331317,352.057818580679,0.308238172987861,0.304789101547781,0.213042410656972,24.5755250238749,23.7732113779318,23.7549891807109,0,NA,"filled",362,"2020"
2020-12-28,NA,49.2066557386306,66.4216633396401,3.46585483308828,79.6550520323853,18.7957743833067,14.6128068849706,23.9448723761545,1.49181100331317,352.057818580679,0.308238172987861,0.304789101547781,0.213042410656972,24.5755250238749,23.7732113779318,23.7549891807109,0,NA,"filled",363,"2020"
2020-12-29,NA,49.2066557386306,66.4216633396401,3.46585483308828,79.6550520323853,18.7957743833067,14.6128068849706,23.9448723761545,1.49181100331317,352.057818580679,0.308238172987861,0.304789101547781,0.213042410656972,24.5755250238749,23.7732113779318,23.7549891807109,0,NA,"filled",364,"2020"
2020-12-30,NA,49.2066557386306,66.4216633396401,3.46585483308828,79.6550520323853,18.7957743833067,14.6128068849706,23.9448723761545,1.49181100331317,352.057818580679,0.308238172987861,0.304789101547781,0.213042410656972,24.5755250238749,23.7732113779318,23.7549891807109,0,NA,"filled",365,"2020"
2020-12-31,NA,49.2066557386306,66.4216633396401,3.46585483308828,79.6550520323853,18.7957743833067,14.6128068849706,23.9448723761545,1.49181100331317,352.057818580679,0.308238172987861,0.304789101547781,0.213042410656972,24.5755250238749,23.7732113779318,23.7549891807109,0,NA,"filled",366,"2020"
2021-01-01,NA,70.9404655656135,31.9057353361409,3.63848618689568,69.9950923038542,18.7957743833067,14.6128068849706,23.9448723761545,1.49181100331317,340.30107632303,0.296080115490063,0.17466515049337,0.126477212394301,25.4051387173863,25.0501671388997,25.1954801929466,0,NA,"filled",1,"2021"
2021-01-02,NA,70.9404655656135,31.9057353361409,3.63848618689568,69.9950923038542,18.7957743833067,14.6128068849706,23.9448723761545,1.49181100331317,340.30107632303,0.296080115490063,0.17466515049337,0.126477212394301,25.4051387173863,25.0501671388997,25.1954801929466,0,NA,"filled",2,"2021"
2021-01-03,NA,70.9404655656135,31.9057353361409,3.63848618689568,69.9950923038542,18.7957743833067,14.6128068849706,23.9448723761545,1.49181100331317,340.30107632303,0.296080115490063,0.17466515049337,0.126477212394301,25.4051387173863,25.0501671388997,25.1954801929466,0,NA,"filled",3,"2021"
2021-01-04,NA,70.9404655656135,31.9057353361409,3.63848618689568,69.9950923038542,18.7957743833067,14.6128068849706,23.9448723761545,1.49181100331317,340.30107632303,0.296080115490063,0.17466515049337,0.126477212394301,25.4051387173863,25.0501671388997,25.1954801929466,0,NA,"filled",4,"2021"
2021-01-05,NA,70.9404655656135,31.9057353361409,3.63848618689568,69.9950923038542,18.7957743833067,14.6128068849706,23.9448723761545,1.49181100331317,340.30107632303,0.296080115490063,0.17466515049337,0.126477212394301,25.4051387173863,25.0501671388997,25.1954801929466,0,NA,"filled",5,"2021"
2021-01-06,NA,70.9404655656135,31.9057353361409,3.63848618689568,69.9950923038542,18.7957743833067,14.6128068849706,23.9448723761545,1.49181100331317,340.30107632303,0.296080115490063,0.17466515049337,0.126477212394301,25.4051387173863,25.0501671388997,25.1954801929466,0,NA,"filled",6,"2021"
2021-01-07,NA,70.9404655656135,31.9057353361409,3.63848618689568,69.9950923038542,18.7957743833067,14.6128068849706,23.9448723761545,1.49181100331317,340.30107632303,0.296080115490063,0.17466515049337,0.126477212394301,25.4051387173863,25.0501671388997,25.1954801929466,0,NA,"filled",7,"2021"
2021-01-08,NA,70.9404655656135,31.9057353361409,3.63848618689568,69.9950923038542,18.7957743833067,14.6128068849706,23.9448723761545,1.49181100331317,340.30107632303,0.296080115490063,0.17466515049337,0.126477212394301,25.4051387173863,25.0501671388997,25.1954801929466,0,NA,"filled",8,"2021"
2021-01-09,NA,70.9404655656135,31.9057353361409,3.63848618689568,69.9950923038542,18.7957743833067,14.6128068849706,23.9448723761545,1.49181100331317,340.30107632303,0.296080115490063,0.17466515049337,0.126477212394301,25.4051387173863,25.0501671388997,25.1954801929466,0,NA,"filled",9,"2021"
2021-01-10,NA,70.9404655656135,31.9057353361409,3.63848618689568,69.9950923038542,18.7957743833067,14.6128068849706,23.9448723761545,1.49181100331317,340.30107632303,0.296080115490063,0.17466515049337,0.126477212394301,25.4051387173863,25.0501671388997,25.1954801929466,0,NA,"filled",10,"2021"
2021-01-11,NA,70.9404655656135,31.9057353361409,3.63848618689568,69.9950923038542,18.7957743833067,14.6128068849706,23.9448723761545,1.49181100331317,340.30107632303,0.296080115490063,0.17466515049337,0.126477212394301,25.4051387173863,25.0501671388997,25.1954801929466,0,NA,"filled",11,"2021"
2021-01-12,NA,70.9404655656135,31.9057353361409,3.63848618689568,69.9950923038542,18.7957743833067,14.6128068849706,23.9448723761545,1.49181100331317,340.30107632303,0.296080115490063,0.17466515049337,0.126477212394301,25.4051387173863,25.0501671388997,25.1954801929466,0,NA,"filled",12,"2021"
2021-01-13,NA,70.9404655656135,31.9057353361409,3.63848618689568,69.9950923038542,18.7957743833067,14.6128068849706,23.9448723761545,1.49181100331317,340.30107632303,0.296080115490063,0.17466515049337,0.126477212394301,25.4051387173863,25.0501671388997,25.1954801929466,0,NA,"filled",13,"2021"
2021-01-14,NA,70.9404655656135,31.9057353361409,3.63848618689568,69.9950923038542,18.7957743833067,14.6128068849706,23.9448723761545,1.49181100331317,340.30107632303,0.296080115490063,0.17466515049337,0.126477212394301,25.4051387173863,25.0501671388997,25.1954801929466,0,NA,"filled",14,"2021"
2021-01-15,NA,70.9404655656135,31.9057353361409,3.63848618689568,69.9950923038542,18.7957743833067,14.6128068849706,23.9448723761545,1.49181100331317,340.30107632303,0.296080115490063,0.17466515049337,0.126477212394301,25.4051387173863,25.0501671388997,25.1954801929466,0,NA,"filled",15,"2021"
2021-01-16,NA,70.9404655656135,31.9057353361409,3.63848618689568,69.9950923038542,18.7957743833067,14.6128068849706,23.9448723761545,1.49181100331317,340.30107632303,0.296080115490063,0.17466515049337,0.126477212394301,25.4051387173863,25.0501671388997,25.1954801929466,0,NA,"filled",16,"2021"
2021-01-17,NA,70.9404655656135,31.9057353361409,3.63848618689568,69.9950923038542,18.7957743833067,14.6128068849706,23.9448723761545,1.49181100331317,340.30107632303,0.296080115490063,0.17466515049337,0.126477212394301,25.4051387173863,25.0501671388997,25.1954801929466,0,NA,"filled",17,"2021"
2021-01-18,NA,70.9404655656135,31.9057353361409,3.63848618689568,69.9950923038542,18.7957743833067,14.6128068849706,23.9448723761545,1.49181100331317,340.30107632303,0.296080115490063,0.17466515049337,0.126477212394301,25.4051387173863,25.0501671388997,25.1954801929466,0,NA,"filled",18,"2021"
2021-01-19,NA,70.9404655656135,31.9057353361409,3.63848618689568,69.9950923038542,18.7957743833067,14.6128068849706,23.9448723761545,1.49181100331317,340.30107632303,0.296080115490063,0.17466515049337,0.126477212394301,25.4051387173863,25.0501671388997,25.1954801929466,0,NA,"filled",19,"2021"
2021-01-20,NA,70.9404655656135,31.9057353361409,3.63848618689568,69.9950923038542,18.7957743833067,14.6128068849706,23.9448723761545,1.49181100331317,340.30107632303,0.296080115490063,0.17466515049337,0.126477212394301,25.4051387173863,25.0501671388997,25.1954801929466,0,NA,"filled",20,"2021"
2021-01-21,NA,70.9404655656135,31.9057353361409,3.63848618689568,69.9950923038542,18.7957743833067,14.6128068849706,23.9448723761545,1.49181100331317,340.30107632303,0.296080115490063,0.17466515049337,0.126477212394301,25.4051387173863,25.0501671388997,25.1954801929466,0,NA,"filled",21,"2021"
2021-01-22,NA,70.9404655656135,31.9057353361409,3.63848618689568,69.9950923038542,18.7957743833067,14.6128068849706,23.9448723761545,1.49181100331317,340.30107632303,0.296080115490063,0.17466515049337,0.126477212394301,25.4051387173863,25.0501671388997,25.1954801929466,0,NA,"filled",22,"2021"
2021-01-23,NA,70.9404655656135,31.9057353361409,3.63848618689568,69.9950923038542,18.7957743833067,14.6128068849706,23.9448723761545,1.49181100331317,340.30107632303,0.296080115490063,0.17466515049337,0.126477212394301,25.4051387173863,25.0501671388997,25.1954801929466,0,NA,"filled",23,"2021"
2021-01-24,NA,70.9404655656135,31.9057353361409,3.63848618689568,69.9950923038542,18.7957743833067,14.6128068849706,23.9448723761545,1.49181100331317,340.30107632303,0.296080115490063,0.17466515049337,0.126477212394301,25.4051387173863,25.0501671388997,25.1954801929466,0,NA,"filled",24,"2021"
2021-01-25,NA,70.9404655656135,31.9057353361409,3.63848618689568,69.9950923038542,18.7957743833067,14.6128068849706,23.9448723761545,1.49181100331317,340.30107632303,0.296080115490063,0.17466515049337,0.126477212394301,25.4051387173863,25.0501671388997,25.1954801929466,0,NA,"filled",25,"2021"
2021-01-26,NA,70.9404655656135,31.9057353361409,3.63848618689568,69.9950923038542,18.7957743833067,14.6128068849706,23.9448723761545,1.49181100331317,340.30107632303,0.296080115490063,0.17466515049337,0.126477212394301,25.4051387173863,25.0501671388997,25.1954801929466,0,NA,"filled",26,"2021"
2021-01-27,NA,70.9404655656135,31.9057353361409,3.63848618689568,69.9950923038542,18.7957743833067,14.6128068849706,23.9448723761545,1.49181100331317,340.30107632303,0.296080115490063,0.17466515049337,0.126477212394301,25.4051387173863,25.0501671388997,25.1954801929466,0,NA,"filled",27,"2021"
2021-01-28,NA,70.9404655656135,31.9057353361409,3.63848618689568,69.9950923038542,18.7957743833067,14.6128068849706,23.9448723761545,1.49181100331317,340.30107632303,0.296080115490063,0.17466515049337,0.126477212394301,25.4051387173863,25.0501671388997,25.1954801929466,0,NA,"filled",28,"2021"
2021-01-29,NA,70.9404655656135,31.9057353361409,3.63848618689568,69.9950923038542,18.7957743833067,14.6128068849706,23.9448723761545,1.49181100331317,340.30107632303,0.296080115490063,0.17466515049337,0.126477212394301,25.4051387173863,25.0501671388997,25.1954801929466,0,NA,"filled",29,"2021"
2021-01-30,NA,70.9404655656135,31.9057353361409,3.63848618689568,69.9950923038542,18.7957743833067,14.6128068849706,23.9448723761545,1.49181100331317,340.30107632303,0.296080115490063,0.17466515049337,0.126477212394301,25.4051387173863,25.0501671388997,25.1954801929466,0,NA,"filled",30,"2021"
2021-01-31,NA,70.9404655656135,31.9057353361409,3.63848618689568,69.9950923038542,18.7957743833067,14.6128068849706,23.9448723761545,1.49181100331317,340.30107632303,0.296080115490063,0.17466515049337,0.126477212394301,25.4051387173863,25.0501671388997,25.1954801929466,0,NA,"filled",31,"2021"
2021-02-01,NA,70.9404655656135,31.9057353361409,3.63848618689568,69.9950923038542,18.7957743833067,14.6128068849706,23.9448723761545,1.49181100331317,340.30107632303,0.296080115490063,0.17466515049337,0.126477212394301,25.4051387173863,25.0501671388997,25.1954801929466,0,NA,"filled",32,"2021"
2021-02-02,NA,70.9404655656135,31.9057353361409,3.63848618689568,69.9950923038542,18.7957743833067,14.6128068849706,23.9448723761545,1.49181100331317,340.30107632303,0.296080115490063,0.17466515049337,0.126477212394301,25.4051387173863,25.0501671388997,25.1954801929466,0,NA,"filled",33,"2021"
2021-02-03,NA,70.9404655656135,31.9057353361409,3.63848618689568,69.9950923038542,18.7957743833067,14.6128068849706,23.9448723761545,1.49181100331317,340.30107632303,0.296080115490063,0.17466515049337,0.126477212394301,25.4051387173863,25.0501671388997,25.1954801929466,0,NA,"filled",34,"2021"
2021-02-04,NA,70.9404655656135,31.9057353361409,3.63848618689568,69.9950923038542,18.7957743833067,14.6128068849706,23.9448723761545,1.49181100331317,340.30107632303,0.296080115490063,0.17466515049337,0.126477212394301,25.4051387173863,25.0501671388997,25.1954801929466,0,NA,"filled",35,"2021"
2021-02-05,NA,70.9404655656135,31.9057353361409,3.63848618689568,69.9950923038542,18.7957743833067,14.6128068849706,23.9448723761545,1.49181100331317,340.30107632303,0.296080115490063,0.17466515049337,0.126477212394301,25.4051387173863,25.0501671388997,25.1954801929466,0,NA,"filled",36,"2021"
2021-02-06,NA,70.9404655656135,31.9057353361409,3.63848618689568,69.9950923038542,18.7957743833067,14.6128068849706,23.9448723761545,1.49181100331317,340.30107632303,0.296080115490063,0.17466515049337,0.126477212394301,25.4051387173863,25.0501671388997,25.1954801929466,0,NA,"filled",37,"2021"
2021-02-07,NA,70.9404655656135,31.9057353361409,3.63848618689568,69.9950923038542,18.7957743833067,14.6128068849706,23.9448723761545,1.49181100331317,340.30107632303,0.296080115490063,0.17466515049337,0.126477212394301,25.4051387173863,25.0501671388997,25.1954801929466,0,NA,"filled",38,"2021"
2021-02-08,NA,70.9404655656135,31.9057353361409,3.63848618689568,69.9950923038542,18.7957743833067,14.6128068849706,23.9448723761545,1.49181100331317,340.30107632303,0.296080115490063,0.17466515049337,0.126477212394301,25.4051387173863,25.0501671388997,25.1954801929466,0,NA,"filled",39,"2021"
2021-02-09,NA,70.9404655656135,31.9057353361409,3.63848618689568,69.9950923038542,18.7957743833067,14.6128068849706,23.9448723761545,1.49181100331317,340.30107632303,0.296080115490063,0.17466515049337,0.126477212394301,25.4051387173863,25.0501671388997,25.1954801929466,0,NA,"filled",40,"2021"
2021-02-10,NA,70.9404655656135,31.9057353361409,3.63848618689568,69.9950923038542,18.7957743833067,14.6128068849706,23.9448723761545,1.49181100331317,340.30107632303,0.296080115490063,0.17466515049337,0.126477212394301,25.4051387173863,25.0501671388997,25.1954801929466,0,NA,"filled",41,"2021"
2021-02-11,NA,70.9404655656135,31.9057353361409,3.63848618689568,69.9950923038542,18.7957743833067,14.6128068849706,23.9448723761545,1.49181100331317,340.30107632303,0.296080115490063,0.17466515049337,0.126477212394301,25.4051387173863,25.0501671388997,25.1954801929466,0,NA,"filled",42,"2021"
2021-02-12,NA,70.9404655656135,31.9057353361409,3.63848618689568,69.9950923038542,18.7957743833067,14.6128068849706,23.9448723761545,1.49181100331317,340.30107632303,0.296080115490063,0.17466515049337,0.126477212394301,25.4051387173863,25.0501671388997,25.1954801929466,0,NA,"filled",43,"2021"
2021-02-13,NA,70.9404655656135,31.9057353361409,3.63848618689568,69.9950923038542,18.7957743833067,14.6128068849706,23.9448723761545,1.49181100331317,340.30107632303,0.296080115490063,0.17466515049337,0.126477212394301,25.4051387173863,25.0501671388997,25.1954801929466,0,NA,"filled",44,"2021"
2021-02-14,NA,70.9404655656135,31.9057353361409,3.63848618689568,69.9950923038542,18.7957743833067,14.6128068849706,23.9448723761545,1.49181100331317,340.30107632303,0.296080115490063,0.17466515049337,0.126477212394301,25.4051387173863,25.0501671388997,25.1954801929466,0,NA,"filled",45,"2021"
2021-02-15,NA,70.9404655656135,31.9057353361409,3.63848618689568,69.9950923038542,18.7957743833067,14.6128068849706,23.9448723761545,1.49181100331317,340.30107632303,0.296080115490063,0.17466515049337,0.126477212394301,25.4051387173863,25.0501671388997,25.1954801929466,0,NA,"filled",46,"2021"
2021-02-16,NA,70.9404655656135,31.9057353361409,3.63848618689568,69.9950923038542,18.7957743833067,14.6128068849706,23.9448723761545,1.49181100331317,340.30107632303,0.296080115490063,0.17466515049337,0.126477212394301,25.4051387173863,25.0501671388997,25.1954801929466,0,NA,"filled",47,"2021"
2021-02-17,NA,70.9404655656135,31.9057353361409,3.63848618689568,69.9950923038542,18.7957743833067,14.6128068849706,23.9448723761545,1.49181100331317,340.30107632303,0.296080115490063,0.17466515049337,0.126477212394301,25.4051387173863,25.0501671388997,25.1954801929466,0,NA,"filled",48,"2021"
2021-02-18,NA,70.9404655656135,31.9057353361409,3.63848618689568,69.9950923038542,18.7957743833067,14.6128068849706,23.9448723761545,1.49181100331317,340.30107632303,0.296080115490063,0.17466515049337,0.126477212394301,25.4051387173863,25.0501671388997,25.1954801929466,0,NA,"filled",49,"2021"
2021-02-19,NA,70.9404655656135,31.9057353361409,3.63848618689568,69.9950923038542,18.7957743833067,14.6128068849706,23.9448723761545,1.49181100331317,340.30107632303,0.296080115490063,0.17466515049337,0.126477212394301,25.4051387173863,25.0501671388997,25.1954801929466,0,NA,"filled",50,"2021"
2021-02-20,NA,70.9404655656135,31.9057353361409,3.63848618689568,69.9950923038542,18.7957743833067,14.6128068849706,23.9448723761545,1.49181100331317,340.30107632303,0.296080115490063,0.17466515049337,0.126477212394301,25.4051387173863,25.0501671388997,25.1954801929466,0,NA,"filled",51,"2021"
2021-02-21,NA,70.9404655656135,31.9057353361409,3.63848618689568,69.9950923038542,18.7957743833067,14.6128068849706,23.9448723761545,1.49181100331317,340.30107632303,0.296080115490063,0.17466515049337,0.126477212394301,25.4051387173863,25.0501671388997,25.1954801929466,0,NA,"filled",52,"2021"
2021-02-22,NA,70.9404655656135,31.9057353361409,3.63848618689568,69.9950923038542,18.7957743833067,14.6128068849706,23.9448723761545,1.49181100331317,340.30107632303,0.296080115490063,0.17466515049337,0.126477212394301,25.4051387173863,25.0501671388997,25.1954801929466,0,NA,"filled",53,"2021"
2021-02-23,NA,70.9404655656135,31.9057353361409,3.63848618689568,69.9950923038542,18.7957743833067,14.6128068849706,23.9448723761545,1.49181100331317,340.30107632303,0.296080115490063,0.17466515049337,0.126477212394301,25.4051387173863,25.0501671388997,25.1954801929466,0,NA,"filled",54,"2021"
2021-02-24,NA,70.9404655656135,31.9057353361409,3.63848618689568,69.9950923038542,18.7957743833067,14.6128068849706,23.9448723761545,1.49181100331317,340.30107632303,0.296080115490063,0.17466515049337,0.126477212394301,25.4051387173863,25.0501671388997,25.1954801929466,0,NA,"filled",55,"2021"
2021-02-25,NA,70.9404655656135,31.9057353361409,3.63848618689568,69.9950923038542,18.7957743833067,14.6128068849706,23.9448723761545,1.49181100331317,340.30107632303,0.296080115490063,0.17466515049337,0.126477212394301,25.4051387173863,25.0501671388997,25.1954801929466,0,NA,"filled",56,"2021"
2021-02-26,NA,70.9404655656135,31.9057353361409,3.63848618689568,69.9950923038542,18.7957743833067,14.6128068849706,23.9448723761545,1.49181100331317,340.30107632303,0.296080115490063,0.17466515049337,0.126477212394301,25.4051387173863,25.0501671388997,25.1954801929466,0,NA,"filled",57,"2021"
2021-02-27,NA,70.9404655656135,31.9057353361409,3.63848618689568,69.9950923038542,18.7957743833067,14.6128068849706,23.9448723761545,1.49181100331317,340.30107632303,0.296080115490063,0.17466515049337,0.126477212394301,25.4051387173863,25.0501671388997,25.1954801929466,0,NA,"filled",58,"2021"
2021-02-28,NA,70.9404655656135,31.9057353361409,3.63848618689568,69.9950923038542,18.7957743833067,14.6128068849706,23.9448723761545,1.49181100331317,340.30107632303,0.296080115490063,0.17466515049337,0.126477212394301,25.4051387173863,25.0501671388997,25.1954801929466,0,NA,"filled",59,"2021"
2021-03-01,NA,49.2066557386306,66.4216633396401,3.46585483308828,79.6550520323853,18.7957743833067,14.6128068849706,23.9448723761545,1.49181100331317,352.057818580679,0.308238172987861,0.304789101547781,0.213042410656972,24.5755250238749,23.7732113779318,23.7549891807109,0,NA,"filled",60,"2021"
2021-03-02,NA,49.2066557386306,66.4216633396401,3.46585483308828,79.6550520323853,18.7957743833067,14.6128068849706,23.9448723761545,1.49181100331317,352.057818580679,0.308238172987861,0.304789101547781,0.213042410656972,24.5755250238749,23.7732113779318,23.7549891807109,0,NA,"filled",61,"2021"
2021-03-03,NA,49.2066557386306,66.4216633396401,3.46585483308828,79.6550520323853,18.7957743833067,14.6128068849706,23.9448723761545,1.49181100331317,352.057818580679,0.308238172987861,0.304789101547781,0.213042410656972,24.5755250238749,23.7732113779318,23.7549891807109,0,NA,"filled",62,"2021"
2021-03-04,NA,49.2066557386306,66.4216633396401,3.46585483308828,79.6550520323853,18.7957743833067,14.6128068849706,23.9448723761545,1.49181100331317,352.057818580679,0.308238172987861,0.304789101547781,0.213042410656972,24.5755250238749,23.7732113779318,23.7549891807109,0,NA,"filled",63,"2021"
2021-03-05,NA,49.2066557386306,66.4216633396401,3.46585483308828,79.6550520323853,18.7957743833067,14.6128068849706,23.9448723761545,1.49181100331317,352.057818580679,0.308238172987861,0.304789101547781,0.213042410656972,24.5755250238749,23.7732113779318,23.7549891807109,0,NA,"filled",64,"2021"
2021-03-06,NA,49.2066557386306,66.4216633396401,3.46585483308828,79.6550520323853,18.7957743833067,14.6128068849706,23.9448723761545,1.49181100331317,352.057818580679,0.308238172987861,0.304789101547781,0.213042410656972,24.5755250238749,23.7732113779318,23.7549891807109,0,NA,"filled",65,"2021"
2021-03-07,NA,49.2066557386306,66.4216633396401,3.46585483308828,79.6550520323853,18.7957743833067,14.6128068849706,23.9448723761545,1.49181100331317,352.057818580679,0.308238172987861,0.304789101547781,0.213042410656972,24.5755250238749,23.7732113779318,23.7549891807109,0,NA,"filled",66,"2021"
2021-03-08,NA,49.2066557386306,66.4216633396401,3.46585483308828,79.6550520323853,18.7957743833067,14.6128068849706,23.9448723761545,1.49181100331317,352.057818580679,0.308238172987861,0.304789101547781,0.213042410656972,24.5755250238749,23.7732113779318,23.7549891807109,0,NA,"filled",67,"2021"
2021-03-09,NA,49.2066557386306,66.4216633396401,3.46585483308828,79.6550520323853,18.7957743833067,14.6128068849706,23.9448723761545,1.49181100331317,352.057818580679,0.308238172987861,0.304789101547781,0.213042410656972,24.5755250238749,23.7732113779318,23.7549891807109,0,NA,"filled",68,"2021"
2021-03-10,NA,49.2066557386306,66.4216633396401,3.46585483308828,79.6550520323853,18.7957743833067,14.6128068849706,23.9448723761545,1.49181100331317,352.057818580679,0.308238172987861,0.304789101547781,0.213042410656972,24.5755250238749,23.7732113779318,23.7549891807109,0,NA,"filled",69,"2021"
2021-03-11,NA,49.2066557386306,66.4216633396401,3.46585483308828,79.6550520323853,18.7957743833067,14.6128068849706,23.9448723761545,1.49181100331317,352.057818580679,0.308238172987861,0.304789101547781,0.213042410656972,24.5755250238749,23.7732113779318,23.7549891807109,0,NA,"filled",70,"2021"
2021-03-12,NA,49.2066557386306,66.4216633396401,3.46585483308828,79.6550520323853,18.7957743833067,14.6128068849706,23.9448723761545,1.49181100331317,352.057818580679,0.308238172987861,0.304789101547781,0.213042410656972,24.5755250238749,23.7732113779318,23.7549891807109,0,NA,"filled",71,"2021"
2021-03-13,NA,49.2066557386306,66.4216633396401,3.46585483308828,79.6550520323853,18.7957743833067,14.6128068849706,23.9448723761545,1.49181100331317,352.057818580679,0.308238172987861,0.304789101547781,0.213042410656972,24.5755250238749,23.7732113779318,23.7549891807109,0,NA,"filled",72,"2021"
2021-03-14,NA,49.2066557386306,66.4216633396401,3.46585483308828,79.6550520323853,18.7957743833067,14.6128068849706,23.9448723761545,1.49181100331317,352.057818580679,0.308238172987861,0.304789101547781,0.213042410656972,24.5755250238749,23.7732113779318,23.7549891807109,0,NA,"filled",73,"2021"
2021-03-15,NA,49.2066557386306,66.4216633396401,3.46585483308828,79.6550520323853,18.7957743833067,14.6128068849706,23.9448723761545,1.49181100331317,352.057818580679,0.308238172987861,0.304789101547781,0.213042410656972,24.5755250238749,23.7732113779318,23.7549891807109,0,NA,"filled",74,"2021"
2021-03-16,NA,49.2066557386306,66.4216633396401,3.46585483308828,79.6550520323853,18.7957743833067,14.6128068849706,23.9448723761545,1.49181100331317,352.057818580679,0.308238172987861,0.304789101547781,0.213042410656972,24.5755250238749,23.7732113779318,23.7549891807109,0,NA,"filled",75,"2021"
2021-03-17,NA,49.2066557386306,66.4216633396401,3.46585483308828,79.6550520323853,18.7957743833067,14.6128068849706,23.9448723761545,1.49181100331317,352.057818580679,0.308238172987861,0.304789101547781,0.213042410656972,24.5755250238749,23.7732113779318,23.7549891807109,0,NA,"filled",76,"2021"
2021-03-18,NA,49.2066557386306,66.4216633396401,3.46585483308828,79.6550520323853,18.7957743833067,14.6128068849706,23.9448723761545,1.49181100331317,352.057818580679,0.308238172987861,0.304789101547781,0.213042410656972,24.5755250238749,23.7732113779318,23.7549891807109,0,NA,"filled",77,"2021"
2021-03-19,NA,49.2066557386306,66.4216633396401,3.46585483308828,79.6550520323853,18.7957743833067,14.6128068849706,23.9448723761545,1.49181100331317,352.057818580679,0.308238172987861,0.304789101547781,0.213042410656972,24.5755250238749,23.7732113779318,23.7549891807109,0,NA,"filled",78,"2021"
2021-03-20,NA,49.2066557386306,66.4216633396401,3.46585483308828,79.6550520323853,18.7957743833067,14.6128068849706,23.9448723761545,1.49181100331317,352.057818580679,0.308238172987861,0.304789101547781,0.213042410656972,24.5755250238749,23.7732113779318,23.7549891807109,0,NA,"filled",79,"2021"
2021-03-21,NA,49.2066557386306,66.4216633396401,3.46585483308828,79.6550520323853,18.7957743833067,14.6128068849706,23.9448723761545,1.49181100331317,352.057818580679,0.308238172987861,0.304789101547781,0.213042410656972,24.5755250238749,23.7732113779318,23.7549891807109,0,NA,"filled",80,"2021"
2021-03-22,NA,49.2066557386306,66.4216633396401,3.46585483308828,79.6550520323853,18.7957743833067,14.6128068849706,23.9448723761545,1.49181100331317,352.057818580679,0.308238172987861,0.304789101547781,0.213042410656972,24.5755250238749,23.7732113779318,23.7549891807109,0,NA,"filled",81,"2021"
2021-03-23,NA,49.2066557386306,66.4216633396401,3.46585483308828,79.6550520323853,18.7957743833067,14.6128068849706,23.9448723761545,1.49181100331317,352.057818580679,0.308238172987861,0.304789101547781,0.213042410656972,24.5755250238749,23.7732113779318,23.7549891807109,0,NA,"filled",82,"2021"
2021-03-24,NA,49.2066557386306,66.4216633396401,3.46585483308828,79.6550520323853,18.7957743833067,14.6128068849706,23.9448723761545,1.49181100331317,352.057818580679,0.308238172987861,0.304789101547781,0.213042410656972,24.5755250238749,23.7732113779318,23.7549891807109,0,NA,"filled",83,"2021"
2021-03-25,NA,49.2066557386306,66.4216633396401,3.46585483308828,79.6550520323853,18.7957743833067,14.6128068849706,23.9448723761545,1.49181100331317,352.057818580679,0.308238172987861,0.304789101547781,0.213042410656972,24.5755250238749,23.7732113779318,23.7549891807109,0,NA,"filled",84,"2021"
2021-03-26,NA,49.2066557386306,66.4216633396401,3.46585483308828,79.6550520323853,18.7957743833067,14.6128068849706,23.9448723761545,1.49181100331317,352.057818580679,0.308238172987861,0.304789101547781,0.213042410656972,24.5755250238749,23.7732113779318,23.7549891807109,0,NA,"filled",85,"2021"
2021-03-27,NA,49.2066557386306,66.4216633396401,3.46585483308828,79.6550520323853,18.7957743833067,14.6128068849706,23.9448723761545,1.49181100331317,352.057818580679,0.308238172987861,0.304789101547781,0.213042410656972,24.5755250238749,23.7732113779318,23.7549891807109,0,NA,"filled",86,"2021"
2021-03-28,NA,49.2066557386306,66.4216633396401,3.46585483308828,79.6550520323853,18.7957743833067,14.6128068849706,23.9448723761545,1.49181100331317,352.057818580679,0.308238172987861,0.304789101547781,0.213042410656972,24.5755250238749,23.7732113779318,23.7549891807109,0,NA,"filled",87,"2021"
2021-03-29,NA,49.2066557386306,66.4216633396401,3.46585483308828,79.6550520323853,18.7957743833067,14.6128068849706,23.9448723761545,1.49181100331317,352.057818580679,0.308238172987861,0.304789101547781,0.213042410656972,24.5755250238749,23.7732113779318,23.7549891807109,0,NA,"filled",88,"2021"
2021-03-30,NA,49.2066557386306,66.4216633396401,3.46585483308828,79.6550520323853,18.7957743833067,14.6128068849706,23.9448723761545,1.49181100331317,352.057818580679,0.308238172987861,0.304789101547781,0.213042410656972,24.5755250238749,23.7732113779318,23.7549891807109,0,NA,"filled",89,"2021"
2021-03-31,NA,49.2066557386306,66.4216633396401,3.46585483308828,79.6550520323853,18.7957743833067,14.6128068849706,23.9448723761545,1.49181100331317,352.057818580679,0.308238172987861,0.304789101547781,0.213042410656972,24.5755250238749,23.7732113779318,23.7549891807109,0,NA,"filled",90,"2021"
2021-04-01,NA,49.2066557386306,66.4216633396401,3.46585483308828,79.6550520323853,18.7957743833067,14.6128068849706,23.9448723761545,1.49181100331317,352.057818580679,0.308238172987861,0.304789101547781,0.213042410656972,24.5755250238749,23.7732113779318,23.7549891807109,0,NA,"filled",91,"2021"
2021-04-02,NA,49.2066557386306,66.4216633396401,3.46585483308828,79.6550520323853,18.7957743833067,14.6128068849706,23.9448723761545,1.49181100331317,352.057818580679,0.308238172987861,0.304789101547781,0.213042410656972,24.5755250238749,23.7732113779318,23.7549891807109,0,NA,"filled",92,"2021"
2021-04-03,NA,49.2066557386306,66.4216633396401,3.46585483308828,79.6550520323853,18.7957743833067,14.6128068849706,23.9448723761545,1.49181100331317,352.057818580679,0.308238172987861,0.304789101547781,0.213042410656972,24.5755250238749,23.7732113779318,23.7549891807109,0,NA,"filled",93,"2021"
2021-04-04,NA,49.2066557386306,66.4216633396401,3.46585483308828,79.6550520323853,18.7957743833067,14.6128068849706,23.9448723761545,1.49181100331317,352.057818580679,0.308238172987861,0.304789101547781,0.213042410656972,24.5755250238749,23.7732113779318,23.7549891807109,0,NA,"filled",94,"2021"
2021-04-05,NA,49.2066557386306,66.4216633396401,3.46585483308828,79.6550520323853,18.7957743833067,14.6128068849706,23.9448723761545,1.49181100331317,352.057818580679,0.308238172987861,0.304789101547781,0.213042410656972,24.5755250238749,23.7732113779318,23.7549891807109,0,NA,"filled",95,"2021"
2021-04-06,NA,49.2066557386306,66.4216633396401,3.46585483308828,79.6550520323853,18.7957743833067,14.6128068849706,23.9448723761545,1.49181100331317,352.057818580679,0.308238172987861,0.304789101547781,0.213042410656972,24.5755250238749,23.7732113779318,23.7549891807109,0,NA,"filled",96,"2021"
2021-04-07,NA,49.2066557386306,66.4216633396401,3.46585483308828,79.6550520323853,18.7957743833067,14.6128068849706,23.9448723761545,1.49181100331317,352.057818580679,0.308238172987861,0.304789101547781,0.213042410656972,24.5755250238749,23.7732113779318,23.7549891807109,0,NA,"filled",97,"2021"
2021-04-08,NA,49.2066557386306,66.4216633396401,3.46585483308828,79.6550520323853,18.7957743833067,14.6128068849706,23.9448723761545,1.49181100331317,352.057818580679,0.308238172987861,0.304789101547781,0.213042410656972,24.5755250238749,23.7732113779318,23.7549891807109,0,NA,"filled",98,"2021"
2021-04-09,NA,49.2066557386306,66.4216633396401,3.46585483308828,79.6550520323853,18.7957743833067,14.6128068849706,23.9448723761545,1.49181100331317,352.057818580679,0.308238172987861,0.304789101547781,0.213042410656972,24.5755250238749,23.7732113779318,23.7549891807109,0,NA,"filled",99,"2021"
2021-04-10,NA,49.2066557386306,66.4216633396401,3.46585483308828,79.6550520323853,18.7957743833067,14.6128068849706,23.9448723761545,1.49181100331317,352.057818580679,0.308238172987861,0.304789101547781,0.213042410656972,24.5755250238749,23.7732113779318,23.7549891807109,0,NA,"filled",100,"2021"
2021-04-11,NA,49.2066557386306,66.4216633396401,3.46585483308828,79.6550520323853,18.7957743833067,14.6128068849706,23.9448723761545,1.49181100331317,352.057818580679,0.308238172987861,0.304789101547781,0.213042410656972,24.5755250238749,23.7732113779318,23.7549891807109,0,NA,"filled",101,"2021"
2021-04-12,NA,49.2066557386306,66.4216633396401,3.46585483308828,79.6550520323853,18.7957743833067,14.6128068849706,23.9448723761545,1.49181100331317,352.057818580679,0.308238172987861,0.304789101547781,0.213042410656972,24.5755250238749,23.7732113779318,23.7549891807109,0,NA,"filled",102,"2021"
2021-04-13,NA,49.2066557386306,66.4216633396401,3.46585483308828,79.6550520323853,18.7957743833067,14.6128068849706,23.9448723761545,1.49181100331317,352.057818580679,0.308238172987861,0.304789101547781,0.213042410656972,24.5755250238749,23.7732113779318,23.7549891807109,0,NA,"filled",103,"2021"
2021-04-14,NA,49.2066557386306,66.4216633396401,3.46585483308828,79.6550520323853,18.7957743833067,14.6128068849706,23.9448723761545,1.49181100331317,352.057818580679,0.308238172987861,0.304789101547781,0.213042410656972,24.5755250238749,23.7732113779318,23.7549891807109,0,NA,"filled",104,"2021"
2021-04-15,NA,49.2066557386306,66.4216633396401,3.46585483308828,79.6550520323853,18.7957743833067,14.6128068849706,23.9448723761545,1.49181100331317,352.057818580679,0.308238172987861,0.304789101547781,0.213042410656972,24.5755250238749,23.7732113779318,23.7549891807109,0,NA,"filled",105,"2021"
2021-04-16,NA,49.2066557386306,66.4216633396401,3.46585483308828,79.6550520323853,18.7957743833067,14.6128068849706,23.9448723761545,1.49181100331317,352.057818580679,0.308238172987861,0.304789101547781,0.213042410656972,24.5755250238749,23.7732113779318,23.7549891807109,0,NA,"filled",106,"2021"
2021-04-17,NA,49.2066557386306,66.4216633396401,3.46585483308828,79.6550520323853,18.7957743833067,14.6128068849706,23.9448723761545,1.49181100331317,352.057818580679,0.308238172987861,0.304789101547781,0.213042410656972,24.5755250238749,23.7732113779318,23.7549891807109,0,NA,"filled",107,"2021"
2021-04-18,NA,49.2066557386306,66.4216633396401,3.46585483308828,79.6550520323853,18.7957743833067,14.6128068849706,23.9448723761545,1.49181100331317,352.057818580679,0.308238172987861,0.304789101547781,0.213042410656972,24.5755250238749,23.7732113779318,23.7549891807109,0,NA,"filled",108,"2021"
2021-04-19,NA,49.2066557386306,66.4216633396401,3.46585483308828,79.6550520323853,18.7957743833067,14.6128068849706,23.9448723761545,1.49181100331317,352.057818580679,0.308238172987861,0.304789101547781,0.213042410656972,24.5755250238749,23.7732113779318,23.7549891807109,0,NA,"filled",109,"2021"
2021-04-20,NA,49.2066557386306,66.4216633396401,3.46585483308828,79.6550520323853,18.7957743833067,14.6128068849706,23.9448723761545,1.49181100331317,352.057818580679,0.308238172987861,0.304789101547781,0.213042410656972,24.5755250238749,23.7732113779318,23.7549891807109,0,NA,"filled",110,"2021"
2021-04-21,NA,49.2066557386306,66.4216633396401,3.46585483308828,79.6550520323853,18.7957743833067,14.6128068849706,23.9448723761545,1.49181100331317,352.057818580679,0.308238172987861,0.304789101547781,0.213042410656972,24.5755250238749,23.7732113779318,23.7549891807109,0,NA,"filled",111,"2021"
2021-04-22,NA,49.2066557386306,66.4216633396401,3.46585483308828,79.6550520323853,18.7957743833067,14.6128068849706,23.9448723761545,1.49181100331317,352.057818580679,0.308238172987861,0.304789101547781,0.213042410656972,24.5755250238749,23.7732113779318,23.7549891807109,0,NA,"filled",112,"2021"
2021-04-23,NA,49.2066557386306,66.4216633396401,3.46585483308828,79.6550520323853,18.7957743833067,14.6128068849706,23.9448723761545,1.49181100331317,352.057818580679,0.308238172987861,0.304789101547781,0.213042410656972,24.5755250238749,23.7732113779318,23.7549891807109,0,NA,"filled",113,"2021"
2021-04-24,NA,49.2066557386306,66.4216633396401,3.46585483308828,79.6550520323853,18.7957743833067,14.6128068849706,23.9448723761545,1.49181100331317,352.057818580679,0.308238172987861,0.304789101547781,0.213042410656972,24.5755250238749,23.7732113779318,23.7549891807109,0,NA,"filled",114,"2021"
2021-04-25,NA,49.2066557386306,66.4216633396401,3.46585483308828,79.6550520323853,18.7957743833067,14.6128068849706,23.9448723761545,1.49181100331317,352.057818580679,0.308238172987861,0.304789101547781,0.213042410656972,24.5755250238749,23.7732113779318,23.7549891807109,0,NA,"filled",115,"2021"
2021-04-26,NA,49.2066557386306,66.4216633396401,3.46585483308828,79.6550520323853,18.7957743833067,14.6128068849706,23.9448723761545,1.49181100331317,352.057818580679,0.308238172987861,0.304789101547781,0.213042410656972,24.5755250238749,23.7732113779318,23.7549891807109,0,NA,"filled",116,"2021"
2021-04-27,NA,49.2066557386306,66.4216633396401,3.46585483308828,79.6550520323853,18.7957743833067,14.6128068849706,23.9448723761545,1.49181100331317,352.057818580679,0.308238172987861,0.304789101547781,0.213042410656972,24.5755250238749,23.7732113779318,23.7549891807109,0,NA,"filled",117,"2021"
2021-04-28,NA,49.2066557386306,66.4216633396401,3.46585483308828,79.6550520323853,18.7957743833067,14.6128068849706,23.9448723761545,1.49181100331317,352.057818580679,0.308238172987861,0.304789101547781,0.213042410656972,24.5755250238749,23.7732113779318,23.7549891807109,0,NA,"filled",118,"2021"
2021-04-29,NA,49.2066557386306,66.4216633396401,3.46585483308828,79.6550520323853,18.7957743833067,14.6128068849706,23.9448723761545,1.49181100331317,352.057818580679,0.308238172987861,0.304789101547781,0.213042410656972,24.5755250238749,23.7732113779318,23.7549891807109,0,NA,"filled",119,"2021"
2021-04-30,NA,49.2066557386306,66.4216633396401,3.46585483308828,79.6550520323853,18.7957743833067,14.6128068849706,23.9448723761545,1.49181100331317,352.057818580679,0.308238172987861,0.304789101547781,0.213042410656972,24.5755250238749,23.7732113779318,23.7549891807109,0,NA,"filled",120,"2021"
2021-05-01,NA,49.2066557386306,66.4216633396401,3.46585483308828,79.6550520323853,18.7957743833067,14.6128068849706,23.9448723761545,1.49181100331317,352.057818580679,0.308238172987861,0.304789101547781,0.213042410656972,24.5755250238749,23.7732113779318,23.7549891807109,0,NA,"filled",121,"2021"
2021-05-02,NA,49.2066557386306,66.4216633396401,3.46585483308828,79.6550520323853,18.7957743833067,14.6128068849706,23.9448723761545,1.49181100331317,352.057818580679,0.308238172987861,0.304789101547781,0.213042410656972,24.5755250238749,23.7732113779318,23.7549891807109,0,NA,"filled",122,"2021"
2021-05-03,NA,49.2066557386306,66.4216633396401,3.46585483308828,79.6550520323853,18.7957743833067,14.6128068849706,23.9448723761545,1.49181100331317,352.057818580679,0.308238172987861,0.304789101547781,0.213042410656972,24.5755250238749,23.7732113779318,23.7549891807109,0,NA,"filled",123,"2021"
2021-05-04,NA,49.2066557386306,66.4216633396401,3.46585483308828,79.6550520323853,18.7957743833067,14.6128068849706,23.9448723761545,1.49181100331317,352.057818580679,0.308238172987861,0.304789101547781,0.213042410656972,24.5755250238749,23.7732113779318,23.7549891807109,0,NA,"filled",124,"2021"
2021-05-05,NA,49.2066557386306,66.4216633396401,3.46585483308828,79.6550520323853,18.7957743833067,14.6128068849706,23.9448723761545,1.49181100331317,352.057818580679,0.308238172987861,0.304789101547781,0.213042410656972,24.5755250238749,23.7732113779318,23.7549891807109,0,NA,"filled",125,"2021"
2021-05-06,NA,49.2066557386306,66.4216633396401,3.46585483308828,79.6550520323853,18.7957743833067,14.6128068849706,23.9448723761545,1.49181100331317,352.057818580679,0.308238172987861,0.304789101547781,0.213042410656972,24.5755250238749,23.7732113779318,23.7549891807109,0,NA,"filled",126,"2021"
2021-05-07,NA,49.2066557386306,66.4216633396401,3.46585483308828,79.6550520323853,18.7957743833067,14.6128068849706,23.9448723761545,1.49181100331317,352.057818580679,0.308238172987861,0.304789101547781,0.213042410656972,24.5755250238749,23.7732113779318,23.7549891807109,0,NA,"filled",127,"2021"
2021-05-08,NA,49.2066557386306,66.4216633396401,3.46585483308828,79.6550520323853,18.7957743833067,14.6128068849706,23.9448723761545,1.49181100331317,352.057818580679,0.308238172987861,0.304789101547781,0.213042410656972,24.5755250238749,23.7732113779318,23.7549891807109,0,NA,"filled",128,"2021"
2021-05-09,NA,49.2066557386306,66.4216633396401,3.46585483308828,79.6550520323853,18.7957743833067,14.6128068849706,23.9448723761545,1.49181100331317,352.057818580679,0.308238172987861,0.304789101547781,0.213042410656972,24.5755250238749,23.7732113779318,23.7549891807109,0,NA,"filled",129,"2021"
2021-05-10,NA,49.2066557386306,66.4216633396401,3.46585483308828,79.6550520323853,18.7957743833067,14.6128068849706,23.9448723761545,1.49181100331317,352.057818580679,0.308238172987861,0.304789101547781,0.213042410656972,24.5755250238749,23.7732113779318,23.7549891807109,0,NA,"filled",130,"2021"
2021-05-11,NA,49.2066557386306,66.4216633396401,3.46585483308828,79.6550520323853,18.7957743833067,14.6128068849706,23.9448723761545,1.49181100331317,352.057818580679,0.308238172987861,0.304789101547781,0.213042410656972,24.5755250238749,23.7732113779318,23.7549891807109,0,NA,"filled",131,"2021"
2021-05-12,NA,49.2066557386306,66.4216633396401,3.46585483308828,79.6550520323853,18.7957743833067,14.6128068849706,23.9448723761545,1.49181100331317,352.057818580679,0.308238172987861,0.304789101547781,0.213042410656972,24.5755250238749,23.7732113779318,23.7549891807109,0,NA,"filled",132,"2021"
2021-05-13,NA,49.2066557386306,66.4216633396401,3.46585483308828,79.6550520323853,18.7957743833067,14.6128068849706,23.9448723761545,1.49181100331317,352.057818580679,0.308238172987861,0.304789101547781,0.213042410656972,24.5755250238749,23.7732113779318,23.7549891807109,0,NA,"filled",133,"2021"
2021-05-14,NA,49.2066557386306,66.4216633396401,3.46585483308828,79.6550520323853,18.7957743833067,14.6128068849706,23.9448723761545,1.49181100331317,352.057818580679,0.308238172987861,0.304789101547781,0.213042410656972,24.5755250238749,23.7732113779318,23.7549891807109,0,NA,"filled",134,"2021"
2021-05-15,NA,49.2066557386306,66.4216633396401,3.46585483308828,79.6550520323853,18.7957743833067,14.6128068849706,23.9448723761545,1.49181100331317,352.057818580679,0.308238172987861,0.304789101547781,0.213042410656972,24.5755250238749,23.7732113779318,23.7549891807109,0,NA,"filled",135,"2021"
2021-05-16,NA,49.2066557386306,66.4216633396401,3.46585483308828,79.6550520323853,18.7957743833067,14.6128068849706,23.9448723761545,1.49181100331317,352.057818580679,0.308238172987861,0.304789101547781,0.213042410656972,24.5755250238749,23.7732113779318,23.7549891807109,0,NA,"filled",136,"2021"
2021-05-17,NA,49.2066557386306,66.4216633396401,3.46585483308828,79.6550520323853,18.7957743833067,14.6128068849706,23.9448723761545,1.49181100331317,352.057818580679,0.308238172987861,0.304789101547781,0.213042410656972,24.5755250238749,23.7732113779318,23.7549891807109,0,NA,"filled",137,"2021"
2021-05-18,NA,49.2066557386306,66.4216633396401,3.46585483308828,79.6550520323853,18.7957743833067,14.6128068849706,23.9448723761545,1.49181100331317,352.057818580679,0.308238172987861,0.304789101547781,0.213042410656972,24.5755250238749,23.7732113779318,23.7549891807109,0,NA,"filled",138,"2021"
2021-05-19,NA,49.2066557386306,66.4216633396401,3.46585483308828,79.6550520323853,18.7957743833067,14.6128068849706,23.9448723761545,1.49181100331317,352.057818580679,0.308238172987861,0.304789101547781,0.213042410656972,24.5755250238749,23.7732113779318,23.7549891807109,0,NA,"filled",139,"2021"
2021-05-20,NA,49.2066557386306,66.4216633396401,3.46585483308828,79.6550520323853,18.7957743833067,14.6128068849706,23.9448723761545,1.49181100331317,352.057818580679,0.308238172987861,0.304789101547781,0.213042410656972,24.5755250238749,23.7732113779318,23.7549891807109,0,NA,"filled",140,"2021"
2021-05-21,NA,49.2066557386306,66.4216633396401,3.46585483308828,79.6550520323853,18.7957743833067,14.6128068849706,23.9448723761545,1.49181100331317,352.057818580679,0.308238172987861,0.304789101547781,0.213042410656972,24.5755250238749,23.7732113779318,23.7549891807109,0,NA,"filled",141,"2021"
2021-05-22,NA,49.2066557386306,66.4216633396401,3.46585483308828,79.6550520323853,18.7957743833067,14.6128068849706,23.9448723761545,1.49181100331317,352.057818580679,0.308238172987861,0.304789101547781,0.213042410656972,24.5755250238749,23.7732113779318,23.7549891807109,0,NA,"filled",142,"2021"
2021-05-23,NA,49.2066557386306,66.4216633396401,3.46585483308828,79.6550520323853,18.7957743833067,14.6128068849706,23.9448723761545,1.49181100331317,352.057818580679,0.308238172987861,0.304789101547781,0.213042410656972,24.5755250238749,23.7732113779318,23.7549891807109,0,NA,"filled",143,"2021"
2021-05-24,NA,49.2066557386306,66.4216633396401,3.46585483308828,79.6550520323853,18.7957743833067,14.6128068849706,23.9448723761545,1.49181100331317,352.057818580679,0.308238172987861,0.304789101547781,0.213042410656972,24.5755250238749,23.7732113779318,23.7549891807109,0,NA,"filled",144,"2021"
2021-05-25,NA,49.2066557386306,66.4216633396401,3.46585483308828,79.6550520323853,18.7957743833067,14.6128068849706,23.9448723761545,1.49181100331317,352.057818580679,0.308238172987861,0.304789101547781,0.213042410656972,24.5755250238749,23.7732113779318,23.7549891807109,0,NA,"filled",145,"2021"
2021-05-26,NA,49.2066557386306,66.4216633396401,3.46585483308828,79.6550520323853,18.7957743833067,14.6128068849706,23.9448723761545,1.49181100331317,352.057818580679,0.308238172987861,0.304789101547781,0.213042410656972,24.5755250238749,23.7732113779318,23.7549891807109,0,NA,"filled",146,"2021"
2021-05-27,NA,49.2066557386306,66.4216633396401,3.46585483308828,79.6550520323853,18.7957743833067,14.6128068849706,23.9448723761545,1.49181100331317,352.057818580679,0.308238172987861,0.304789101547781,0.213042410656972,24.5755250238749,23.7732113779318,23.7549891807109,0,NA,"filled",147,"2021"
2021-05-28,NA,49.2066557386306,66.4216633396401,3.46585483308828,79.6550520323853,18.7957743833067,14.6128068849706,23.9448723761545,1.49181100331317,352.057818580679,0.308238172987861,0.304789101547781,0.213042410656972,24.5755250238749,23.7732113779318,23.7549891807109,0,NA,"filled",148,"2021"
2021-05-29,NA,49.2066557386306,66.4216633396401,3.46585483308828,79.6550520323853,18.7957743833067,14.6128068849706,23.9448723761545,1.49181100331317,352.057818580679,0.308238172987861,0.304789101547781,0.213042410656972,24.5755250238749,23.7732113779318,23.7549891807109,0,NA,"filled",149,"2021"
2021-05-30,NA,49.2066557386306,66.4216633396401,3.46585483308828,79.6550520323853,18.7957743833067,14.6128068849706,23.9448723761545,1.49181100331317,352.057818580679,0.308238172987861,0.304789101547781,0.213042410656972,24.5755250238749,23.7732113779318,23.7549891807109,0,NA,"filled",150,"2021"
2021-05-31,NA,49.2066557386306,66.4216633396401,3.46585483308828,79.6550520323853,18.7957743833067,14.6128068849706,23.9448723761545,1.49181100331317,352.057818580679,0.308238172987861,0.304789101547781,0.213042410656972,24.5755250238749,23.7732113779318,23.7549891807109,0,NA,"filled",151,"2021"
2021-06-01,NA,70.9404655656135,31.9057353361409,3.63848618689568,69.9950923038542,18.7957743833067,14.6128068849706,23.9448723761545,1.49181100331317,340.30107632303,0.296080115490063,0.17466515049337,0.126477212394301,25.4051387173863,25.0501671388997,25.1954801929466,0,NA,"filled",152,"2021"
2021-06-02,NA,70.9404655656135,31.9057353361409,3.63848618689568,69.9950923038542,18.7957743833067,14.6128068849706,23.9448723761545,1.49181100331317,340.30107632303,0.296080115490063,0.17466515049337,0.126477212394301,25.4051387173863,25.0501671388997,25.1954801929466,0,NA,"filled",153,"2021"
2021-06-03,NA,70.9404655656135,31.9057353361409,3.63848618689568,69.9950923038542,18.7957743833067,14.6128068849706,23.9448723761545,1.49181100331317,340.30107632303,0.296080115490063,0.17466515049337,0.126477212394301,25.4051387173863,25.0501671388997,25.1954801929466,0,NA,"filled",154,"2021"
2021-06-04,NA,70.9404655656135,31.9057353361409,3.63848618689568,69.9950923038542,18.7957743833067,14.6128068849706,23.9448723761545,1.49181100331317,340.30107632303,0.296080115490063,0.17466515049337,0.126477212394301,25.4051387173863,25.0501671388997,25.1954801929466,0,NA,"filled",155,"2021"
2021-06-05,NA,70.9404655656135,31.9057353361409,3.63848618689568,69.9950923038542,18.7957743833067,14.6128068849706,23.9448723761545,1.49181100331317,340.30107632303,0.296080115490063,0.17466515049337,0.126477212394301,25.4051387173863,25.0501671388997,25.1954801929466,0,NA,"filled",156,"2021"
2021-06-06,NA,70.9404655656135,31.9057353361409,3.63848618689568,69.9950923038542,18.7957743833067,14.6128068849706,23.9448723761545,1.49181100331317,340.30107632303,0.296080115490063,0.17466515049337,0.126477212394301,25.4051387173863,25.0501671388997,25.1954801929466,0,NA,"filled",157,"2021"
2021-06-07,NA,70.9404655656135,31.9057353361409,3.63848618689568,69.9950923038542,18.7957743833067,14.6128068849706,23.9448723761545,1.49181100331317,340.30107632303,0.296080115490063,0.17466515049337,0.126477212394301,25.4051387173863,25.0501671388997,25.1954801929466,0,NA,"filled",158,"2021"
2021-06-08,NA,70.9404655656135,31.9057353361409,3.63848618689568,69.9950923038542,18.7957743833067,14.6128068849706,23.9448723761545,1.49181100331317,340.30107632303,0.296080115490063,0.17466515049337,0.126477212394301,25.4051387173863,25.0501671388997,25.1954801929466,0,NA,"filled",159,"2021"
2021-06-09,NA,70.9404655656135,31.9057353361409,3.63848618689568,69.9950923038542,18.7957743833067,14.6128068849706,23.9448723761545,1.49181100331317,340.30107632303,0.296080115490063,0.17466515049337,0.126477212394301,25.4051387173863,25.0501671388997,25.1954801929466,0,NA,"filled",160,"2021"
2021-06-10,NA,70.9404655656135,31.9057353361409,3.63848618689568,69.9950923038542,18.7957743833067,14.6128068849706,23.9448723761545,1.49181100331317,340.30107632303,0.296080115490063,0.17466515049337,0.126477212394301,25.4051387173863,25.0501671388997,25.1954801929466,0,NA,"filled",161,"2021"
2021-06-11,NA,70.9404655656135,31.9057353361409,3.63848618689568,69.9950923038542,18.7957743833067,14.6128068849706,23.9448723761545,1.49181100331317,340.30107632303,0.296080115490063,0.17466515049337,0.126477212394301,25.4051387173863,25.0501671388997,25.1954801929466,0,NA,"filled",162,"2021"
2021-06-12,NA,70.9404655656135,31.9057353361409,3.63848618689568,69.9950923038542,18.7957743833067,14.6128068849706,23.9448723761545,1.49181100331317,340.30107632303,0.296080115490063,0.17466515049337,0.126477212394301,25.4051387173863,25.0501671388997,25.1954801929466,0,NA,"filled",163,"2021"
2021-06-13,NA,70.9404655656135,31.9057353361409,3.63848618689568,69.9950923038542,18.7957743833067,14.6128068849706,23.9448723761545,1.49181100331317,340.30107632303,0.296080115490063,0.17466515049337,0.126477212394301,25.4051387173863,25.0501671388997,25.1954801929466,0,NA,"filled",164,"2021"
2021-06-14,NA,70.9404655656135,31.9057353361409,3.63848618689568,69.9950923038542,18.7957743833067,14.6128068849706,23.9448723761545,1.49181100331317,340.30107632303,0.296080115490063,0.17466515049337,0.126477212394301,25.4051387173863,25.0501671388997,25.1954801929466,0,NA,"filled",165,"2021"
2021-06-15,NA,70.9404655656135,31.9057353361409,3.63848618689568,69.9950923038542,18.7957743833067,14.6128068849706,23.9448723761545,1.49181100331317,340.30107632303,0.296080115490063,0.17466515049337,0.126477212394301,25.4051387173863,25.0501671388997,25.1954801929466,0,NA,"filled",166,"2021"
2021-06-16,NA,70.9404655656135,31.9057353361409,3.63848618689568,69.9950923038542,18.7957743833067,14.6128068849706,23.9448723761545,1.49181100331317,340.30107632303,0.296080115490063,0.17466515049337,0.126477212394301,25.4051387173863,25.0501671388997,25.1954801929466,0,NA,"filled",167,"2021"
2021-06-17,NA,70.9404655656135,31.9057353361409,3.63848618689568,69.9950923038542,18.7957743833067,14.6128068849706,23.9448723761545,1.49181100331317,340.30107632303,0.296080115490063,0.17466515049337,0.126477212394301,25.4051387173863,25.0501671388997,25.1954801929466,0,NA,"filled",168,"2021"
2021-06-18,NA,70.9404655656135,31.9057353361409,3.63848618689568,69.9950923038542,18.7957743833067,14.6128068849706,23.9448723761545,1.49181100331317,340.30107632303,0.296080115490063,0.17466515049337,0.126477212394301,25.4051387173863,25.0501671388997,25.1954801929466,0,NA,"filled",169,"2021"
2021-06-19,NA,70.9404655656135,31.9057353361409,3.63848618689568,69.9950923038542,18.7957743833067,14.6128068849706,23.9448723761545,1.49181100331317,340.30107632303,0.296080115490063,0.17466515049337,0.126477212394301,25.4051387173863,25.0501671388997,25.1954801929466,0,NA,"filled",170,"2021"
2021-06-20,NA,70.9404655656135,31.9057353361409,3.63848618689568,69.9950923038542,18.7957743833067,14.6128068849706,23.9448723761545,1.49181100331317,340.30107632303,0.296080115490063,0.17466515049337,0.126477212394301,25.4051387173863,25.0501671388997,25.1954801929466,0,NA,"filled",171,"2021"
2021-06-21,NA,70.9404655656135,31.9057353361409,3.63848618689568,69.9950923038542,18.7957743833067,14.6128068849706,23.9448723761545,1.49181100331317,340.30107632303,0.296080115490063,0.17466515049337,0.126477212394301,25.4051387173863,25.0501671388997,25.1954801929466,0,NA,"filled",172,"2021"
2021-06-22,NA,70.9404655656135,31.9057353361409,3.63848618689568,69.9950923038542,18.7957743833067,14.6128068849706,23.9448723761545,1.49181100331317,340.30107632303,0.296080115490063,0.17466515049337,0.126477212394301,25.4051387173863,25.0501671388997,25.1954801929466,0,NA,"filled",173,"2021"
2021-06-23,NA,70.9404655656135,31.9057353361409,3.63848618689568,69.9950923038542,18.7957743833067,14.6128068849706,23.9448723761545,1.49181100331317,340.30107632303,0.296080115490063,0.17466515049337,0.126477212394301,25.4051387173863,25.0501671388997,25.1954801929466,0,NA,"filled",174,"2021"
2021-06-24,NA,70.9404655656135,31.9057353361409,3.63848618689568,69.9950923038542,18.7957743833067,14.6128068849706,23.9448723761545,1.49181100331317,340.30107632303,0.296080115490063,0.17466515049337,0.126477212394301,25.4051387173863,25.0501671388997,25.1954801929466,0,NA,"filled",175,"2021"
2021-06-25,NA,70.9404655656135,31.9057353361409,3.63848618689568,69.9950923038542,18.7957743833067,14.6128068849706,23.9448723761545,1.49181100331317,340.30107632303,0.296080115490063,0.17466515049337,0.126477212394301,25.4051387173863,25.0501671388997,25.1954801929466,0,NA,"filled",176,"2021"
2021-06-26,NA,70.9404655656135,31.9057353361409,3.63848618689568,69.9950923038542,18.7957743833067,14.6128068849706,23.9448723761545,1.49181100331317,340.30107632303,0.296080115490063,0.17466515049337,0.126477212394301,25.4051387173863,25.0501671388997,25.1954801929466,0,NA,"filled",177,"2021"
2021-06-27,NA,70.9404655656135,31.9057353361409,3.63848618689568,69.9950923038542,18.7957743833067,14.6128068849706,23.9448723761545,1.49181100331317,340.30107632303,0.296080115490063,0.17466515049337,0.126477212394301,25.4051387173863,25.0501671388997,25.1954801929466,0,NA,"filled",178,"2021"
2021-06-28,NA,70.9404655656135,31.9057353361409,3.63848618689568,69.9950923038542,18.7957743833067,14.6128068849706,23.9448723761545,1.49181100331317,340.30107632303,0.296080115490063,0.17466515049337,0.126477212394301,25.4051387173863,25.0501671388997,25.1954801929466,0,NA,"filled",179,"2021"
2021-06-29,NA,70.9404655656135,31.9057353361409,3.63848618689568,69.9950923038542,18.7957743833067,14.6128068849706,23.9448723761545,1.49181100331317,340.30107632303,0.296080115490063,0.17466515049337,0.126477212394301,25.4051387173863,25.0501671388997,25.1954801929466,0,NA,"filled",180,"2021"
2021-06-30,NA,70.9404655656135,31.9057353361409,3.63848618689568,69.9950923038542,18.7957743833067,14.6128068849706,23.9448723761545,1.49181100331317,340.30107632303,0.296080115490063,0.17466515049337,0.126477212394301,25.4051387173863,25.0501671388997,25.1954801929466,0,NA,"filled",181,"2021"
2021-07-01,NA,70.9404655656135,31.9057353361409,3.63848618689568,69.9950923038542,18.7957743833067,14.6128068849706,23.9448723761545,1.49181100331317,340.30107632303,0.296080115490063,0.17466515049337,0.126477212394301,25.4051387173863,25.0501671388997,25.1954801929466,0,NA,"filled",182,"2021"
2021-07-02,NA,70.9404655656135,31.9057353361409,3.63848618689568,69.9950923038542,18.7957743833067,14.6128068849706,23.9448723761545,1.49181100331317,340.30107632303,0.296080115490063,0.17466515049337,0.126477212394301,25.4051387173863,25.0501671388997,25.1954801929466,0,NA,"filled",183,"2021"
2021-07-03,NA,70.9404655656135,31.9057353361409,3.63848618689568,69.9950923038542,18.7957743833067,14.6128068849706,23.9448723761545,1.49181100331317,340.30107632303,0.296080115490063,0.17466515049337,0.126477212394301,25.4051387173863,25.0501671388997,25.1954801929466,0,NA,"filled",184,"2021"
2021-07-04,NA,70.9404655656135,31.9057353361409,3.63848618689568,69.9950923038542,18.7957743833067,14.6128068849706,23.9448723761545,1.49181100331317,340.30107632303,0.296080115490063,0.17466515049337,0.126477212394301,25.4051387173863,25.0501671388997,25.1954801929466,0,NA,"filled",185,"2021"
2021-07-05,NA,70.9404655656135,31.9057353361409,3.63848618689568,69.9950923038542,18.7957743833067,14.6128068849706,23.9448723761545,1.49181100331317,340.30107632303,0.296080115490063,0.17466515049337,0.126477212394301,25.4051387173863,25.0501671388997,25.1954801929466,0,NA,"filled",186,"2021"
2021-07-06,NA,70.9404655656135,31.9057353361409,3.63848618689568,69.9950923038542,18.7957743833067,14.6128068849706,23.9448723761545,1.49181100331317,340.30107632303,0.296080115490063,0.17466515049337,0.126477212394301,25.4051387173863,25.0501671388997,25.1954801929466,0,NA,"filled",187,"2021"
2021-07-07,NA,70.9404655656135,31.9057353361409,3.63848618689568,69.9950923038542,18.7957743833067,14.6128068849706,23.9448723761545,1.49181100331317,340.30107632303,0.296080115490063,0.17466515049337,0.126477212394301,25.4051387173863,25.0501671388997,25.1954801929466,0,NA,"filled",188,"2021"
2021-07-08,NA,70.9404655656135,31.9057353361409,3.63848618689568,69.9950923038542,18.7957743833067,14.6128068849706,23.9448723761545,1.49181100331317,340.30107632303,0.296080115490063,0.17466515049337,0.126477212394301,25.4051387173863,25.0501671388997,25.1954801929466,0,NA,"filled",189,"2021"
2021-07-09,NA,70.9404655656135,31.9057353361409,3.63848618689568,69.9950923038542,18.7957743833067,14.6128068849706,23.9448723761545,1.49181100331317,340.30107632303,0.296080115490063,0.17466515049337,0.126477212394301,25.4051387173863,25.0501671388997,25.1954801929466,0,NA,"filled",190,"2021"
2021-07-10,NA,70.9404655656135,31.9057353361409,3.63848618689568,69.9950923038542,18.7957743833067,14.6128068849706,23.9448723761545,1.49181100331317,340.30107632303,0.296080115490063,0.17466515049337,0.126477212394301,25.4051387173863,25.0501671388997,25.1954801929466,0,NA,"filled",191,"2021"
2021-07-11,NA,70.9404655656135,31.9057353361409,3.63848618689568,69.9950923038542,18.7957743833067,14.6128068849706,23.9448723761545,1.49181100331317,340.30107632303,0.296080115490063,0.17466515049337,0.126477212394301,25.4051387173863,25.0501671388997,25.1954801929466,0,NA,"filled",192,"2021"
2021-07-12,NA,70.9404655656135,31.9057353361409,3.63848618689568,69.9950923038542,18.7957743833067,14.6128068849706,23.9448723761545,1.49181100331317,340.30107632303,0.296080115490063,0.17466515049337,0.126477212394301,25.4051387173863,25.0501671388997,25.1954801929466,0,NA,"filled",193,"2021"
2021-07-13,NA,70.9404655656135,31.9057353361409,3.63848618689568,69.9950923038542,18.7957743833067,14.6128068849706,23.9448723761545,1.49181100331317,340.30107632303,0.296080115490063,0.17466515049337,0.126477212394301,25.4051387173863,25.0501671388997,25.1954801929466,0,NA,"filled",194,"2021"
2021-07-14,NA,70.9404655656135,31.9057353361409,3.63848618689568,69.9950923038542,18.7957743833067,14.6128068849706,23.9448723761545,1.49181100331317,340.30107632303,0.296080115490063,0.17466515049337,0.126477212394301,25.4051387173863,25.0501671388997,25.1954801929466,0,NA,"filled",195,"2021"
2021-07-15,NA,70.9404655656135,31.9057353361409,3.63848618689568,69.9950923038542,18.7957743833067,14.6128068849706,23.9448723761545,1.49181100331317,340.30107632303,0.296080115490063,0.17466515049337,0.126477212394301,25.4051387173863,25.0501671388997,25.1954801929466,0,NA,"filled",196,"2021"
2021-07-16,NA,70.9404655656135,31.9057353361409,3.63848618689568,69.9950923038542,18.7957743833067,14.6128068849706,23.9448723761545,1.49181100331317,340.30107632303,0.296080115490063,0.17466515049337,0.126477212394301,25.4051387173863,25.0501671388997,25.1954801929466,0,NA,"filled",197,"2021"
2021-07-17,NA,70.9404655656135,31.9057353361409,3.63848618689568,69.9950923038542,18.7957743833067,14.6128068849706,23.9448723761545,1.49181100331317,340.30107632303,0.296080115490063,0.17466515049337,0.126477212394301,25.4051387173863,25.0501671388997,25.1954801929466,0,NA,"filled",198,"2021"
2021-07-18,NA,70.9404655656135,31.9057353361409,3.63848618689568,69.9950923038542,18.7957743833067,14.6128068849706,23.9448723761545,1.49181100331317,340.30107632303,0.296080115490063,0.17466515049337,0.126477212394301,25.4051387173863,25.0501671388997,25.1954801929466,0,NA,"filled",199,"2021"
2021-07-19,NA,70.9404655656135,31.9057353361409,3.63848618689568,69.9950923038542,18.7957743833067,14.6128068849706,23.9448723761545,1.49181100331317,340.30107632303,0.296080115490063,0.17466515049337,0.126477212394301,25.4051387173863,25.0501671388997,25.1954801929466,0,NA,"filled",200,"2021"
2021-07-20,NA,70.9404655656135,31.9057353361409,3.63848618689568,69.9950923038542,18.7957743833067,14.6128068849706,23.9448723761545,1.49181100331317,340.30107632303,0.296080115490063,0.17466515049337,0.126477212394301,25.4051387173863,25.0501671388997,25.1954801929466,0,NA,"filled",201,"2021"
2021-07-21,NA,70.9404655656135,31.9057353361409,3.63848618689568,69.9950923038542,18.7957743833067,14.6128068849706,23.9448723761545,1.49181100331317,340.30107632303,0.296080115490063,0.17466515049337,0.126477212394301,25.4051387173863,25.0501671388997,25.1954801929466,0,NA,"filled",202,"2021"
2021-07-22,NA,70.9404655656135,31.9057353361409,3.63848618689568,69.9950923038542,18.7957743833067,14.6128068849706,23.9448723761545,1.49181100331317,340.30107632303,0.296080115490063,0.17466515049337,0.126477212394301,25.4051387173863,25.0501671388997,25.1954801929466,0,NA,"filled",203,"2021"
2021-07-23,NA,70.9404655656135,31.9057353361409,3.63848618689568,69.9950923038542,18.7957743833067,14.6128068849706,23.9448723761545,1.49181100331317,340.30107632303,0.296080115490063,0.17466515049337,0.126477212394301,25.4051387173863,25.0501671388997,25.1954801929466,0,NA,"filled",204,"2021"
2021-07-24,NA,70.9404655656135,31.9057353361409,3.63848618689568,69.9950923038542,18.7957743833067,14.6128068849706,23.9448723761545,1.49181100331317,340.30107632303,0.296080115490063,0.17466515049337,0.126477212394301,25.4051387173863,25.0501671388997,25.1954801929466,0,NA,"filled",205,"2021"
2021-07-25,NA,70.9404655656135,31.9057353361409,3.63848618689568,69.9950923038542,18.7957743833067,14.6128068849706,23.9448723761545,1.49181100331317,340.30107632303,0.296080115490063,0.17466515049337,0.126477212394301,25.4051387173863,25.0501671388997,25.1954801929466,0,NA,"filled",206,"2021"
2021-07-26,NA,70.9404655656135,31.9057353361409,3.63848618689568,69.9950923038542,18.7957743833067,14.6128068849706,23.9448723761545,1.49181100331317,340.30107632303,0.296080115490063,0.17466515049337,0.126477212394301,25.4051387173863,25.0501671388997,25.1954801929466,0,NA,"filled",207,"2021"
2021-07-27,NA,70.9404655656135,31.9057353361409,3.63848618689568,69.9950923038542,18.7957743833067,14.6128068849706,23.9448723761545,1.49181100331317,340.30107632303,0.296080115490063,0.17466515049337,0.126477212394301,25.4051387173863,25.0501671388997,25.1954801929466,0,NA,"filled",208,"2021"
2021-07-28,NA,70.9404655656135,31.9057353361409,3.63848618689568,69.9950923038542,18.7957743833067,14.6128068849706,23.9448723761545,1.49181100331317,340.30107632303,0.296080115490063,0.17466515049337,0.126477212394301,25.4051387173863,25.0501671388997,25.1954801929466,0,NA,"filled",209,"2021"
2021-07-29,NA,70.9404655656135,31.9057353361409,3.63848618689568,69.9950923038542,18.7957743833067,14.6128068849706,23.9448723761545,1.49181100331317,340.30107632303,0.296080115490063,0.17466515049337,0.126477212394301,25.4051387173863,25.0501671388997,25.1954801929466,0,NA,"filled",210,"2021"
2021-07-30,NA,70.9404655656135,31.9057353361409,3.63848618689568,69.9950923038542,18.7957743833067,14.6128068849706,23.9448723761545,1.49181100331317,340.30107632303,0.296080115490063,0.17466515049337,0.126477212394301,25.4051387173863,25.0501671388997,25.1954801929466,0,NA,"filled",211,"2021"
2021-07-31,NA,70.9404655656135,31.9057353361409,3.63848618689568,69.9950923038542,18.7957743833067,14.6128068849706,23.9448723761545,1.49181100331317,340.30107632303,0.296080115490063,0.17466515049337,0.126477212394301,25.4051387173863,25.0501671388997,25.1954801929466,0,NA,"filled",212,"2021"
2021-08-01,NA,70.9404655656135,31.9057353361409,3.63848618689568,69.9950923038542,18.7957743833067,14.6128068849706,23.9448723761545,1.49181100331317,340.30107632303,0.296080115490063,0.17466515049337,0.126477212394301,25.4051387173863,25.0501671388997,25.1954801929466,0,NA,"filled",213,"2021"
2021-08-02,NA,70.9404655656135,31.9057353361409,3.63848618689568,69.9950923038542,18.7957743833067,14.6128068849706,23.9448723761545,1.49181100331317,340.30107632303,0.296080115490063,0.17466515049337,0.126477212394301,25.4051387173863,25.0501671388997,25.1954801929466,0,NA,"filled",214,"2021"
2021-08-03,NA,70.9404655656135,31.9057353361409,3.63848618689568,69.9950923038542,18.7957743833067,14.6128068849706,23.9448723761545,1.49181100331317,340.30107632303,0.296080115490063,0.17466515049337,0.126477212394301,25.4051387173863,25.0501671388997,25.1954801929466,0,NA,"filled",215,"2021"
2021-08-04,NA,70.9404655656135,31.9057353361409,3.63848618689568,69.9950923038542,18.7957743833067,14.6128068849706,23.9448723761545,1.49181100331317,340.30107632303,0.296080115490063,0.17466515049337,0.126477212394301,25.4051387173863,25.0501671388997,25.1954801929466,0,NA,"filled",216,"2021"
2021-08-05,NA,70.9404655656135,31.9057353361409,3.63848618689568,69.9950923038542,18.7957743833067,14.6128068849706,23.9448723761545,1.49181100331317,340.30107632303,0.296080115490063,0.17466515049337,0.126477212394301,25.4051387173863,25.0501671388997,25.1954801929466,0,NA,"filled",217,"2021"
2021-08-06,NA,70.9404655656135,31.9057353361409,3.63848618689568,69.9950923038542,18.7957743833067,14.6128068849706,23.9448723761545,1.49181100331317,340.30107632303,0.296080115490063,0.17466515049337,0.126477212394301,25.4051387173863,25.0501671388997,25.1954801929466,0,NA,"filled",218,"2021"
2021-08-07,NA,70.9404655656135,31.9057353361409,3.63848618689568,69.9950923038542,18.7957743833067,14.6128068849706,23.9448723761545,1.49181100331317,340.30107632303,0.296080115490063,0.17466515049337,0.126477212394301,25.4051387173863,25.0501671388997,25.1954801929466,0,NA,"filled",219,"2021"
2021-08-08,NA,70.9404655656135,31.9057353361409,3.63848618689568,69.9950923038542,18.7957743833067,14.6128068849706,23.9448723761545,1.49181100331317,340.30107632303,0.296080115490063,0.17466515049337,0.126477212394301,25.4051387173863,25.0501671388997,25.1954801929466,0,NA,"filled",220,"2021"
2021-08-09,NA,70.9404655656135,31.9057353361409,3.63848618689568,69.9950923038542,18.7957743833067,14.6128068849706,23.9448723761545,1.49181100331317,340.30107632303,0.296080115490063,0.17466515049337,0.126477212394301,25.4051387173863,25.0501671388997,25.1954801929466,0,NA,"filled",221,"2021"
2021-08-10,NA,70.9404655656135,31.9057353361409,3.63848618689568,69.9950923038542,18.7957743833067,14.6128068849706,23.9448723761545,1.49181100331317,340.30107632303,0.296080115490063,0.17466515049337,0.126477212394301,25.4051387173863,25.0501671388997,25.1954801929466,0,NA,"filled",222,"2021"
2021-08-11,NA,70.9404655656135,31.9057353361409,3.63848618689568,69.9950923038542,18.7957743833067,14.6128068849706,23.9448723761545,1.49181100331317,340.30107632303,0.296080115490063,0.17466515049337,0.126477212394301,25.4051387173863,25.0501671388997,25.1954801929466,0,NA,"filled",223,"2021"
2021-08-12,NA,70.9404655656135,31.9057353361409,3.63848618689568,69.9950923038542,18.7957743833067,14.6128068849706,23.9448723761545,1.49181100331317,340.30107632303,0.296080115490063,0.17466515049337,0.126477212394301,25.4051387173863,25.0501671388997,25.1954801929466,0,NA,"filled",224,"2021"
2021-08-13,NA,70.9404655656135,31.9057353361409,3.63848618689568,69.9950923038542,18.7957743833067,14.6128068849706,23.9448723761545,1.49181100331317,340.30107632303,0.296080115490063,0.17466515049337,0.126477212394301,25.4051387173863,25.0501671388997,25.1954801929466,0,NA,"filled",225,"2021"
2021-08-14,NA,70.9404655656135,31.9057353361409,3.63848618689568,69.9950923038542,18.7957743833067,14.6128068849706,23.9448723761545,1.49181100331317,340.30107632303,0.296080115490063,0.17466515049337,0.126477212394301,25.4051387173863,25.0501671388997,25.1954801929466,0,NA,"filled",226,"2021"
2021-08-15,NA,70.9404655656135,31.9057353361409,3.63848618689568,69.9950923038542,18.7957743833067,14.6128068849706,23.9448723761545,1.49181100331317,340.30107632303,0.296080115490063,0.17466515049337,0.126477212394301,25.4051387173863,25.0501671388997,25.1954801929466,0,NA,"filled",227,"2021"
2021-08-16,NA,70.9404655656135,31.9057353361409,3.63848618689568,69.9950923038542,18.7957743833067,14.6128068849706,23.9448723761545,1.49181100331317,340.30107632303,0.296080115490063,0.17466515049337,0.126477212394301,25.4051387173863,25.0501671388997,25.1954801929466,0,NA,"filled",228,"2021"
2021-08-17,NA,70.9404655656135,31.9057353361409,3.63848618689568,69.9950923038542,18.7957743833067,14.6128068849706,23.9448723761545,1.49181100331317,340.30107632303,0.296080115490063,0.17466515049337,0.126477212394301,25.4051387173863,25.0501671388997,25.1954801929466,0,NA,"filled",229,"2021"
2021-08-18,NA,70.9404655656135,31.9057353361409,3.63848618689568,69.9950923038542,18.7957743833067,14.6128068849706,23.9448723761545,1.49181100331317,340.30107632303,0.296080115490063,0.17466515049337,0.126477212394301,25.4051387173863,25.0501671388997,25.1954801929466,0,NA,"filled",230,"2021"
2021-08-19,NA,70.9404655656135,31.9057353361409,3.63848618689568,69.9950923038542,18.7957743833067,14.6128068849706,23.9448723761545,1.49181100331317,340.30107632303,0.296080115490063,0.17466515049337,0.126477212394301,25.4051387173863,25.0501671388997,25.1954801929466,0,NA,"filled",231,"2021"
2021-08-20,NA,70.9404655656135,31.9057353361409,3.63848618689568,69.9950923038542,18.7957743833067,14.6128068849706,23.9448723761545,1.49181100331317,340.30107632303,0.296080115490063,0.17466515049337,0.126477212394301,25.4051387173863,25.0501671388997,25.1954801929466,0,NA,"filled",232,"2021"
2021-08-21,NA,70.9404655656135,31.9057353361409,3.63848618689568,69.9950923038542,18.7957743833067,14.6128068849706,23.9448723761545,1.49181100331317,340.30107632303,0.296080115490063,0.17466515049337,0.126477212394301,25.4051387173863,25.0501671388997,25.1954801929466,0,NA,"filled",233,"2021"
2021-08-22,NA,70.9404655656135,31.9057353361409,3.63848618689568,69.9950923038542,18.7957743833067,14.6128068849706,23.9448723761545,1.49181100331317,340.30107632303,0.296080115490063,0.17466515049337,0.126477212394301,25.4051387173863,25.0501671388997,25.1954801929466,0,NA,"filled",234,"2021"
2021-08-23,NA,70.9404655656135,31.9057353361409,3.63848618689568,69.9950923038542,18.7957743833067,14.6128068849706,23.9448723761545,1.49181100331317,340.30107632303,0.296080115490063,0.17466515049337,0.126477212394301,25.4051387173863,25.0501671388997,25.1954801929466,0,NA,"filled",235,"2021"
2021-08-24,NA,70.9404655656135,31.9057353361409,3.63848618689568,69.9950923038542,18.7957743833067,14.6128068849706,23.9448723761545,1.49181100331317,340.30107632303,0.296080115490063,0.17466515049337,0.126477212394301,25.4051387173863,25.0501671388997,25.1954801929466,0,NA,"filled",236,"2021"
2021-08-25,NA,70.9404655656135,31.9057353361409,3.63848618689568,69.9950923038542,18.7957743833067,14.6128068849706,23.9448723761545,1.49181100331317,340.30107632303,0.296080115490063,0.17466515049337,0.126477212394301,25.4051387173863,25.0501671388997,25.1954801929466,0,NA,"filled",237,"2021"
2021-08-26,NA,70.9404655656135,31.9057353361409,3.63848618689568,69.9950923038542,18.7957743833067,14.6128068849706,23.9448723761545,1.49181100331317,340.30107632303,0.296080115490063,0.17466515049337,0.126477212394301,25.4051387173863,25.0501671388997,25.1954801929466,0,NA,"filled",238,"2021"
2021-08-27,NA,70.9404655656135,31.9057353361409,3.63848618689568,69.9950923038542,18.7957743833067,14.6128068849706,23.9448723761545,1.49181100331317,340.30107632303,0.296080115490063,0.17466515049337,0.126477212394301,25.4051387173863,25.0501671388997,25.1954801929466,0,NA,"filled",239,"2021"
2021-08-28,NA,70.9404655656135,31.9057353361409,3.63848618689568,69.9950923038542,18.7957743833067,14.6128068849706,23.9448723761545,1.49181100331317,340.30107632303,0.296080115490063,0.17466515049337,0.126477212394301,25.4051387173863,25.0501671388997,25.1954801929466,0,NA,"filled",240,"2021"
2021-08-29,NA,70.9404655656135,31.9057353361409,3.63848618689568,69.9950923038542,18.7957743833067,14.6128068849706,23.9448723761545,1.49181100331317,340.30107632303,0.296080115490063,0.17466515049337,0.126477212394301,25.4051387173863,25.0501671388997,25.1954801929466,0,NA,"filled",241,"2021"
2021-08-30,NA,70.9404655656135,31.9057353361409,3.63848618689568,69.9950923038542,18.7957743833067,14.6128068849706,23.9448723761545,1.49181100331317,340.30107632303,0.296080115490063,0.17466515049337,0.126477212394301,25.4051387173863,25.0501671388997,25.1954801929466,0,NA,"filled",242,"2021"
2021-08-31,NA,70.9404655656135,31.9057353361409,3.63848618689568,69.9950923038542,18.7957743833067,14.6128068849706,23.9448723761545,1.49181100331317,340.30107632303,0.296080115490063,0.17466515049337,0.126477212394301,25.4051387173863,25.0501671388997,25.1954801929466,0,NA,"filled",243,"2021"
2021-09-01,NA,70.9404655656135,31.9057353361409,3.63848618689568,69.9950923038542,18.7957743833067,14.6128068849706,23.9448723761545,1.49181100331317,340.30107632303,0.296080115490063,0.17466515049337,0.126477212394301,25.4051387173863,25.0501671388997,25.1954801929466,0,NA,"filled",244,"2021"
2021-09-02,NA,70.9404655656135,31.9057353361409,3.63848618689568,69.9950923038542,18.7957743833067,14.6128068849706,23.9448723761545,1.49181100331317,340.30107632303,0.296080115490063,0.17466515049337,0.126477212394301,25.4051387173863,25.0501671388997,25.1954801929466,0,NA,"filled",245,"2021"
2021-09-03,NA,70.9404655656135,31.9057353361409,3.63848618689568,69.9950923038542,18.7957743833067,14.6128068849706,23.9448723761545,1.49181100331317,340.30107632303,0.296080115490063,0.17466515049337,0.126477212394301,25.4051387173863,25.0501671388997,25.1954801929466,0,NA,"filled",246,"2021"
2021-09-04,NA,70.9404655656135,31.9057353361409,3.63848618689568,69.9950923038542,18.7957743833067,14.6128068849706,23.9448723761545,1.49181100331317,340.30107632303,0.296080115490063,0.17466515049337,0.126477212394301,25.4051387173863,25.0501671388997,25.1954801929466,0,NA,"filled",247,"2021"
2021-09-05,NA,70.9404655656135,31.9057353361409,3.63848618689568,69.9950923038542,18.7957743833067,14.6128068849706,23.9448723761545,1.49181100331317,340.30107632303,0.296080115490063,0.17466515049337,0.126477212394301,25.4051387173863,25.0501671388997,25.1954801929466,0,NA,"filled",248,"2021"
2021-09-06,NA,70.9404655656135,31.9057353361409,3.63848618689568,69.9950923038542,18.7957743833067,14.6128068849706,23.9448723761545,1.49181100331317,340.30107632303,0.296080115490063,0.17466515049337,0.126477212394301,25.4051387173863,25.0501671388997,25.1954801929466,0,NA,"filled",249,"2021"
2021-09-07,NA,70.9404655656135,31.9057353361409,3.63848618689568,69.9950923038542,18.7957743833067,14.6128068849706,23.9448723761545,1.49181100331317,340.30107632303,0.296080115490063,0.17466515049337,0.126477212394301,25.4051387173863,25.0501671388997,25.1954801929466,0,NA,"filled",250,"2021"
2021-09-08,NA,70.9404655656135,31.9057353361409,3.63848618689568,69.9950923038542,18.7957743833067,14.6128068849706,23.9448723761545,1.49181100331317,340.30107632303,0.296080115490063,0.17466515049337,0.126477212394301,25.4051387173863,25.0501671388997,25.1954801929466,0,NA,"filled",251,"2021"
2021-09-09,NA,70.9404655656135,31.9057353361409,3.63848618689568,69.9950923038542,18.7957743833067,14.6128068849706,23.9448723761545,1.49181100331317,340.30107632303,0.296080115490063,0.17466515049337,0.126477212394301,25.4051387173863,25.0501671388997,25.1954801929466,0,NA,"filled",252,"2021"
2021-09-10,NA,70.9404655656135,31.9057353361409,3.63848618689568,69.9950923038542,18.7957743833067,14.6128068849706,23.9448723761545,1.49181100331317,340.30107632303,0.296080115490063,0.17466515049337,0.126477212394301,25.4051387173863,25.0501671388997,25.1954801929466,0,NA,"filled",253,"2021"
2021-09-11,NA,70.9404655656135,31.9057353361409,3.63848618689568,69.9950923038542,18.7957743833067,14.6128068849706,23.9448723761545,1.49181100331317,340.30107632303,0.296080115490063,0.17466515049337,0.126477212394301,25.4051387173863,25.0501671388997,25.1954801929466,0,NA,"filled",254,"2021"
2021-09-12,NA,70.9404655656135,31.9057353361409,3.63848618689568,69.9950923038542,18.7957743833067,14.6128068849706,23.9448723761545,1.49181100331317,340.30107632303,0.296080115490063,0.17466515049337,0.126477212394301,25.4051387173863,25.0501671388997,25.1954801929466,0,NA,"filled",255,"2021"
2021-09-13,NA,70.9404655656135,31.9057353361409,3.63848618689568,69.9950923038542,18.7957743833067,14.6128068849706,23.9448723761545,1.49181100331317,340.30107632303,0.296080115490063,0.17466515049337,0.126477212394301,25.4051387173863,25.0501671388997,25.1954801929466,0,NA,"filled",256,"2021"
2021-09-14,NA,70.9404655656135,31.9057353361409,3.63848618689568,69.9950923038542,18.7957743833067,14.6128068849706,23.9448723761545,1.49181100331317,340.30107632303,0.296080115490063,0.17466515049337,0.126477212394301,25.4051387173863,25.0501671388997,25.1954801929466,0,NA,"filled",257,"2021"
2021-09-15,NA,70.9404655656135,31.9057353361409,3.63848618689568,69.9950923038542,18.7957743833067,14.6128068849706,23.9448723761545,1.49181100331317,340.30107632303,0.296080115490063,0.17466515049337,0.126477212394301,25.4051387173863,25.0501671388997,25.1954801929466,0,NA,"filled",258,"2021"
2021-09-16,NA,70.9404655656135,31.9057353361409,3.63848618689568,69.9950923038542,18.7957743833067,14.6128068849706,23.9448723761545,1.49181100331317,340.30107632303,0.296080115490063,0.17466515049337,0.126477212394301,25.4051387173863,25.0501671388997,25.1954801929466,0,NA,"filled",259,"2021"
2021-09-17,NA,70.9404655656135,31.9057353361409,3.63848618689568,69.9950923038542,18.7957743833067,14.6128068849706,23.9448723761545,1.49181100331317,340.30107632303,0.296080115490063,0.17466515049337,0.126477212394301,25.4051387173863,25.0501671388997,25.1954801929466,0,NA,"filled",260,"2021"
2021-09-18,NA,70.9404655656135,31.9057353361409,3.63848618689568,69.9950923038542,18.7957743833067,14.6128068849706,23.9448723761545,1.49181100331317,340.30107632303,0.296080115490063,0.17466515049337,0.126477212394301,25.4051387173863,25.0501671388997,25.1954801929466,0,NA,"filled",261,"2021"
2021-09-19,NA,70.9404655656135,31.9057353361409,3.63848618689568,69.9950923038542,18.7957743833067,14.6128068849706,23.9448723761545,1.49181100331317,340.30107632303,0.296080115490063,0.17466515049337,0.126477212394301,25.4051387173863,25.0501671388997,25.1954801929466,0,NA,"filled",262,"2021"
2021-09-20,NA,70.9404655656135,31.9057353361409,3.63848618689568,69.9950923038542,18.7957743833067,14.6128068849706,23.9448723761545,1.49181100331317,340.30107632303,0.296080115490063,0.17466515049337,0.126477212394301,25.4051387173863,25.0501671388997,25.1954801929466,0,NA,"filled",263,"2021"
2021-09-21,NA,70.9404655656135,31.9057353361409,3.63848618689568,69.9950923038542,18.7957743833067,14.6128068849706,23.9448723761545,1.49181100331317,340.30107632303,0.296080115490063,0.17466515049337,0.126477212394301,25.4051387173863,25.0501671388997,25.1954801929466,0,NA,"filled",264,"2021"
2021-09-22,NA,70.9404655656135,31.9057353361409,3.63848618689568,69.9950923038542,18.7957743833067,14.6128068849706,23.9448723761545,1.49181100331317,340.30107632303,0.296080115490063,0.17466515049337,0.126477212394301,25.4051387173863,25.0501671388997,25.1954801929466,0,NA,"filled",265,"2021"
2021-09-23,NA,70.9404655656135,31.9057353361409,3.63848618689568,69.9950923038542,18.7957743833067,14.6128068849706,23.9448723761545,1.49181100331317,340.30107632303,0.296080115490063,0.17466515049337,0.126477212394301,25.4051387173863,25.0501671388997,25.1954801929466,0,NA,"filled",266,"2021"
2021-09-24,NA,70.9404655656135,31.9057353361409,3.63848618689568,69.9950923038542,18.7957743833067,14.6128068849706,23.9448723761545,1.49181100331317,340.30107632303,0.296080115490063,0.17466515049337,0.126477212394301,25.4051387173863,25.0501671388997,25.1954801929466,0,NA,"filled",267,"2021"
2021-09-25,NA,70.9404655656135,31.9057353361409,3.63848618689568,69.9950923038542,18.7957743833067,14.6128068849706,23.9448723761545,1.49181100331317,340.30107632303,0.296080115490063,0.17466515049337,0.126477212394301,25.4051387173863,25.0501671388997,25.1954801929466,0,NA,"filled",268,"2021"
2021-09-26,NA,70.9404655656135,31.9057353361409,3.63848618689568,69.9950923038542,18.7957743833067,14.6128068849706,23.9448723761545,1.49181100331317,340.30107632303,0.296080115490063,0.17466515049337,0.126477212394301,25.4051387173863,25.0501671388997,25.1954801929466,0,NA,"filled",269,"2021"
2021-09-27,NA,70.9404655656135,31.9057353361409,3.63848618689568,69.9950923038542,18.7957743833067,14.6128068849706,23.9448723761545,1.49181100331317,340.30107632303,0.296080115490063,0.17466515049337,0.126477212394301,25.4051387173863,25.0501671388997,25.1954801929466,0,NA,"filled",270,"2021"
2021-09-28,NA,70.9404655656135,31.9057353361409,3.63848618689568,69.9950923038542,18.7957743833067,14.6128068849706,23.9448723761545,1.49181100331317,340.30107632303,0.296080115490063,0.17466515049337,0.126477212394301,25.4051387173863,25.0501671388997,25.1954801929466,0,NA,"filled",271,"2021"
2021-09-29,NA,70.9404655656135,31.9057353361409,3.63848618689568,69.9950923038542,18.7957743833067,14.6128068849706,23.9448723761545,1.49181100331317,340.30107632303,0.296080115490063,0.17466515049337,0.126477212394301,25.4051387173863,25.0501671388997,25.1954801929466,0,NA,"filled",272,"2021"
2021-09-30,NA,70.9404655656135,31.9057353361409,3.63848618689568,69.9950923038542,18.7957743833067,14.6128068849706,23.9448723761545,1.49181100331317,340.30107632303,0.296080115490063,0.17466515049337,0.126477212394301,25.4051387173863,25.0501671388997,25.1954801929466,0,NA,"filled",273,"2021"
2021-10-01,NA,70.9404655656135,31.9057353361409,3.63848618689568,69.9950923038542,18.7957743833067,14.6128068849706,23.9448723761545,1.49181100331317,340.30107632303,0.296080115490063,0.17466515049337,0.126477212394301,25.4051387173863,25.0501671388997,25.1954801929466,0,NA,"filled",274,"2021"
2021-10-02,NA,70.9404655656135,31.9057353361409,3.63848618689568,69.9950923038542,18.7957743833067,14.6128068849706,23.9448723761545,1.49181100331317,340.30107632303,0.296080115490063,0.17466515049337,0.126477212394301,25.4051387173863,25.0501671388997,25.1954801929466,0,NA,"filled",275,"2021"
2021-10-03,NA,70.9404655656135,31.9057353361409,3.63848618689568,69.9950923038542,18.7957743833067,14.6128068849706,23.9448723761545,1.49181100331317,340.30107632303,0.296080115490063,0.17466515049337,0.126477212394301,25.4051387173863,25.0501671388997,25.1954801929466,0,NA,"filled",276,"2021"
2021-10-04,NA,70.9404655656135,31.9057353361409,3.63848618689568,69.9950923038542,18.7957743833067,14.6128068849706,23.9448723761545,1.49181100331317,340.30107632303,0.296080115490063,0.17466515049337,0.126477212394301,25.4051387173863,25.0501671388997,25.1954801929466,0,NA,"filled",277,"2021"
2021-10-05,NA,70.9404655656135,31.9057353361409,3.63848618689568,69.9950923038542,18.7957743833067,14.6128068849706,23.9448723761545,1.49181100331317,340.30107632303,0.296080115490063,0.17466515049337,0.126477212394301,25.4051387173863,25.0501671388997,25.1954801929466,0,NA,"filled",278,"2021"
2021-10-06,NA,70.9404655656135,31.9057353361409,3.63848618689568,69.9950923038542,18.7957743833067,14.6128068849706,23.9448723761545,1.49181100331317,340.30107632303,0.296080115490063,0.17466515049337,0.126477212394301,25.4051387173863,25.0501671388997,25.1954801929466,0,NA,"filled",279,"2021"
2021-10-07,NA,70.9404655656135,31.9057353361409,3.63848618689568,69.9950923038542,18.7957743833067,14.6128068849706,23.9448723761545,1.49181100331317,340.30107632303,0.296080115490063,0.17466515049337,0.126477212394301,25.4051387173863,25.0501671388997,25.1954801929466,0,NA,"filled",280,"2021"
2021-10-08,NA,70.9404655656135,31.9057353361409,3.63848618689568,69.9950923038542,18.7957743833067,14.6128068849706,23.9448723761545,1.49181100331317,340.30107632303,0.296080115490063,0.17466515049337,0.126477212394301,25.4051387173863,25.0501671388997,25.1954801929466,0,NA,"filled",281,"2021"
2021-10-09,NA,70.9404655656135,31.9057353361409,3.63848618689568,69.9950923038542,18.7957743833067,14.6128068849706,23.9448723761545,1.49181100331317,340.30107632303,0.296080115490063,0.17466515049337,0.126477212394301,25.4051387173863,25.0501671388997,25.1954801929466,0,NA,"filled",282,"2021"
2021-10-10,NA,70.9404655656135,31.9057353361409,3.63848618689568,69.9950923038542,18.7957743833067,14.6128068849706,23.9448723761545,1.49181100331317,340.30107632303,0.296080115490063,0.17466515049337,0.126477212394301,25.4051387173863,25.0501671388997,25.1954801929466,0,NA,"filled",283,"2021"
2021-10-11,NA,70.9404655656135,31.9057353361409,3.63848618689568,69.9950923038542,18.7957743833067,14.6128068849706,23.9448723761545,1.49181100331317,340.30107632303,0.296080115490063,0.17466515049337,0.126477212394301,25.4051387173863,25.0501671388997,25.1954801929466,0,NA,"filled",284,"2021"
2021-10-12,NA,70.9404655656135,31.9057353361409,3.63848618689568,69.9950923038542,18.7957743833067,14.6128068849706,23.9448723761545,1.49181100331317,340.30107632303,0.296080115490063,0.17466515049337,0.126477212394301,25.4051387173863,25.0501671388997,25.1954801929466,0,NA,"filled",285,"2021"
2021-10-13,NA,70.9404655656135,31.9057353361409,3.63848618689568,69.9950923038542,18.7957743833067,14.6128068849706,23.9448723761545,1.49181100331317,340.30107632303,0.296080115490063,0.17466515049337,0.126477212394301,25.4051387173863,25.0501671388997,25.1954801929466,0,NA,"filled",286,"2021"
2021-10-14,NA,70.9404655656135,31.9057353361409,3.63848618689568,69.9950923038542,18.7957743833067,14.6128068849706,23.9448723761545,1.49181100331317,340.30107632303,0.296080115490063,0.17466515049337,0.126477212394301,25.4051387173863,25.0501671388997,25.1954801929466,0,NA,"filled",287,"2021"
2021-10-15,NA,70.9404655656135,31.9057353361409,3.63848618689568,69.9950923038542,18.7957743833067,14.6128068849706,23.9448723761545,1.49181100331317,340.30107632303,0.296080115490063,0.17466515049337,0.126477212394301,25.4051387173863,25.0501671388997,25.1954801929466,0,NA,"filled",288,"2021"
2021-10-16,NA,70.9404655656135,31.9057353361409,3.63848618689568,69.9950923038542,18.7957743833067,14.6128068849706,23.9448723761545,1.49181100331317,340.30107632303,0.296080115490063,0.17466515049337,0.126477212394301,25.4051387173863,25.0501671388997,25.1954801929466,0,NA,"filled",289,"2021"
2021-10-17,NA,70.9404655656135,31.9057353361409,3.63848618689568,69.9950923038542,18.7957743833067,14.6128068849706,23.9448723761545,1.49181100331317,340.30107632303,0.296080115490063,0.17466515049337,0.126477212394301,25.4051387173863,25.0501671388997,25.1954801929466,0,NA,"filled",290,"2021"
2021-10-18,NA,70.9404655656135,31.9057353361409,3.63848618689568,69.9950923038542,18.7957743833067,14.6128068849706,23.9448723761545,1.49181100331317,340.30107632303,0.296080115490063,0.17466515049337,0.126477212394301,25.4051387173863,25.0501671388997,25.1954801929466,0,NA,"filled",291,"2021"
2021-10-19,NA,70.9404655656135,31.9057353361409,3.63848618689568,69.9950923038542,18.7957743833067,14.6128068849706,23.9448723761545,1.49181100331317,340.30107632303,0.296080115490063,0.17466515049337,0.126477212394301,25.4051387173863,25.0501671388997,25.1954801929466,0,NA,"filled",292,"2021"
2021-10-20,NA,70.9404655656135,31.9057353361409,3.63848618689568,69.9950923038542,18.7957743833067,14.6128068849706,23.9448723761545,1.49181100331317,340.30107632303,0.296080115490063,0.17466515049337,0.126477212394301,25.4051387173863,25.0501671388997,25.1954801929466,0,NA,"filled",293,"2021"
2021-10-21,NA,70.9404655656135,31.9057353361409,3.63848618689568,69.9950923038542,18.7957743833067,14.6128068849706,23.9448723761545,1.49181100331317,340.30107632303,0.296080115490063,0.17466515049337,0.126477212394301,25.4051387173863,25.0501671388997,25.1954801929466,0,NA,"filled",294,"2021"
2021-10-22,NA,70.9404655656135,31.9057353361409,3.63848618689568,69.9950923038542,18.7957743833067,14.6128068849706,23.9448723761545,1.49181100331317,340.30107632303,0.296080115490063,0.17466515049337,0.126477212394301,25.4051387173863,25.0501671388997,25.1954801929466,0,NA,"filled",295,"2021"
2021-10-23,NA,70.9404655656135,31.9057353361409,3.63848618689568,69.9950923038542,18.7957743833067,14.6128068849706,23.9448723761545,1.49181100331317,340.30107632303,0.296080115490063,0.17466515049337,0.126477212394301,25.4051387173863,25.0501671388997,25.1954801929466,0,NA,"filled",296,"2021"
2021-10-24,NA,70.9404655656135,31.9057353361409,3.63848618689568,69.9950923038542,18.7957743833067,14.6128068849706,23.9448723761545,1.49181100331317,340.30107632303,0.296080115490063,0.17466515049337,0.126477212394301,25.4051387173863,25.0501671388997,25.1954801929466,0,NA,"filled",297,"2021"
2021-10-25,NA,70.9404655656135,31.9057353361409,3.63848618689568,69.9950923038542,18.7957743833067,14.6128068849706,23.9448723761545,1.49181100331317,340.30107632303,0.296080115490063,0.17466515049337,0.126477212394301,25.4051387173863,25.0501671388997,25.1954801929466,0,NA,"filled",298,"2021"
2021-10-26,NA,70.9404655656135,31.9057353361409,3.63848618689568,69.9950923038542,18.7957743833067,14.6128068849706,23.9448723761545,1.49181100331317,340.30107632303,0.296080115490063,0.17466515049337,0.126477212394301,25.4051387173863,25.0501671388997,25.1954801929466,0,NA,"filled",299,"2021"
2021-10-27,NA,70.9404655656135,31.9057353361409,3.63848618689568,69.9950923038542,18.7957743833067,14.6128068849706,23.9448723761545,1.49181100331317,340.30107632303,0.296080115490063,0.17466515049337,0.126477212394301,25.4051387173863,25.0501671388997,25.1954801929466,0,NA,"filled",300,"2021"
2021-10-28,NA,70.9404655656135,31.9057353361409,3.63848618689568,69.9950923038542,18.7957743833067,14.6128068849706,23.9448723761545,1.49181100331317,340.30107632303,0.296080115490063,0.17466515049337,0.126477212394301,25.4051387173863,25.0501671388997,25.1954801929466,0,NA,"filled",301,"2021"
2021-10-29,NA,70.9404655656135,31.9057353361409,3.63848618689568,69.9950923038542,18.7957743833067,14.6128068849706,23.9448723761545,1.49181100331317,340.30107632303,0.296080115490063,0.17466515049337,0.126477212394301,25.4051387173863,25.0501671388997,25.1954801929466,0,NA,"filled",302,"2021"
2021-10-30,NA,70.9404655656135,31.9057353361409,3.63848618689568,69.9950923038542,18.7957743833067,14.6128068849706,23.9448723761545,1.49181100331317,340.30107632303,0.296080115490063,0.17466515049337,0.126477212394301,25.4051387173863,25.0501671388997,25.1954801929466,0,NA,"filled",303,"2021"
2021-10-31,NA,70.9404655656135,31.9057353361409,3.63848618689568,69.9950923038542,18.7957743833067,14.6128068849706,23.9448723761545,1.49181100331317,340.30107632303,0.296080115490063,0.17466515049337,0.126477212394301,25.4051387173863,25.0501671388997,25.1954801929466,0,NA,"filled",304,"2021"
2021-11-01,NA,49.2066557386306,66.4216633396401,3.46585483308828,79.6550520323853,18.7957743833067,14.6128068849706,23.9448723761545,1.49181100331317,352.057818580679,0.308238172987861,0.304789101547781,0.213042410656972,24.5755250238749,23.7732113779318,23.7549891807109,0,NA,"filled",305,"2021"
2021-11-02,NA,49.2066557386306,66.4216633396401,3.46585483308828,79.6550520323853,18.7957743833067,14.6128068849706,23.9448723761545,1.49181100331317,352.057818580679,0.308238172987861,0.304789101547781,0.213042410656972,24.5755250238749,23.7732113779318,23.7549891807109,0,NA,"filled",306,"2021"
2021-11-03,NA,49.2066557386306,66.4216633396401,3.46585483308828,79.6550520323853,18.7957743833067,14.6128068849706,23.9448723761545,1.49181100331317,352.057818580679,0.308238172987861,0.304789101547781,0.213042410656972,24.5755250238749,23.7732113779318,23.7549891807109,0,NA,"filled",307,"2021"
2021-11-04,NA,49.2066557386306,66.4216633396401,3.46585483308828,79.6550520323853,18.7957743833067,14.6128068849706,23.9448723761545,1.49181100331317,352.057818580679,0.308238172987861,0.304789101547781,0.213042410656972,24.5755250238749,23.7732113779318,23.7549891807109,0,NA,"filled",308,"2021"
2021-11-05,NA,49.2066557386306,66.4216633396401,3.46585483308828,79.6550520323853,18.7957743833067,14.6128068849706,23.9448723761545,1.49181100331317,352.057818580679,0.308238172987861,0.304789101547781,0.213042410656972,24.5755250238749,23.7732113779318,23.7549891807109,0,NA,"filled",309,"2021"
2021-11-06,NA,49.2066557386306,66.4216633396401,3.46585483308828,79.6550520323853,18.7957743833067,14.6128068849706,23.9448723761545,1.49181100331317,352.057818580679,0.308238172987861,0.304789101547781,0.213042410656972,24.5755250238749,23.7732113779318,23.7549891807109,0,NA,"filled",310,"2021"
2021-11-07,NA,49.2066557386306,66.4216633396401,3.46585483308828,79.6550520323853,18.7957743833067,14.6128068849706,23.9448723761545,1.49181100331317,352.057818580679,0.308238172987861,0.304789101547781,0.213042410656972,24.5755250238749,23.7732113779318,23.7549891807109,0,NA,"filled",311,"2021"
2021-11-08,NA,49.2066557386306,66.4216633396401,3.46585483308828,79.6550520323853,18.7957743833067,14.6128068849706,23.9448723761545,1.49181100331317,352.057818580679,0.308238172987861,0.304789101547781,0.213042410656972,24.5755250238749,23.7732113779318,23.7549891807109,0,NA,"filled",312,"2021"
2021-11-09,NA,49.2066557386306,66.4216633396401,3.46585483308828,79.6550520323853,18.7957743833067,14.6128068849706,23.9448723761545,1.49181100331317,352.057818580679,0.308238172987861,0.304789101547781,0.213042410656972,24.5755250238749,23.7732113779318,23.7549891807109,0,NA,"filled",313,"2021"
2021-11-10,NA,49.2066557386306,66.4216633396401,3.46585483308828,79.6550520323853,18.7957743833067,14.6128068849706,23.9448723761545,1.49181100331317,352.057818580679,0.308238172987861,0.304789101547781,0.213042410656972,24.5755250238749,23.7732113779318,23.7549891807109,0,NA,"filled",314,"2021"
2021-11-11,NA,49.2066557386306,66.4216633396401,3.46585483308828,79.6550520323853,18.7957743833067,14.6128068849706,23.9448723761545,1.49181100331317,352.057818580679,0.308238172987861,0.304789101547781,0.213042410656972,24.5755250238749,23.7732113779318,23.7549891807109,0,NA,"filled",315,"2021"
2021-11-12,NA,49.2066557386306,66.4216633396401,3.46585483308828,79.6550520323853,18.7957743833067,14.6128068849706,23.9448723761545,1.49181100331317,352.057818580679,0.308238172987861,0.304789101547781,0.213042410656972,24.5755250238749,23.7732113779318,23.7549891807109,0,NA,"filled",316,"2021"
2021-11-13,NA,49.2066557386306,66.4216633396401,3.46585483308828,79.6550520323853,18.7957743833067,14.6128068849706,23.9448723761545,1.49181100331317,352.057818580679,0.308238172987861,0.304789101547781,0.213042410656972,24.5755250238749,23.7732113779318,23.7549891807109,0,NA,"filled",317,"2021"
2021-11-14,NA,49.2066557386306,66.4216633396401,3.46585483308828,79.6550520323853,18.7957743833067,14.6128068849706,23.9448723761545,1.49181100331317,352.057818580679,0.308238172987861,0.304789101547781,0.213042410656972,24.5755250238749,23.7732113779318,23.7549891807109,0,NA,"filled",318,"2021"
2021-11-15,NA,49.2066557386306,66.4216633396401,3.46585483308828,79.6550520323853,18.7957743833067,14.6128068849706,23.9448723761545,1.49181100331317,352.057818580679,0.308238172987861,0.304789101547781,0.213042410656972,24.5755250238749,23.7732113779318,23.7549891807109,0,NA,"filled",319,"2021"
2021-11-16,NA,49.2066557386306,66.4216633396401,3.46585483308828,79.6550520323853,18.7957743833067,14.6128068849706,23.9448723761545,1.49181100331317,352.057818580679,0.308238172987861,0.304789101547781,0.213042410656972,24.5755250238749,23.7732113779318,23.7549891807109,0,NA,"filled",320,"2021"
2021-11-17,NA,49.2066557386306,66.4216633396401,3.46585483308828,79.6550520323853,18.7957743833067,14.6128068849706,23.9448723761545,1.49181100331317,352.057818580679,0.308238172987861,0.304789101547781,0.213042410656972,24.5755250238749,23.7732113779318,23.7549891807109,0,NA,"filled",321,"2021"
2021-11-18,NA,49.2066557386306,66.4216633396401,3.46585483308828,79.6550520323853,18.7957743833067,14.6128068849706,23.9448723761545,1.49181100331317,352.057818580679,0.308238172987861,0.304789101547781,0.213042410656972,24.5755250238749,23.7732113779318,23.7549891807109,0,NA,"filled",322,"2021"
2021-11-19,NA,49.2066557386306,66.4216633396401,3.46585483308828,79.6550520323853,18.7957743833067,14.6128068849706,23.9448723761545,1.49181100331317,352.057818580679,0.308238172987861,0.304789101547781,0.213042410656972,24.5755250238749,23.7732113779318,23.7549891807109,0,NA,"filled",323,"2021"
2021-11-20,NA,49.2066557386306,66.4216633396401,3.46585483308828,79.6550520323853,18.7957743833067,14.6128068849706,23.9448723761545,1.49181100331317,352.057818580679,0.308238172987861,0.304789101547781,0.213042410656972,24.5755250238749,23.7732113779318,23.7549891807109,0,NA,"filled",324,"2021"
2021-11-21,NA,49.2066557386306,66.4216633396401,3.46585483308828,79.6550520323853,18.7957743833067,14.6128068849706,23.9448723761545,1.49181100331317,352.057818580679,0.308238172987861,0.304789101547781,0.213042410656972,24.5755250238749,23.7732113779318,23.7549891807109,0,NA,"filled",325,"2021"
2021-11-22,NA,49.2066557386306,66.4216633396401,3.46585483308828,79.6550520323853,18.7957743833067,14.6128068849706,23.9448723761545,1.49181100331317,352.057818580679,0.308238172987861,0.304789101547781,0.213042410656972,24.5755250238749,23.7732113779318,23.7549891807109,0,NA,"filled",326,"2021"
2021-11-23,NA,49.2066557386306,66.4216633396401,3.46585483308828,79.6550520323853,18.7957743833067,14.6128068849706,23.9448723761545,1.49181100331317,352.057818580679,0.308238172987861,0.304789101547781,0.213042410656972,24.5755250238749,23.7732113779318,23.7549891807109,0,NA,"filled",327,"2021"
2021-11-24,NA,49.2066557386306,66.4216633396401,3.46585483308828,79.6550520323853,18.7957743833067,14.6128068849706,23.9448723761545,1.49181100331317,352.057818580679,0.308238172987861,0.304789101547781,0.213042410656972,24.5755250238749,23.7732113779318,23.7549891807109,0,NA,"filled",328,"2021"
2021-11-25,NA,49.2066557386306,66.4216633396401,3.46585483308828,79.6550520323853,18.7957743833067,14.6128068849706,23.9448723761545,1.49181100331317,352.057818580679,0.308238172987861,0.304789101547781,0.213042410656972,24.5755250238749,23.7732113779318,23.7549891807109,0,NA,"filled",329,"2021"
2021-11-26,NA,49.2066557386306,66.4216633396401,3.46585483308828,79.6550520323853,18.7957743833067,14.6128068849706,23.9448723761545,1.49181100331317,352.057818580679,0.308238172987861,0.304789101547781,0.213042410656972,24.5755250238749,23.7732113779318,23.7549891807109,0,NA,"filled",330,"2021"
2021-11-27,NA,49.2066557386306,66.4216633396401,3.46585483308828,79.6550520323853,18.7957743833067,14.6128068849706,23.9448723761545,1.49181100331317,352.057818580679,0.308238172987861,0.304789101547781,0.213042410656972,24.5755250238749,23.7732113779318,23.7549891807109,0,NA,"filled",331,"2021"
2021-11-28,NA,49.2066557386306,66.4216633396401,3.46585483308828,79.6550520323853,18.7957743833067,14.6128068849706,23.9448723761545,1.49181100331317,352.057818580679,0.308238172987861,0.304789101547781,0.213042410656972,24.5755250238749,23.7732113779318,23.7549891807109,0,NA,"filled",332,"2021"
2021-11-29,NA,49.2066557386306,66.4216633396401,3.46585483308828,79.6550520323853,18.7957743833067,14.6128068849706,23.9448723761545,1.49181100331317,352.057818580679,0.308238172987861,0.304789101547781,0.213042410656972,24.5755250238749,23.7732113779318,23.7549891807109,0,NA,"filled",333,"2021"
2021-11-30,NA,49.2066557386306,66.4216633396401,3.46585483308828,79.6550520323853,18.7957743833067,14.6128068849706,23.9448723761545,1.49181100331317,352.057818580679,0.308238172987861,0.304789101547781,0.213042410656972,24.5755250238749,23.7732113779318,23.7549891807109,0,NA,"filled",334,"2021"
2021-12-01,NA,49.2066557386306,66.4216633396401,3.46585483308828,79.6550520323853,18.7957743833067,14.6128068849706,23.9448723761545,1.49181100331317,352.057818580679,0.308238172987861,0.304789101547781,0.213042410656972,24.5755250238749,23.7732113779318,23.7549891807109,0,NA,"filled",335,"2021"
2021-12-02,NA,49.2066557386306,66.4216633396401,3.46585483308828,79.6550520323853,18.7957743833067,14.6128068849706,23.9448723761545,1.49181100331317,352.057818580679,0.308238172987861,0.304789101547781,0.213042410656972,24.5755250238749,23.7732113779318,23.7549891807109,0,NA,"filled",336,"2021"
2021-12-03,NA,49.2066557386306,66.4216633396401,3.46585483308828,79.6550520323853,18.7957743833067,14.6128068849706,23.9448723761545,1.49181100331317,352.057818580679,0.308238172987861,0.304789101547781,0.213042410656972,24.5755250238749,23.7732113779318,23.7549891807109,0,NA,"filled",337,"2021"
2021-12-04,NA,49.2066557386306,66.4216633396401,3.46585483308828,79.6550520323853,18.7957743833067,14.6128068849706,23.9448723761545,1.49181100331317,352.057818580679,0.308238172987861,0.304789101547781,0.213042410656972,24.5755250238749,23.7732113779318,23.7549891807109,0,NA,"filled",338,"2021"
2021-12-05,NA,49.2066557386306,66.4216633396401,3.46585483308828,79.6550520323853,18.7957743833067,14.6128068849706,23.9448723761545,1.49181100331317,352.057818580679,0.308238172987861,0.304789101547781,0.213042410656972,24.5755250238749,23.7732113779318,23.7549891807109,0,NA,"filled",339,"2021"
2021-12-06,NA,49.2066557386306,66.4216633396401,3.46585483308828,79.6550520323853,18.7957743833067,14.6128068849706,23.9448723761545,1.49181100331317,352.057818580679,0.308238172987861,0.304789101547781,0.213042410656972,24.5755250238749,23.7732113779318,23.7549891807109,0,NA,"filled",340,"2021"
2021-12-07,NA,49.2066557386306,66.4216633396401,3.46585483308828,79.6550520323853,18.7957743833067,14.6128068849706,23.9448723761545,1.49181100331317,352.057818580679,0.308238172987861,0.304789101547781,0.213042410656972,24.5755250238749,23.7732113779318,23.7549891807109,0,NA,"filled",341,"2021"
2021-12-08,NA,49.2066557386306,66.4216633396401,3.46585483308828,79.6550520323853,18.7957743833067,14.6128068849706,23.9448723761545,1.49181100331317,352.057818580679,0.308238172987861,0.304789101547781,0.213042410656972,24.5755250238749,23.7732113779318,23.7549891807109,0,NA,"filled",342,"2021"
2021-12-09,NA,49.2066557386306,66.4216633396401,3.46585483308828,79.6550520323853,18.7957743833067,14.6128068849706,23.9448723761545,1.49181100331317,352.057818580679,0.308238172987861,0.304789101547781,0.213042410656972,24.5755250238749,23.7732113779318,23.7549891807109,0,NA,"filled",343,"2021"
2021-12-10,NA,49.2066557386306,66.4216633396401,3.46585483308828,79.6550520323853,18.7957743833067,14.6128068849706,23.9448723761545,1.49181100331317,352.057818580679,0.308238172987861,0.304789101547781,0.213042410656972,24.5755250238749,23.7732113779318,23.7549891807109,0,NA,"filled",344,"2021"
2021-12-11,NA,49.2066557386306,66.4216633396401,3.46585483308828,79.6550520323853,18.7957743833067,14.6128068849706,23.9448723761545,1.49181100331317,352.057818580679,0.308238172987861,0.304789101547781,0.213042410656972,24.5755250238749,23.7732113779318,23.7549891807109,0,NA,"filled",345,"2021"
2021-12-12,NA,49.2066557386306,66.4216633396401,3.46585483308828,79.6550520323853,18.7957743833067,14.6128068849706,23.9448723761545,1.49181100331317,352.057818580679,0.308238172987861,0.304789101547781,0.213042410656972,24.5755250238749,23.7732113779318,23.7549891807109,0,NA,"filled",346,"2021"
2021-12-13,NA,49.2066557386306,66.4216633396401,3.46585483308828,79.6550520323853,18.7957743833067,14.6128068849706,23.9448723761545,1.49181100331317,352.057818580679,0.308238172987861,0.304789101547781,0.213042410656972,24.5755250238749,23.7732113779318,23.7549891807109,0,NA,"filled",347,"2021"
2021-12-14,NA,49.2066557386306,66.4216633396401,3.46585483308828,79.6550520323853,18.7957743833067,14.6128068849706,23.9448723761545,1.49181100331317,352.057818580679,0.308238172987861,0.304789101547781,0.213042410656972,24.5755250238749,23.7732113779318,23.7549891807109,0,NA,"filled",348,"2021"
2021-12-15,NA,49.2066557386306,66.4216633396401,3.46585483308828,79.6550520323853,18.7957743833067,14.6128068849706,23.9448723761545,1.49181100331317,352.057818580679,0.308238172987861,0.304789101547781,0.213042410656972,24.5755250238749,23.7732113779318,23.7549891807109,0,NA,"filled",349,"2021"
2021-12-16,NA,49.2066557386306,66.4216633396401,3.46585483308828,79.6550520323853,18.7957743833067,14.6128068849706,23.9448723761545,1.49181100331317,352.057818580679,0.308238172987861,0.304789101547781,0.213042410656972,24.5755250238749,23.7732113779318,23.7549891807109,0,NA,"filled",350,"2021"
2021-12-17,NA,49.2066557386306,66.4216633396401,3.46585483308828,79.6550520323853,18.7957743833067,14.6128068849706,23.9448723761545,1.49181100331317,352.057818580679,0.308238172987861,0.304789101547781,0.213042410656972,24.5755250238749,23.7732113779318,23.7549891807109,0,NA,"filled",351,"2021"
2021-12-18,NA,49.2066557386306,66.4216633396401,3.46585483308828,79.6550520323853,18.7957743833067,14.6128068849706,23.9448723761545,1.49181100331317,352.057818580679,0.308238172987861,0.304789101547781,0.213042410656972,24.5755250238749,23.7732113779318,23.7549891807109,0,NA,"filled",352,"2021"
2021-12-19,NA,49.2066557386306,66.4216633396401,3.46585483308828,79.6550520323853,18.7957743833067,14.6128068849706,23.9448723761545,1.49181100331317,352.057818580679,0.308238172987861,0.304789101547781,0.213042410656972,24.5755250238749,23.7732113779318,23.7549891807109,0,NA,"filled",353,"2021"
2021-12-20,NA,49.2066557386306,66.4216633396401,3.46585483308828,79.6550520323853,18.7957743833067,14.6128068849706,23.9448723761545,1.49181100331317,352.057818580679,0.308238172987861,0.304789101547781,0.213042410656972,24.5755250238749,23.7732113779318,23.7549891807109,0,NA,"filled",354,"2021"
2021-12-21,NA,49.2066557386306,66.4216633396401,3.46585483308828,79.6550520323853,18.7957743833067,14.6128068849706,23.9448723761545,1.49181100331317,352.057818580679,0.308238172987861,0.304789101547781,0.213042410656972,24.5755250238749,23.7732113779318,23.7549891807109,0,NA,"filled",355,"2021"
2021-12-22,NA,49.2066557386306,66.4216633396401,3.46585483308828,79.6550520323853,18.7957743833067,14.6128068849706,23.9448723761545,1.49181100331317,352.057818580679,0.308238172987861,0.304789101547781,0.213042410656972,24.5755250238749,23.7732113779318,23.7549891807109,0,NA,"filled",356,"2021"
2021-12-23,NA,49.2066557386306,66.4216633396401,3.46585483308828,79.6550520323853,18.7957743833067,14.6128068849706,23.9448723761545,1.49181100331317,352.057818580679,0.308238172987861,0.304789101547781,0.213042410656972,24.5755250238749,23.7732113779318,23.7549891807109,0,NA,"filled",357,"2021"
2021-12-24,NA,49.2066557386306,66.4216633396401,3.46585483308828,79.6550520323853,18.7957743833067,14.6128068849706,23.9448723761545,1.49181100331317,352.057818580679,0.308238172987861,0.304789101547781,0.213042410656972,24.5755250238749,23.7732113779318,23.7549891807109,0,NA,"filled",358,"2021"
2021-12-25,NA,49.2066557386306,66.4216633396401,3.46585483308828,79.6550520323853,18.7957743833067,14.6128068849706,23.9448723761545,1.49181100331317,352.057818580679,0.308238172987861,0.304789101547781,0.213042410656972,24.5755250238749,23.7732113779318,23.7549891807109,0,NA,"filled",359,"2021"
2021-12-26,NA,49.2066557386306,66.4216633396401,3.46585483308828,79.6550520323853,18.7957743833067,14.6128068849706,23.9448723761545,1.49181100331317,352.057818580679,0.308238172987861,0.304789101547781,0.213042410656972,24.5755250238749,23.7732113779318,23.7549891807109,0,NA,"filled",360,"2021"
2021-12-27,NA,49.2066557386306,66.4216633396401,3.46585483308828,79.6550520323853,18.7957743833067,14.6128068849706,23.9448723761545,1.49181100331317,352.057818580679,0.308238172987861,0.304789101547781,0.213042410656972,24.5755250238749,23.7732113779318,23.7549891807109,0,NA,"filled",361,"2021"
2021-12-28,NA,49.2066557386306,66.4216633396401,3.46585483308828,79.6550520323853,18.7957743833067,14.6128068849706,23.9448723761545,1.49181100331317,352.057818580679,0.308238172987861,0.304789101547781,0.213042410656972,24.5755250238749,23.7732113779318,23.7549891807109,0,NA,"filled",362,"2021"
2021-12-29,NA,49.2066557386306,66.4216633396401,3.46585483308828,79.6550520323853,18.7957743833067,14.6128068849706,23.9448723761545,1.49181100331317,352.057818580679,0.308238172987861,0.304789101547781,0.213042410656972,24.5755250238749,23.7732113779318,23.7549891807109,0,NA,"filled",363,"2021"
2021-12-30,NA,49.2066557386306,66.4216633396401,3.46585483308828,79.6550520323853,18.7957743833067,14.6128068849706,23.9448723761545,1.49181100331317,352.057818580679,0.308238172987861,0.304789101547781,0.213042410656972,24.5755250238749,23.7732113779318,23.7549891807109,0,NA,"filled",364,"2021"
2021-12-31,NA,49.2066557386306,66.4216633396401,3.46585483308828,79.6550520323853,18.7957743833067,14.6128068849706,23.9448723761545,1.49181100331317,352.057818580679,0.308238172987861,0.304789101547781,0.213042410656972,24.5755250238749,23.7732113779318,23.7549891807109,0,NA,"filled",365,"2021"
2022-01-01,NA,70.9404655656135,31.9057353361409,3.63848618689568,69.9950923038542,18.7957743833067,14.6128068849706,23.9448723761545,1.49181100331317,340.30107632303,0.296080115490063,0.17466515049337,0.126477212394301,25.4051387173863,25.0501671388997,25.1954801929466,0,NA,"filled",1,"2022"
2022-01-02,NA,70.9404655656135,31.9057353361409,3.63848618689568,69.9950923038542,18.7957743833067,14.6128068849706,23.9448723761545,1.49181100331317,340.30107632303,0.296080115490063,0.17466515049337,0.126477212394301,25.4051387173863,25.0501671388997,25.1954801929466,0,NA,"filled",2,"2022"
2022-01-03,NA,70.9404655656135,31.9057353361409,3.63848618689568,69.9950923038542,18.7957743833067,14.6128068849706,23.9448723761545,1.49181100331317,340.30107632303,0.296080115490063,0.17466515049337,0.126477212394301,25.4051387173863,25.0501671388997,25.1954801929466,0,NA,"filled",3,"2022"
2022-01-04,NA,70.9404655656135,31.9057353361409,3.63848618689568,69.9950923038542,18.7957743833067,14.6128068849706,23.9448723761545,1.49181100331317,340.30107632303,0.296080115490063,0.17466515049337,0.126477212394301,25.4051387173863,25.0501671388997,25.1954801929466,0,NA,"filled",4,"2022"
2022-01-05,NA,70.9404655656135,31.9057353361409,3.63848618689568,69.9950923038542,18.7957743833067,14.6128068849706,23.9448723761545,1.49181100331317,340.30107632303,0.296080115490063,0.17466515049337,0.126477212394301,25.4051387173863,25.0501671388997,25.1954801929466,0,NA,"filled",5,"2022"
2022-01-06,NA,70.9404655656135,31.9057353361409,3.63848618689568,69.9950923038542,18.7957743833067,14.6128068849706,23.9448723761545,1.49181100331317,340.30107632303,0.296080115490063,0.17466515049337,0.126477212394301,25.4051387173863,25.0501671388997,25.1954801929466,0,NA,"filled",6,"2022"
2022-01-07,NA,70.9404655656135,31.9057353361409,3.63848618689568,69.9950923038542,18.7957743833067,14.6128068849706,23.9448723761545,1.49181100331317,340.30107632303,0.296080115490063,0.17466515049337,0.126477212394301,25.4051387173863,25.0501671388997,25.1954801929466,0,NA,"filled",7,"2022"
2022-01-08,NA,70.9404655656135,31.9057353361409,3.63848618689568,69.9950923038542,18.7957743833067,14.6128068849706,23.9448723761545,1.49181100331317,340.30107632303,0.296080115490063,0.17466515049337,0.126477212394301,25.4051387173863,25.0501671388997,25.1954801929466,0,NA,"filled",8,"2022"
2022-01-09,NA,70.9404655656135,31.9057353361409,3.63848618689568,69.9950923038542,18.7957743833067,14.6128068849706,23.9448723761545,1.49181100331317,340.30107632303,0.296080115490063,0.17466515049337,0.126477212394301,25.4051387173863,25.0501671388997,25.1954801929466,0,NA,"filled",9,"2022"
2022-01-10,NA,70.9404655656135,31.9057353361409,3.63848618689568,69.9950923038542,18.7957743833067,14.6128068849706,23.9448723761545,1.49181100331317,340.30107632303,0.296080115490063,0.17466515049337,0.126477212394301,25.4051387173863,25.0501671388997,25.1954801929466,0,NA,"filled",10,"2022"
2022-01-11,NA,70.9404655656135,31.9057353361409,3.63848618689568,69.9950923038542,18.7957743833067,14.6128068849706,23.9448723761545,1.49181100331317,340.30107632303,0.296080115490063,0.17466515049337,0.126477212394301,25.4051387173863,25.0501671388997,25.1954801929466,0,NA,"filled",11,"2022"
2022-01-12,NA,70.9404655656135,31.9057353361409,3.63848618689568,69.9950923038542,18.7957743833067,14.6128068849706,23.9448723761545,1.49181100331317,340.30107632303,0.296080115490063,0.17466515049337,0.126477212394301,25.4051387173863,25.0501671388997,25.1954801929466,0,NA,"filled",12,"2022"
2022-01-13,NA,70.9404655656135,31.9057353361409,3.63848618689568,69.9950923038542,18.7957743833067,14.6128068849706,23.9448723761545,1.49181100331317,340.30107632303,0.296080115490063,0.17466515049337,0.126477212394301,25.4051387173863,25.0501671388997,25.1954801929466,0,NA,"filled",13,"2022"
2022-01-14,NA,70.9404655656135,31.9057353361409,3.63848618689568,69.9950923038542,18.7957743833067,14.6128068849706,23.9448723761545,1.49181100331317,340.30107632303,0.296080115490063,0.17466515049337,0.126477212394301,25.4051387173863,25.0501671388997,25.1954801929466,0,NA,"filled",14,"2022"
2022-01-15,NA,70.9404655656135,31.9057353361409,3.63848618689568,69.9950923038542,18.7957743833067,14.6128068849706,23.9448723761545,1.49181100331317,340.30107632303,0.296080115490063,0.17466515049337,0.126477212394301,25.4051387173863,25.0501671388997,25.1954801929466,0,NA,"filled",15,"2022"
2022-01-16,NA,70.9404655656135,31.9057353361409,3.63848618689568,69.9950923038542,18.7957743833067,14.6128068849706,23.9448723761545,1.49181100331317,340.30107632303,0.296080115490063,0.17466515049337,0.126477212394301,25.4051387173863,25.0501671388997,25.1954801929466,0,NA,"filled",16,"2022"
2022-01-17,NA,70.9404655656135,31.9057353361409,3.63848618689568,69.9950923038542,18.7957743833067,14.6128068849706,23.9448723761545,1.49181100331317,340.30107632303,0.296080115490063,0.17466515049337,0.126477212394301,25.4051387173863,25.0501671388997,25.1954801929466,0,NA,"filled",17,"2022"
2022-01-18,NA,70.9404655656135,31.9057353361409,3.63848618689568,69.9950923038542,18.7957743833067,14.6128068849706,23.9448723761545,1.49181100331317,340.30107632303,0.296080115490063,0.17466515049337,0.126477212394301,25.4051387173863,25.0501671388997,25.1954801929466,0,NA,"filled",18,"2022"
2022-01-19,NA,70.9404655656135,31.9057353361409,3.63848618689568,69.9950923038542,18.7957743833067,14.6128068849706,23.9448723761545,1.49181100331317,340.30107632303,0.296080115490063,0.17466515049337,0.126477212394301,25.4051387173863,25.0501671388997,25.1954801929466,0,NA,"filled",19,"2022"
2022-01-20,NA,70.9404655656135,31.9057353361409,3.63848618689568,69.9950923038542,18.7957743833067,14.6128068849706,23.9448723761545,1.49181100331317,340.30107632303,0.296080115490063,0.17466515049337,0.126477212394301,25.4051387173863,25.0501671388997,25.1954801929466,0,NA,"filled",20,"2022"
2022-01-21,NA,70.9404655656135,31.9057353361409,3.63848618689568,69.9950923038542,18.7957743833067,14.6128068849706,23.9448723761545,1.49181100331317,340.30107632303,0.296080115490063,0.17466515049337,0.126477212394301,25.4051387173863,25.0501671388997,25.1954801929466,0,NA,"filled",21,"2022"
2022-01-22,NA,70.9404655656135,31.9057353361409,3.63848618689568,69.9950923038542,18.7957743833067,14.6128068849706,23.9448723761545,1.49181100331317,340.30107632303,0.296080115490063,0.17466515049337,0.126477212394301,25.4051387173863,25.0501671388997,25.1954801929466,0,NA,"filled",22,"2022"
2022-01-23,NA,70.9404655656135,31.9057353361409,3.63848618689568,69.9950923038542,18.7957743833067,14.6128068849706,23.9448723761545,1.49181100331317,340.30107632303,0.296080115490063,0.17466515049337,0.126477212394301,25.4051387173863,25.0501671388997,25.1954801929466,0,NA,"filled",23,"2022"
2022-01-24,NA,70.9404655656135,31.9057353361409,3.63848618689568,69.9950923038542,18.7957743833067,14.6128068849706,23.9448723761545,1.49181100331317,340.30107632303,0.296080115490063,0.17466515049337,0.126477212394301,25.4051387173863,25.0501671388997,25.1954801929466,0,NA,"filled",24,"2022"
2022-01-25,NA,70.9404655656135,31.9057353361409,3.63848618689568,69.9950923038542,18.7957743833067,14.6128068849706,23.9448723761545,1.49181100331317,340.30107632303,0.296080115490063,0.17466515049337,0.126477212394301,25.4051387173863,25.0501671388997,25.1954801929466,0,NA,"filled",25,"2022"
2022-01-26,NA,70.9404655656135,31.9057353361409,3.63848618689568,69.9950923038542,18.7957743833067,14.6128068849706,23.9448723761545,1.49181100331317,340.30107632303,0.296080115490063,0.17466515049337,0.126477212394301,25.4051387173863,25.0501671388997,25.1954801929466,0,NA,"filled",26,"2022"
2022-01-27,NA,70.9404655656135,31.9057353361409,3.63848618689568,69.9950923038542,18.7957743833067,14.6128068849706,23.9448723761545,1.49181100331317,340.30107632303,0.296080115490063,0.17466515049337,0.126477212394301,25.4051387173863,25.0501671388997,25.1954801929466,0,NA,"filled",27,"2022"
2022-01-28,NA,70.9404655656135,31.9057353361409,3.63848618689568,69.9950923038542,18.7957743833067,14.6128068849706,23.9448723761545,1.49181100331317,340.30107632303,0.296080115490063,0.17466515049337,0.126477212394301,25.4051387173863,25.0501671388997,25.1954801929466,0,NA,"filled",28,"2022"
2022-01-29,NA,70.9404655656135,31.9057353361409,3.63848618689568,69.9950923038542,18.7957743833067,14.6128068849706,23.9448723761545,1.49181100331317,340.30107632303,0.296080115490063,0.17466515049337,0.126477212394301,25.4051387173863,25.0501671388997,25.1954801929466,0,NA,"filled",29,"2022"
2022-01-30,NA,70.9404655656135,31.9057353361409,3.63848618689568,69.9950923038542,18.7957743833067,14.6128068849706,23.9448723761545,1.49181100331317,340.30107632303,0.296080115490063,0.17466515049337,0.126477212394301,25.4051387173863,25.0501671388997,25.1954801929466,0,NA,"filled",30,"2022"
2022-01-31,NA,70.9404655656135,31.9057353361409,3.63848618689568,69.9950923038542,18.7957743833067,14.6128068849706,23.9448723761545,1.49181100331317,340.30107632303,0.296080115490063,0.17466515049337,0.126477212394301,25.4051387173863,25.0501671388997,25.1954801929466,0,NA,"filled",31,"2022"
2022-02-01,NA,70.9404655656135,31.9057353361409,3.63848618689568,69.9950923038542,18.7957743833067,14.6128068849706,23.9448723761545,1.49181100331317,340.30107632303,0.296080115490063,0.17466515049337,0.126477212394301,25.4051387173863,25.0501671388997,25.1954801929466,0,NA,"filled",32,"2022"
2022-02-02,NA,70.9404655656135,31.9057353361409,3.63848618689568,69.9950923038542,18.7957743833067,14.6128068849706,23.9448723761545,1.49181100331317,340.30107632303,0.296080115490063,0.17466515049337,0.126477212394301,25.4051387173863,25.0501671388997,25.1954801929466,0,NA,"filled",33,"2022"
2022-02-03,NA,70.9404655656135,31.9057353361409,3.63848618689568,69.9950923038542,18.7957743833067,14.6128068849706,23.9448723761545,1.49181100331317,340.30107632303,0.296080115490063,0.17466515049337,0.126477212394301,25.4051387173863,25.0501671388997,25.1954801929466,0,NA,"filled",34,"2022"
2022-02-04,NA,70.9404655656135,31.9057353361409,3.63848618689568,69.9950923038542,18.7957743833067,14.6128068849706,23.9448723761545,1.49181100331317,340.30107632303,0.296080115490063,0.17466515049337,0.126477212394301,25.4051387173863,25.0501671388997,25.1954801929466,0,NA,"filled",35,"2022"
2022-02-05,NA,70.9404655656135,31.9057353361409,3.63848618689568,69.9950923038542,18.7957743833067,14.6128068849706,23.9448723761545,1.49181100331317,340.30107632303,0.296080115490063,0.17466515049337,0.126477212394301,25.4051387173863,25.0501671388997,25.1954801929466,0,NA,"filled",36,"2022"
2022-02-06,NA,70.9404655656135,31.9057353361409,3.63848618689568,69.9950923038542,18.7957743833067,14.6128068849706,23.9448723761545,1.49181100331317,340.30107632303,0.296080115490063,0.17466515049337,0.126477212394301,25.4051387173863,25.0501671388997,25.1954801929466,0,NA,"filled",37,"2022"
2022-02-07,NA,70.9404655656135,31.9057353361409,3.63848618689568,69.9950923038542,18.7957743833067,14.6128068849706,23.9448723761545,1.49181100331317,340.30107632303,0.296080115490063,0.17466515049337,0.126477212394301,25.4051387173863,25.0501671388997,25.1954801929466,0,NA,"filled",38,"2022"
2022-02-08,NA,70.9404655656135,31.9057353361409,3.63848618689568,69.9950923038542,18.7957743833067,14.6128068849706,23.9448723761545,1.49181100331317,340.30107632303,0.296080115490063,0.17466515049337,0.126477212394301,25.4051387173863,25.0501671388997,25.1954801929466,0,NA,"filled",39,"2022"
2022-02-09,NA,70.9404655656135,31.9057353361409,3.63848618689568,69.9950923038542,18.7957743833067,14.6128068849706,23.9448723761545,1.49181100331317,340.30107632303,0.296080115490063,0.17466515049337,0.126477212394301,25.4051387173863,25.0501671388997,25.1954801929466,0,NA,"filled",40,"2022"
2022-02-10,NA,70.9404655656135,31.9057353361409,3.63848618689568,69.9950923038542,18.7957743833067,14.6128068849706,23.9448723761545,1.49181100331317,340.30107632303,0.296080115490063,0.17466515049337,0.126477212394301,25.4051387173863,25.0501671388997,25.1954801929466,0,NA,"filled",41,"2022"
2022-02-11,NA,70.9404655656135,31.9057353361409,3.63848618689568,69.9950923038542,18.7957743833067,14.6128068849706,23.9448723761545,1.49181100331317,340.30107632303,0.296080115490063,0.17466515049337,0.126477212394301,25.4051387173863,25.0501671388997,25.1954801929466,0,NA,"filled",42,"2022"
2022-02-12,NA,70.9404655656135,31.9057353361409,3.63848618689568,69.9950923038542,18.7957743833067,14.6128068849706,23.9448723761545,1.49181100331317,340.30107632303,0.296080115490063,0.17466515049337,0.126477212394301,25.4051387173863,25.0501671388997,25.1954801929466,0,NA,"filled",43,"2022"
2022-02-13,NA,70.9404655656135,31.9057353361409,3.63848618689568,69.9950923038542,18.7957743833067,14.6128068849706,23.9448723761545,1.49181100331317,340.30107632303,0.296080115490063,0.17466515049337,0.126477212394301,25.4051387173863,25.0501671388997,25.1954801929466,0,NA,"filled",44,"2022"
2022-02-14,NA,70.9404655656135,31.9057353361409,3.63848618689568,69.9950923038542,18.7957743833067,14.6128068849706,23.9448723761545,1.49181100331317,340.30107632303,0.296080115490063,0.17466515049337,0.126477212394301,25.4051387173863,25.0501671388997,25.1954801929466,0,NA,"filled",45,"2022"
2022-02-15,NA,70.9404655656135,31.9057353361409,3.63848618689568,69.9950923038542,18.7957743833067,14.6128068849706,23.9448723761545,1.49181100331317,340.30107632303,0.296080115490063,0.17466515049337,0.126477212394301,25.4051387173863,25.0501671388997,25.1954801929466,0,NA,"filled",46,"2022"
2022-02-16,NA,70.9404655656135,31.9057353361409,3.63848618689568,69.9950923038542,18.7957743833067,14.6128068849706,23.9448723761545,1.49181100331317,340.30107632303,0.296080115490063,0.17466515049337,0.126477212394301,25.4051387173863,25.0501671388997,25.1954801929466,0,NA,"filled",47,"2022"
2022-02-17,NA,70.9404655656135,31.9057353361409,3.63848618689568,69.9950923038542,18.7957743833067,14.6128068849706,23.9448723761545,1.49181100331317,340.30107632303,0.296080115490063,0.17466515049337,0.126477212394301,25.4051387173863,25.0501671388997,25.1954801929466,0,NA,"filled",48,"2022"
2022-02-18,NA,70.9404655656135,31.9057353361409,3.63848618689568,69.9950923038542,18.7957743833067,14.6128068849706,23.9448723761545,1.49181100331317,340.30107632303,0.296080115490063,0.17466515049337,0.126477212394301,25.4051387173863,25.0501671388997,25.1954801929466,0,NA,"filled",49,"2022"
2022-02-19,NA,70.9404655656135,31.9057353361409,3.63848618689568,69.9950923038542,18.7957743833067,14.6128068849706,23.9448723761545,1.49181100331317,340.30107632303,0.296080115490063,0.17466515049337,0.126477212394301,25.4051387173863,25.0501671388997,25.1954801929466,0,NA,"filled",50,"2022"
2022-02-20,NA,70.9404655656135,31.9057353361409,3.63848618689568,69.9950923038542,18.7957743833067,14.6128068849706,23.9448723761545,1.49181100331317,340.30107632303,0.296080115490063,0.17466515049337,0.126477212394301,25.4051387173863,25.0501671388997,25.1954801929466,0,NA,"filled",51,"2022"
2022-02-21,NA,70.9404655656135,31.9057353361409,3.63848618689568,69.9950923038542,18.7957743833067,14.6128068849706,23.9448723761545,1.49181100331317,340.30107632303,0.296080115490063,0.17466515049337,0.126477212394301,25.4051387173863,25.0501671388997,25.1954801929466,0,NA,"filled",52,"2022"
2022-02-22,NA,70.9404655656135,31.9057353361409,3.63848618689568,69.9950923038542,18.7957743833067,14.6128068849706,23.9448723761545,1.49181100331317,340.30107632303,0.296080115490063,0.17466515049337,0.126477212394301,25.4051387173863,25.0501671388997,25.1954801929466,0,NA,"filled",53,"2022"
2022-02-23,NA,70.9404655656135,31.9057353361409,3.63848618689568,69.9950923038542,18.7957743833067,14.6128068849706,23.9448723761545,1.49181100331317,340.30107632303,0.296080115490063,0.17466515049337,0.126477212394301,25.4051387173863,25.0501671388997,25.1954801929466,0,NA,"filled",54,"2022"
2022-02-24,NA,70.9404655656135,31.9057353361409,3.63848618689568,69.9950923038542,18.7957743833067,14.6128068849706,23.9448723761545,1.49181100331317,340.30107632303,0.296080115490063,0.17466515049337,0.126477212394301,25.4051387173863,25.0501671388997,25.1954801929466,0,NA,"filled",55,"2022"
2022-02-25,NA,70.9404655656135,31.9057353361409,3.63848618689568,69.9950923038542,18.7957743833067,14.6128068849706,23.9448723761545,1.49181100331317,340.30107632303,0.296080115490063,0.17466515049337,0.126477212394301,25.4051387173863,25.0501671388997,25.1954801929466,0,NA,"filled",56,"2022"
2022-02-26,NA,70.9404655656135,31.9057353361409,3.63848618689568,69.9950923038542,18.7957743833067,14.6128068849706,23.9448723761545,1.49181100331317,340.30107632303,0.296080115490063,0.17466515049337,0.126477212394301,25.4051387173863,25.0501671388997,25.1954801929466,0,NA,"filled",57,"2022"
2022-02-27,NA,70.9404655656135,31.9057353361409,3.63848618689568,69.9950923038542,18.7957743833067,14.6128068849706,23.9448723761545,1.49181100331317,340.30107632303,0.296080115490063,0.17466515049337,0.126477212394301,25.4051387173863,25.0501671388997,25.1954801929466,0,NA,"filled",58,"2022"
2022-02-28,NA,70.9404655656135,31.9057353361409,3.63848618689568,69.9950923038542,18.7957743833067,14.6128068849706,23.9448723761545,1.49181100331317,340.30107632303,0.296080115490063,0.17466515049337,0.126477212394301,25.4051387173863,25.0501671388997,25.1954801929466,0,NA,"filled",59,"2022"
2022-03-01,NA,49.2066557386306,66.4216633396401,3.46585483308828,79.6550520323853,18.7957743833067,14.6128068849706,23.9448723761545,1.49181100331317,352.057818580679,0.308238172987861,0.304789101547781,0.213042410656972,24.5755250238749,23.7732113779318,23.7549891807109,0,NA,"filled",60,"2022"
2022-03-02,NA,49.2066557386306,66.4216633396401,3.46585483308828,79.6550520323853,18.7957743833067,14.6128068849706,23.9448723761545,1.49181100331317,352.057818580679,0.308238172987861,0.304789101547781,0.213042410656972,24.5755250238749,23.7732113779318,23.7549891807109,0,NA,"filled",61,"2022"
2022-03-03,NA,49.2066557386306,66.4216633396401,3.46585483308828,79.6550520323853,18.7957743833067,14.6128068849706,23.9448723761545,1.49181100331317,352.057818580679,0.308238172987861,0.304789101547781,0.213042410656972,24.5755250238749,23.7732113779318,23.7549891807109,0,NA,"filled",62,"2022"
2022-03-04,NA,49.2066557386306,66.4216633396401,3.46585483308828,79.6550520323853,18.7957743833067,14.6128068849706,23.9448723761545,1.49181100331317,352.057818580679,0.308238172987861,0.304789101547781,0.213042410656972,24.5755250238749,23.7732113779318,23.7549891807109,0,NA,"filled",63,"2022"
2022-03-05,NA,49.2066557386306,66.4216633396401,3.46585483308828,79.6550520323853,18.7957743833067,14.6128068849706,23.9448723761545,1.49181100331317,352.057818580679,0.308238172987861,0.304789101547781,0.213042410656972,24.5755250238749,23.7732113779318,23.7549891807109,0,NA,"filled",64,"2022"
2022-03-06,0.000110555555555478,61.4213688888889,35.5853005555556,5.08255277777778,79.6550520323853,22.6055625,18.142,27.063,0,517.462544444444,0.308238172987861,0.169907105263158,0.213042410656972,24.5755250238749,26.9145263157895,23.7549891807109,1.42172159166667,2.48170625,"filled",65,"2022"
2022-03-07,-1.48517663541667,88.2604015354167,42.3660407916667,3.2255276875,79.6550520323853,20.83075,15.175,27.206,0,528.876795,0.308238172987861,0.169032625,0.213042410656972,24.5755250238749,26.6851875,23.7549891807109,3.12774372916667,2.38504166666667,"filled",66,"2022"
2022-03-08,-0.868771041666667,88.9289866458333,36.3233490625,3.209309625,79.6550520323853,21.269375,15.426,27.729,0,494.883184210526,0.308238172987861,0.1678923125,0.213042410656972,24.5755250238749,27.2121666666667,23.7549891807109,2.81967102916667,2.02563541666667,"filled",67,"2022"
2022-03-09,-1.1475965,90.4249022916667,33.8141046666667,3.6514045625,79.6550520323853,21.0715,14.747,27.928,0,353.327963157895,0.308238172987861,0.16741875,0.213042410656972,24.5755250238749,27.6108541666667,23.7549891807109,2.54117209166667,1.50613895833333,"filled",68,"2022"
2022-03-10,-1.27763972916667,94.9723487083333,33.0954751041667,3.5213140625,79.6550520323853,20.9821041666667,15.253,27.775,0,375.346726315789,0.308238172987861,0.166358395833333,0.213042410656972,24.5755250238749,27.8726458333333,23.7549891807109,2.4442560125,1.35643958333333,"filled",69,"2022"
2022-03-11,-0.7445517875,92.1779746666667,32.4700278479167,3.08482527083333,79.6550520323853,21.5868958333333,14.987,27.717,0,366.255215789474,0.308238172987861,0.166050708333333,0.213042410656972,24.5755250238749,28.2695833333333,23.7549891807109,2.32111115833333,1.39702854166667,"filled",70,"2022"
2022-03-12,-0.813534666666667,100.435244583333,33.3188259375,4.24722625,79.6550520323853,21.4043125,14.502,28.201,0,386.317478947368,0.308238172987861,0.1651651875,0.213042410656972,24.5755250238749,28.473875,23.7549891807109,2.25778811666667,1.486894375,"filled",71,"2022"
2022-03-13,-0.9496235625,95.2697522333333,30.9084147522917,3.335199125,79.6550520323853,22.0424791666667,14.761,29.134,0,384.179926315789,0.308238172987861,0.163792354166667,0.213042410656972,24.5755250238749,28.488875,23.7549891807109,2.12074146666667,1.56882,"filled",72,"2022"
2022-03-14,-0.39789243125,85.72261075,24.69541835,3.2713141875,79.6550520323853,22.2711041666667,16.061,29.028,0,334.129744444444,0.308238172987861,0.1638916875,0.213042410656972,24.5755250238749,28.7158958333333,23.7549891807109,1.75481409166667,1.49384791666667,"filled",73,"2022"
2022-03-15,-0.518790020833333,92.1370936041667,22.6994588541667,3.27791925,79.6550520323853,22.3936458333333,14.512,28.803,0,351.293931578947,0.308238172987861,0.163542375,0.213042410656972,24.5755250238749,28.93925,23.7549891807109,1.66065962916667,1.19576979166667,"filled",74,"2022"
2022-03-16,-0.1898025125,82.409640875,18.7401014833333,3.52256266666667,79.6550520323853,22.7751458333333,16.754,29.3,0,298.002573684211,0.308238172987861,0.163377041666667,0.213042410656972,24.5755250238749,29.1133333333333,23.7549891807109,1.26193518333333,0.670966666666667,"filled",75,"2022"
2022-03-17,-0.242358025,82.2223483125,15.2899762978723,3.79663122916667,79.6550520323853,22.0118125,16.43,28.745,0,284.893627777778,0.308238172987861,0.16215275,0.213042410656972,24.5755250238749,29.1464583333333,23.7549891807109,1.06473449583333,0.470735625,"filled",76,"2022"
2022-03-18,-0.301856098125,99.0854746875,19.4220203375,3.37925647916667,79.6550520323853,21.1290625,15.244,27.011,0,321.738605263158,0.308238172987861,0.160463875,0.213042410656972,24.5755250238749,29.0277083333333,23.7549891807109,1.21517391875,0.624970208333333,"filled",77,"2022"
2022-03-19,-0.38085445,99.88585975,26.8333996395833,2.96348801666667,79.6550520323853,21.6729375,16.213,28.243,0,381.548316666667,0.308238172987861,0.160432625,0.213042410656972,24.5755250238749,29.0704166666667,23.7549891807109,1.27008898958333,0.830666458333333,"filled",78,"2022"
2022-03-20,-0.425940816666667,100.43572375,18.0801039395833,3.3916694375,79.6550520323853,22.2753125,16.203,28.673,0,358.830842105263,0.308238172987861,0.159822916666667,0.213042410656972,24.5755250238749,29.4020833333333,23.7549891807109,1.38725737708333,1.04292541666667,"filled",79,"2022"
2022-03-21,-0.1253005,105.662223833333,16.3854679264583,4.26524270833333,79.6550520323853,21.828625,16.284,27.345,0,355.398684210526,0.308238172987861,0.159554875,0.213042410656972,24.5755250238749,29.6760416666667,23.7549891807109,1.32135684583333,0.916844166666667,"filled",80,"2022"
2022-03-22,-0.370838625,104.506283354167,17.0288226708333,3.88636875,79.6550520323853,21.5826875,16.203,27.362,0,354.678894736842,0.308238172987861,0.159064583333333,0.213042410656972,24.5755250238749,29.7333958333333,23.7549891807109,1.13039173125,0.465747916666667,"filled",81,"2022"
2022-03-23,-0.584070818333333,96.9310485416667,19.475655125,3.6030465,79.6550520323853,21.816,15.305,28.529,0,379.241666666667,0.308238172987861,0.1581131875,0.213042410656972,24.5755250238749,29.703875,23.7549891807109,0.9452084125,0.191316666666667,"filled",82,"2022"
2022-03-24,-0.134027333333333,89.96789875,11.2400168958333,3.65928645833333,79.6550520323853,22.0456666666667,16.714,27.724,0,322.01225,0.308238172987861,0.1573256875,0.213042410656972,24.5755250238749,29.8554166666667,23.7549891807109,0.72633915,0.0792419583333333,"filled",83,"2022"
2022-03-25,-0.567366558541667,95.7489220833333,19.2601541041667,3.1485801875,79.6550520323853,22.0577708333333,16.58,29.123,0,337.911588888889,0.308238172987861,0.157115229166667,0.213042410656972,24.5755250238749,29.9579166666667,23.7549891807109,0.68524158125,0.489571833333333,"filled",84,"2022"
2022-03-26,1.80257512291667,85.5052711458333,58.3563204166667,3.72948041666667,79.6550520323853,20.8145833333333,15.65,26.217,4.5,318.852952631579,0.308238172987861,0.1559833125,0.213042410656972,24.5755250238749,29.4902083333333,23.7549891807109,0.69517635,1.375463125,"filled",85,"2022"
2022-03-27,4.17078445833333,55.1112275833333,79.1885220833333,2.56924710416667,79.6550520323853,21.0223333333333,16.653,26.069,0,271.419344444444,0.308238172987861,0.153379895833333,0.213042410656972,24.5755250238749,28.1829791666667,23.7549891807109,0.60442964375,2.12997916666667,"filled",86,"2022"
2022-03-28,3.41782672916667,56.0512989583333,102.261283125,3.365648375,79.6550520323853,20.2920416666667,15.964,25.775,0,381.869023529412,0.308238172987861,0.1523368125,0.213042410656972,24.5755250238749,26.7225833333333,23.7549891807109,0.73629799375,2.60487916666667,"filled",87,"2022"
2022-03-29,2.41317628958333,58.5221587791667,108.642372916667,4.22511083333333,79.6550520323853,20.4684791666667,17.077,25.378,0,381.391388888889,0.308238172987861,0.153936791666667,0.213042410656972,24.5755250238749,26.0055,23.7549891807109,0.847761127083333,2.76956458333333,"filled",88,"2022"
2022-03-30,2.20888219166667,57.4166346458333,101.528917291667,3.85691672916667,79.6550520323853,18.8950487804878,15.574,23.086,0,362.974688888889,0.308238172987861,0.153201291666667,0.213042410656972,24.5755250238749,25.4444791666667,23.7549891807109,1.02503586458333,2.37995833333333,"filled",89,"2022"
2022-03-31,0.8552630625,58.1871145833333,88.8955765208333,4.07615433333333,79.6550520323853,18.2629090909091,13.565,23.456,0,393.887255555556,0.308238172987861,0.1535625,0.213042410656972,24.5755250238749,24.8730625,23.7549891807109,1.21707723958333,2.15208333333333,"filled",90,"2022"
2022-04-01,0.267972291666667,41.1834175583333,59.729688125,3.60916333333333,79.6550520323853,17.8718333333333,16.879,20.035,0,182.174864705882,0.308238172987861,0.155043041666667,0.213042410656972,24.5755250238749,24.7766875,23.7549891807109,0.829112825,1.77555416666667,"filled",91,"2022"
2022-04-02,-0.19254523125,54.7602781666667,95.7900590875,4.885838125,79.6550520323853,17.412625,16.393,19.397,0,364.725376470588,0.308238172987861,0.154877104166667,0.213042410656972,24.5755250238749,24.3028541666667,23.7549891807109,1.42252675625,1.57073125,"filled",92,"2022"
2022-04-03,-2.6283320625,58.4646356041667,75.0283743125,3.67028166666667,79.6550520323853,17.326,16.086,18.863,0,395.466252941176,0.308238172987861,0.155254833333333,0.213042410656972,24.5755250238749,24.2684791666667,23.7549891807109,1.64058916875,1.31337708333333,"filled",93,"2022"
2022-04-04,-2.82170904166667,56.9861395833333,79.2557289791667,3.3139570625,79.6550520323853,17.9010909090909,16.712,19.787,0,500.3043,0.308238172987861,0.15613125,0.213042410656972,24.5755250238749,24.8753125,23.7549891807109,2.02950780833333,1.07814083333333,"filled",94,"2022"
2022-04-05,-2.18009565957447,61.0320236829787,75.154360212766,3.31226144680851,79.6550520323853,18.47736,16.504,21.8,0,435.734416666667,0.308238172987861,0.158031208333333,0.213042410656972,24.5755250238749,25.5822916666667,23.7549891807109,2.17955643541667,0.833594166666667,"filled",95,"2022"
2022-04-06,-2.00517006818182,55.1277753659091,63.1735976363636,3.70076204545455,79.6550520323853,20.7622619047619,17.197,26.165,0,344.822470588235,0.308238172987861,0.159527913043478,0.213042410656972,24.5755250238749,26.0602608695652,23.7549891807109,2.00353401041667,0.590828333333333,"filled",96,"2022"
2022-04-07,-1.09287681818182,56.7519029545455,52.2713437045455,3.73976477272727,79.6550520323853,20.3046739130435,16.244,25.605,0,383.597510714286,0.308238172987861,0.159516217391304,0.213042410656972,24.5755250238749,26.1118043478261,23.7549891807109,3.1909470625,0.29621375,"filled",97,"2022"
2022-04-08,-1.6448115625,83.1608626041667,47.4566297916667,3.56867041666667,79.6550520323853,20.374875,16.146,25.71,0,320.08825,0.308238172987861,0.159912541666667,0.213042410656972,24.5755250238749,26.4322916666667,23.7549891807109,3.89305246875,0.110687208333333,"filled",98,"2022"
2022-04-09,-1.53211691666667,89.2029702083333,39.67956625,3.435427125,79.6550520323853,20.2744375,15.699,25.745,0,426.446432272727,0.308238172987861,0.160823625,0.213042410656972,24.5755250238749,26.6642291666667,23.7549891807109,2.49785832083333,0.088328375,"filled",99,"2022"
2022-04-10,-0.800408520833333,94.9445390416667,32.3050752083333,4.34489916666667,79.6550520323853,20.1446041666667,15.138,24.782,0,394.989284761905,0.308238172987861,0.160275041666667,0.213042410656972,24.5755250238749,26.911125,23.7549891807109,1.93025395416667,0.1304555,"filled",100,"2022"
2022-04-11,-0.4613178125,67.3715827083333,26.250386875,3.28532304166667,79.6550520323853,20.7236458333333,15.581,25.306,0,348.556255555556,0.308238172987861,0.160228458333333,0.213042410656972,24.5755250238749,26.9773125,23.7549891807109,1.38648616458333,0.226975833333333,"filled",101,"2022"
2022-04-12,-0.539710145833333,72.2369596875,26.0293652291667,2.5730744375,79.6550520323853,20.8724791666667,14.678,26.698,0,397.45985,0.358044,0.160381666666667,0.132322875,26.700125,26.9137916666667,29.8711875,1.223412825,0.288888125,"filled",102,"2022"
2022-04-13,-0.396454608695652,90.1401767434783,20.8878715869565,3.46241793478261,79.6550520323853,21.3153125,16.919,27.053,0,372.32287,0.357963270833333,0.1605961875,0.128723958333333,26.7718541666667,27.4327916666667,28.5562083333333,1.34493639791667,0.328668958333333,"filled",103,"2022"
2022-04-14,-0.487264978723404,99.2562122553192,17.376942,4.0335870212766,79.6550520323853,20.9175744680851,16.822,25.805,0,439.986823529412,0.358361723404255,0.16135314893617,0.124343340425532,26.8946382978723,27.9048936170213,28.6823404255319,1.21711699375,0.396896666666667,"filled",104,"2022"
2022-04-15,-0.2837763125,86.3965817916667,17.0828159791667,3.37858679166667,79.6550520323853,20.8609166666667,16.473,25.972,0,377.994329411765,0.3606041875,0.160995104166667,0.121112458333333,27.1047916666667,28.0685416666667,28.6281041666667,1.06186834583333,0.520502083333333,"filled",105,"2022"
2022-04-16,-0.256889364583333,76.0834808125,13.9761899166667,2.747561,79.6550520323853,21.3608125,15.897,27.154,0,286.983805555556,0.360509729166667,0.161225020833333,0.117914520833333,27.200625,28.0341666666667,28.4694583333333,1.0198201875,0.5903575,"filled",106,"2022"
2022-04-17,-0.268745004166667,50.2558641604167,30.3856656020833,2.49944223958333,79.6550520323853,20.4521458333333,16.048,26.111,1.3,243.267807692308,0.3592194375,0.160367416666667,0.114729833333333,27.425625,27.890125,27.21225,0.665188775,0.557177291666667,"filled",107,"2022"
2022-04-18,0.0657317291666667,74.9335273333333,26.7791794375,3.55012972916667,79.6550520323853,20.9607916666667,16.83,26.403,0,297.6645,0.358017375,0.158424333333333,0.111782666666667,27.4883333333333,26.7507708333333,26.0895625,0.851089477083333,0.641297083333333,"filled",108,"2022"
2022-04-19,0.317592229166667,74.92861075,20.7430071458333,3.46518579166667,79.6550520323853,20.7545208333333,15.686,26.311,1.5,291.222953333333,0.358360416666667,0.158613145833333,0.112738229166667,27.2047916666667,26.902625,27.1193333333333,0.558937433333333,0.770769791666667,"filled",109,"2022"
2022-04-20,4.48942790638298,18.3827772291667,79.82746875,3.15523614583333,79.6550520323853,18.9031458333333,14.591,23.765,45.9,190.410084615385,0.3586944375,0.157945833333333,0.261853395833333,27.2,26.18325,24.0346041666667,0.534955414583333,1.77474604166667,"filled",110,"2022"
2022-04-21,3.48487220833333,37.0925397291667,86.8736854166667,2.73274545833333,79.6550520323853,19.8645416666667,16.421,24.565,0,322.348507142857,0.35796875,0.1595118125,0.309281291666667,26.9806458333333,24.5011458333333,23.2091875,1.02540075833333,3.71914583333333,"filled",111,"2022"
2022-04-22,1.39142036170213,22.8961537,54.588918125,2.42647897916667,79.6550520323853,18.7007083333333,16.644,23.704,15.8,306.2007875,0.358151395833333,0.167220166666667,0.318040270833333,26.575,24.0648333333333,22.6855833333333,0.73379246875,4.035375,"filled",112,"2022"
2022-04-23,2.32290333333333,43.1580163333333,90.6079802291667,3.09899972916667,79.6550520323853,18.96375,16.324,23.196,3.6,365.003122222222,0.355254854166667,0.244171520833333,0.347463854166667,26.2078333333333,23.4898333333333,22.9118125,1.582438375,2.84787291666667,"filled",113,"2022"
2022-04-24,1.45769557291667,46.4522519354167,90.6109179166667,3.695401625,79.6550520323853,19.048625,16.425,23.035,0.7,424.462441176471,0.356017375,0.282052833333333,0.319061770833333,25.7745833333333,23.5818541666667,22.9745625,1.68871067708333,1.73182916666667,"filled",114,"2022"
2022-04-25,0.557024922916667,46.4489640625,88.3875008125,2.42956839583333,79.6550520323853,19.4034166666667,15.872,24.192,0,434.475755555556,0.356038208333333,0.277466,0.298316020833333,25.5461041666667,23.5696458333333,23.3135,2.05043518125,1.03048541666667,"filled",115,"2022"
2022-04-26,0.619644166666667,42.8266269375,96.155667875,2.86308452083333,79.6550520323853,20.2742083333333,16.682,25.2070000000001,0,465.233761111111,0.353895916666667,0.2705305625,0.276726375,25.394375,23.9490833333333,24.1066041666667,2.89103292708333,1.66041979166667,"filled",116,"2022"
2022-04-27,0.6390448725,27.0687722916667,65.82613725,2.87244820833333,79.6550520323853,19.8989166666667,16.679,24.104,0,308.321330588235,0.353747208333333,0.264520208333333,0.258563791666667,25.265,24.2872708333333,23.8916666666667,3.26956872916667,3.65268958333333,"filled",117,"2022"
2022-04-28,0.798328729166667,18.9484007291667,64.7791509791667,2.62801270833333,79.6550520323853,18.7757291666667,16.698,22.301,3.8,174.701664285714,0.353926416666667,0.258365208333333,0.2490596875,25.1622916666667,23.8125208333333,22.8427291666667,2.44634587291667,4.46227083333333,"filled",118,"2022"
2022-04-29,-1.3332016875,33.7768442708333,99.6120682708333,3.09955652083333,79.6550520323853,18.9931875,16.092,23.579,5.2,349.003671428571,0.353986791666667,0.255504208333333,0.321347958333333,25.1,23.2867291666667,22.7066458333333,5.14023679166667,3.83601666666667,"filled",119,"2022"
2022-04-30,-1.29751572916667,30.4370075,88.9398779375,2.3929509375,79.6550520323853,19.4433541666667,15.556,24.414,0,414.903503333333,0.354497229166667,0.251877104166667,0.293583375,24.9405208333333,23.2803333333333,23.0951458333333,4.947683225,3.37671875,"filled",120,"2022"
2022-05-01,-1.00684079791667,14.9142292916667,82.1377619791667,2.78704770833333,79.6550520323853,19.3837083333333,15.836,24.193,5,260.670442105263,0.3556923125,0.2497993125,0.288061083333333,24.9,23.3478541666667,22.4798125,4.12395303541667,3.22698958333333,"filled",121,"2022"
2022-05-02,-1.52937735416667,26.67495125,102.429503958333,3.16518052083333,79.6550520323853,19.5995208333333,16.518,24.683,0,332.805472222222,0.355869395833333,0.244540291666667,0.294595145833333,24.7369166666667,22.9608333333333,22.5061041666667,4.22789723958333,3.09546875,"filled",122,"2022"
2022-05-03,-0.941488104166667,18.9682575833333,71.6069159375,2.81153329166667,79.6550520323853,18.5065625,16.137,23.2,0.4,216.645928,0.355847854166667,0.241520791666667,0.271950729166667,24.7,22.9445833333333,22.1813125,2.65410526875,2.9153,"filled",123,"2022"
2022-05-04,-2.04199575,30.8959969166667,80.7156804166667,2.79363372916667,79.6550520323853,18.2152083333333,14.047,22.757,0,352.3791,0.354767395833333,0.237537541666667,0.257514541666667,24.4575,22.5675625,22.0422291666667,3.53695801041667,2.7648125,"filled",124,"2022"
2022-05-05,-1.35290608695652,26.1161701583333,60.666251875,2.72785045833333,79.6550520323853,18.5512083333333,15.897,21.268,0.1,235.935169473684,0.353022208333333,0.234286104166667,0.245690958333333,24.3725208333333,22.6393333333333,22.0875625,3.58096569166667,2.64118125,"filled",125,"2022"
2022-05-06,-2.00102210416667,21.0726808958333,52.7430111041667,2.699497125,79.6550520323853,18.6610416666667,15.123,22.6,0,244.174553846154,0.353072875,0.230997145833333,0.235734729166667,24.20125,22.4633958333333,21.8972291666667,2.3548029375,2.506,"filled",126,"2022"
2022-05-07,-2.44373854166667,28.2031467708333,61.2029933333333,3.06492333333333,79.6550520323853,18.841,15.483,23.33,0,282.473649375,0.353932666666667,0.227673666666667,0.225667333333333,24.1791666666667,22.2981041666667,21.9449166666667,3.06351306041667,2.37285,"filled",127,"2022"
2022-05-08,-2.90751631914894,36.9097191489362,74.7298083191489,2.84977512765957,79.6550520323853,19.7657446808511,15.767,24.981,0,458.649266666667,0.353997170212766,0.223436212765957,0.210202106382979,23.9010638297872,22.8476170212766,23.4352340425532,3.35961728333333,2.25984166666667,"filled",128,"2022"
2022-05-09,-2.71215310416667,38.5604864583333,72.9982502708333,2.62351872916667,79.6550520323853,20.0032708333333,15.754,25.747,0,399.495625,0.354,0.21814375,0.19490625,23.9775,23.6655416666667,24.2328541666667,3.47142029583333,2.12683333333333,"filled",129,"2022"
2022-05-10,-2.50165214583333,32.83662175,59.8690918333333,2.8127910625,79.6550520323853,19.418,14.888,25.426,0,395.804642857143,0.353420166666667,0.211256208333333,0.183101333333333,24.2002708333333,24.00775,24.21,2.88904615416667,1.97123958333333,"filled",130,"2022"
2022-05-11,-2.4954928125,46.0828908541667,69.7755954583333,2.90373495833333,79.6550520323853,19.9280208333333,15.682,25.7190000000001,0,388.2832,0.353001375,0.203436083333333,0.173419458333333,24.3542916666667,24.3047083333333,24.9465625,3.13875488125,1.84388333333333,"filled",131,"2022"
2022-05-12,-2.44892316595745,48.9717075125106,66.117779893617,2.77483682978723,79.6550520323853,19.320829787234,14.659,25.342,0,372.5788375,0.353842574468085,0.192892170212766,0.163816978723404,24.5374468085106,24.7574042553191,25.1888936170213,2.9022051625,1.68926458333333,"filled",132,"2022"
2022-05-13,-2.12297327083333,47.9337010625,50.2879474583333,2.6194610625,79.6550520323853,19.1777083333333,13.557,25.278,0,360.321828571429,0.355963895833333,0.182647958333333,0.157091708333333,24.7319375,24.8597291666667,24.9867083333333,2.37182195833333,1.54768125,"filled",133,"2022"
2022-05-14,-2.68793677083333,63.4228945229167,62.2177895208333,3.28478135416667,79.6550520323853,19.7256458333333,15.105,25.976,0,380.257264705882,0.35599375,0.1743020625,0.1523653125,24.8979166666667,25.2010416666667,25.9695625,2.78957761666667,1.41954166666667,"filled",134,"2022"
2022-05-15,-2.15971541666667,60.3936633333333,50.25783769375,3.67464,79.6550520323853,19.2107708333333,14.669,24.776,0,338.901905555556,0.355205479166667,0.168089583333333,0.146436125,25.0374791666667,25.5356458333333,25.96075,2.78699739375,1.27058541666667,"filled",135,"2022"
2022-05-16,-0.616044841666667,36.98163525,29.3041154479167,3.15894166666667,79.6550520323853,17.9705625,13.891,22.805,0,126.03425625,0.355505520833333,0.167063208333333,0.141511854166667,25.2364583333333,25.34775,24.6682916666667,1.54788920833333,1.11300625,"filled",136,"2022"
2022-05-17,-0.887630125,37.8011796041667,26.8646126458333,2.86654197916667,79.6550520323853,18.2204791666667,13.287,23.641,0,221.141809090909,0.3563368125,0.166882625,0.139031979166667,25.4,24.6430625,24.0443333333333,1.30535600833333,0.979231875,"filled",137,"2022"
2022-05-18,-0.780561979166667,44.7799908333333,24.6615940416667,2.728150625,79.6550520323853,17.9871458333333,14.153,23.213,0,297.823963636364,0.355038875,0.163676375,0.136528458333333,25.3266666666667,24.455625,24.1170625,1.40916568125,0.83937875,"filled",138,"2022"
2022-05-19,-1.45374133333333,55.5723471458333,29.3001478541667,2.31465891666667,79.6550520323853,17.7756666666667,12.568,23.884,0,293.655221428571,0.355113833333333,0.163269458333333,0.134688895833333,25.1002083333333,24.3829375,24.3627083333333,1.65673350833333,0.699407708333333,"filled",139,"2022"
2022-05-20,-1.14240727083333,69.8300900833333,35.0115714166667,3.30640895833333,79.6550520323853,19.3105,14.838,25.6,0,365.6561875,0.355951354166667,0.161932645833333,0.133918041666667,25.1,24.9599166666667,25.8761666666667,1.90739186666667,0.575913541666667,"filled",140,"2022"
2022-05-21,-1.11211761666667,71.4037260416667,31.512036,3.20302458333333,79.6550520323853,19.7626458333333,15.292,25.54,0,326.9532,0.355479875,0.160856979166667,0.13096325,25.1629166666667,25.6664375,26.3534791666667,1.72444406666667,0.440002916666667,"filled",141,"2022"
2022-05-22,-0.675605354166667,46.2936191666667,24.1619288958333,2.55367510416667,79.6550520323853,20.1320833333333,15.216,26.378,0,228.156915714286,0.355244375,0.1594868125,0.127731958333333,25.4103958333333,25.9218125,26.2768125,1.26585740416667,0.301542083333333,"filled",142,"2022"
2022-05-23,-0.736921770833333,58.1363008333333,37.4350735083333,2.91082854166667,79.6550520323853,21.4754791666667,16.243,27.643,0,428.290538461538,0.357834,0.157942375,0.126045791666667,25.5947083333333,26.1747916666667,26.9790208333333,1.40215248333333,0.165144354166667,"filled",143,"2022"
2022-05-24,-1.066542198,73.1634006520833,26.7697926770833,2.95235041666667,79.6550520323853,19.8235416666667,14.596,25.66,0,340.458375,0.357951375,0.156781229166667,0.123206979166667,25.7172916666667,26.4146666666667,26.7859791666667,1.56435390833333,0.0880610833333333,"filled",144,"2022"
2022-05-25,-0.578464270833333,55.4434107708333,20.3757077041667,2.62284491666667,79.6550520323853,20.110875,14.902,25.688,0,222.905321428571,0.3560528125,0.156179833333333,0.120363895833333,25.9004166666667,26.4410833333333,26.5340416666667,1.15644740416667,0.1028676875,"filled",145,"2022"
2022-05-26,-0.696427791666667,50.5556919375,21.8823532916667,2.71827120833333,79.6550520323853,20.0809166666667,16.208,24.897,0,191.727766666667,0.3556069375,0.154902104166667,0.117816666666667,26.1391666666667,26.4463125,26.4483125,1.13081825416667,0.123332729166667,"filled",146,"2022"
2022-05-27,-0.379484333333333,37.9873640208333,39.2784968083333,2.78148552083333,79.6550520323853,19.2714791666667,15.781,23.44,0.3,144.318718181818,0.355235375,0.152913875,0.1157465,26.2,26.0711875,25.5045833333333,0.77611548125,0.1426175,"filled",147,"2022"
2022-05-28,-0.0241453958333333,46.4417980833333,21.6359400458333,2.76122045833333,79.6550520323853,19.0429791666667,15.739,23.75,0,225.556,0.3558695,0.151981916666667,0.114595145833333,26.2,25.5821875,25.1827291666667,0.790848197916667,0.164630625,"filled",148,"2022"
2022-05-29,-0.271826270833333,44.8010430333333,14.06617549375,3.0369321875,79.6550520323853,18.6555625,14.923,23.374,0,155.930353846154,0.356073666666667,0.1509070625,0.1132409375,26.145,25.3622083333333,24.8631875,0.841410252083333,0.1838375,"filled",149,"2022"
2022-05-30,-0.567652895833333,48.6789792104167,11.8937527291667,2.93993520833333,79.6550520323853,18.3371875,14.995,22.287,0,118.085882857143,0.356972875,0.152329833333333,0.111380541666667,25.9008333333333,25.1596875,24.6188958333333,0.785764689583333,0.281848333333333,"filled",150,"2022"
2022-05-31,-0.174187106382979,54.630371106383,8.89294142553191,2.87354531914894,79.6550520323853,18.308170212766,15.021,22.613,0,195.740708333333,0.357348893617021,0.150969468085106,0.111178765957447,25.8993617021277,25.0702978723404,24.982,0.832085110416667,0.474483333333333,"filled",151,"2022"
2022-06-01,-0.3477952,73.8342034166667,14.0111005416667,3.0237175,69.9950923038542,18.8383541666667,15.067,24.153,0,294.23419375,0.3561416875,0.150154854166667,0.111088166666667,25.7658333333334,25.3234583333333,25.9537291666667,1.27038017083333,0.742297916666667,"filled",152,"2022"
2022-06-02,-0.470158479166667,71.9479574166667,12.5618832291667,4.08989583333333,69.9950923038542,18.115875,14.854,22.863,0,252.01926875,0.356150729166667,0.151084729166667,0.1103465625,25.7497916666667,25.7045625,25.6664166666667,1.27886674166667,1.02043729166667,"filled",153,"2022"
2022-06-03,-0.277036061041667,62.4567179583333,11.6272494229167,3.0952931875,69.9950923038542,17.2825,13.278,22.356,0,199.747226,0.3563041875,0.149795145833333,0.108257604166667,25.8979166666667,25.346375,24.8168958333333,1.19255946458333,1.12719145833333,"filled",154,"2022"
2022-06-04,-0.631149746808511,87.2095210638298,16.0213260155319,3.65746191489362,69.9950923038542,17.8835106382979,12.018,24.058,0,341.990923529412,0.356714212765957,0.147472319148936,0.106740468085106,25.888085106383,25.0858723404255,25.0577234042553,1.44151050208333,1.09451458333333,"filled",155,"2022"
2022-06-05,-0.434374816458333,75.8689233958333,14.104860625,2.584218625,69.9950923038542,17.9208125,11.035,24.49,0,301.213904375,0.357801354166667,0.1473194375,0.106873708333333,25.698125,25.4786875,25.6086666666667,1.17380673125,1.02976354166667,"filled",156,"2022"
2022-06-06,-0.297349935833333,48.4285929166667,4.97652596666667,3.60236895833333,69.9950923038542,17.5608333333333,15.097,22.156,0,232.1923,0.357838875,0.148338875,0.105137520833333,25.8266666666667,25.5150416666667,24.8645,0.521150752083333,0.939545833333333,"filled",157,"2022"
2022-06-07,-0.0307969777777778,38.7600748888889,9.02659866666667,3.64098515555556,69.9950923038542,17.6485744680851,14.172,21.587,0,196.685405555556,0.356898808510638,0.146737829787234,0.103160112765957,25.8931914893617,24.8774042553192,23.9835319148936,0.577434579166667,0.875203125,"filled",158,"2022"
2022-06-08,-0.117198983333333,50.96963789375,9.27359665416667,2.713988875,69.9950923038542,18.303,14.411,23.325,0,157.437160714286,0.355054145833333,0.145892354166667,0.103613208333333,25.6245833333333,24.5901666666667,24.2395625,0.836054139583333,0.835664375,"filled",159,"2022"
2022-06-09,-0.0572882354166667,32.8901015,5.90843863958333,2.32735510416667,69.9950923038542,17.2493333333333,13.261,22.395,0,159.739685714286,0.356064583333333,0.144929916666667,0.101749264583333,25.5986666666667,24.3654166666667,23.52575,0.406635422916667,0.724931041666667,"filled",160,"2022"
2022-06-10,0.114024833333333,46.3573033333333,7.8524545,2.92882710416667,69.9950923038542,18.0523333333333,14.058,23.036,0,161.270509090909,0.355756916666667,0.143643041666667,0.101573608333333,25.4133333333333,24.1765416666667,23.8208125,0.585034541666667,0.686922083333333,"filled",161,"2022"
2022-06-11,-0.101556382978723,51.0869952340426,8.30951870051915,2.85830517021277,69.9950923038542,18.5287659574468,15.0820000000001,22.87,0,202.84729,0.354151808510638,0.144942510638298,0.101478027659574,25.376170212766,24.3261063829787,24.3195531914894,0.5258083625,0.673985416666667,"filled",162,"2022"
2022-06-12,-0.0376760913043478,37.6958201521739,6.04434762826087,2.94212076086957,69.9950923038542,17.7206041666667,14.747,22.137,0,107.20832,0.354998625,0.1439375625,0.100362789583333,25.1070833333333,24.2772083333333,23.7360208333333,0.512877314583333,0.665235208333333,"filled",163,"2022"
2022-06-13,0.188854666666667,31.3019839583333,5.14044801875,2.61745,69.9950923038542,17.4014583333333,14.692,20.596,0,56.577375,0.354922916666667,0.1429173125,0.100042345833333,25.1,23.8684791666667,23.0382291666667,0.17502986875,0.672669375,"filled",164,"2022"
2022-06-14,-0.243925979166667,58.1946298958333,9.93188135416667,2.887771875,69.9950923038542,18.5385833333333,13.604,25.197,0,189.017373333333,0.352760395833333,0.142231229166667,0.100897922916667,25.0176458333333,23.9190208333333,24.4230625,0.882750075,0.755441875,"filled",165,"2022"
2022-06-15,-0.206075495833333,61.651484625,6.96979421666667,2.50055579166667,69.9950923038542,18.2093541666667,13.874,23.448,0,243.410825,0.352895833333333,0.142965291666667,0.100853427083333,24.9,24.5730416666667,24.9523333333333,0.731151791666667,0.690257708333333,"filled",166,"2022"
2022-06-16,-0.232171960416667,73.008071625,11.8123768125,3.278174625,69.9950923038542,18.5103333333333,13.003,24.426,0,280.19100625,0.353011083333333,0.142424333333333,0.1004562,24.9665416666667,24.7494583333333,25.10375,0.849206639583333,0.374105416666667,"filled",167,"2022"
2022-06-17,-0.274491979166667,71.4084201875,7.42419833333333,3.660098125,69.9950923038542,17.8791458333333,13.291,22.653,0,232.953675,0.353950729166667,0.141652833333333,0.0998430583333333,25.0911041666667,24.9315416666667,24.9178333333333,0.745786866666667,0.203542083333333,"filled",168,"2022"
2022-06-18,-0.258999414583333,48.0582754166667,8.56446339583333,3.23963895833333,69.9950923038542,17.9384166666667,13.132,23.585,0,178.981775,0.354014625,0.141776333333333,0.09839446875,25.1,24.7046041666667,24.3658333333333,0.51466408125,0.261423541666667,"filled",169,"2022"
2022-06-19,-0.0313879020833333,39.071630125,3.93894806666667,3.05782708333333,69.9950923038542,17.335375,13.659,20.914,0,56.5040828571429,0.354597166666667,0.141341,0.0961958354166667,25.1,24.4570416666667,23.7080625,0.141457475,0.193823125,"filled",170,"2022"
2022-06-20,0.363185964583333,43.1601306875,6.11823208333333,3.207804375,69.9950923038542,17.3196666666667,14.389,22.72,0,95.3388625,0.352449979166667,0.140114583333333,0.0957388895833333,25.1,23.9106458333333,23.2,0.32027440625,0.0921543958333333,"filled",171,"2022"
2022-06-21,-0.409430570833333,75.8276759104167,11.3196329583333,2.63769620833333,69.9950923038542,17.5218333333333,11.972,23.338,0,313.920114285714,0.3522535,0.1393506875,0.0967500229166667,24.9781666666667,23.87325,24.1745,0.715788045833333,0.0704694375,"filled",172,"2022"
2022-06-22,-0.0889644166666667,48.5567912083333,6.16117072895833,2.825776625,69.9950923038542,17.3085833333333,14.029,21.736,0,168.96106,0.3527340625,0.139767354166667,0.0952319416666667,24.9,24.3596458333333,24.1089375,0.385231397916667,0.195599583333333,"filled",173,"2022"
2022-06-23,0.259343179583333,39.2420392708333,3.47773702083333,3.37006125,69.9950923038542,17.170625,14.231,20.8200000000001,0,50.52411625,0.353516,0.139384729166667,0.0945868083333333,24.9,24.02325,23.2502083333333,0.125816166666667,0.162766458333333,"filled",174,"2022"
2022-06-24,1.24016108125,40.3587813333333,11.5178711166667,3.33507979166667,69.9950923038542,16.1864375,13.435,18.775,0.1,92.2894875,0.351735333333333,0.138554791666667,0.0935465291666667,24.9,23.4982916666667,22.569625,0.1240039625,0.057782375,"filled",175,"2022"
2022-06-25,0.483664233333333,44.3572050020833,5.52238614583333,2.74073370833333,69.9950923038542,17.4830833333333,14.424,21.781,0,128.2951,0.352715958333333,0.138682625,0.0940250020833333,24.7627916666667,23.2845208333333,22.93175,0.17994611875,0.04838575,"filled",176,"2022"
2022-06-26,0.577250570833333,41.2373014875,5.0873338125,2.58336179791667,69.9950923038542,17.0704791666667,14.735,20.838,0,244.378571428571,0.353757604166667,0.1386194375,0.09370625,24.6995833333333,23.31125,22.846875,0.230807610416667,0.112112083333333,"filled",177,"2022"
2022-06-27,0.311993270833333,39.5707088541667,6.4136403125,2.649623625,69.9950923038542,16.7739791666667,13.751,20.251,0,72.968,0.351377791666667,0.139241625,0.0931597208333333,24.4877708333333,23.242375,22.7080416666667,0.196594260416667,0.173552083333333,"filled",178,"2022"
2022-06-28,0.298790108333333,25.019884625,4.08210738541667,2.36798679166667,69.9950923038542,15.8260625,12.645,19.083,0,68.47135,0.351001375,0.137536833333333,0.0911138916666667,24.4,22.6628541666667,21.3532291666667,0.12752405,0.21992875,"filled",179,"2022"
2022-06-29,-0.227645016666667,52.2678485416667,4.04477772916667,2.40907147916667,69.9950923038542,15.5513333333333,12.031,19.176,0,188.5554,0.351509708333333,0.135900041666667,0.0904381958333333,24.250375,22.0685833333333,21.1086666666667,0.45198629375,0.210452916666667,"filled",180,"2022"
2022-06-30,-0.403021496666667,62.3683470291667,7.79375856041667,2.956779875,69.9950923038542,16.919375,11.876,22.737,0,303.821945454545,0.35005,0.136135479166667,0.0929534708333333,23.9458333333333,22.4136875,22.651125,0.521474639583333,0.134171875,"filled",181,"2022"
2022-07-01,0.14909698375,34.8321858125,2.1940600625,2.75776416666667,69.9950923038542,15.6691458333333,12.865,18.842,0,59.7705075,0.349116645833333,0.136367375,0.091559025,23.9,22.8012083333333,22.0048333333333,0.0827524,0.105331833333333,"filled",182,"2022"
2022-07-02,-0.434504622916667,78.7298077770833,11.5058623333333,3.17837666666667,69.9950923038542,17.0353125,12.252,22.861,0,328.122607142857,0.350675020833333,0.1356604375,0.0924243041666667,23.8904166666667,22.5688541666667,23.0148958333333,0.7910429375,0.195815208333333,"filled",183,"2022"
2022-07-03,-0.688466152083333,92.2576885,13.0919625708333,3.565695625,69.9950923038542,17.7566875,13.493,23.664,0,331.92860625,0.350627125,0.137045833333333,0.0932236166666667,23.8432291666667,23.626125,24.4641458333333,0.935409345833333,0.267848541666667,"filled",184,"2022"
2022-07-04,-0.304151414791667,67.4985073958333,5.26024376595745,2.45174858333333,69.9950923038542,17.1314166666667,11.569,22.606,0,230.212433333333,0.3508688125,0.13678125,0.0924840229166667,23.9416666666667,24.155,24.4204583333333,0.764478139583333,0.246390416666667,"filled",185,"2022"
2022-07-05,-0.0322874458333333,35.506555625,2.204118625,2.1922365625,69.9950923038542,16.4924791666667,12.715,21.528,0,72.8372625,0.351,0.136679166666667,0.0912291666666667,24.1991041666667,23.8929583333333,23.0873333333333,0.242693354166667,0.215841041666667,"filled",186,"2022"
2022-07-06,-0.26866854375,57.1291482125,6.69841322916667,3.4270219375,69.9950923038542,17.4528333333333,12.8200000000001,22.841,0,154.492557142857,0.3509465625,0.136804875,0.09070069375,24.2129166666667,23.2874583333333,22.8781875,0.552005260416667,0.215392291666667,"filled",187,"2022"
2022-07-07,0.0556139583333333,38.8365532708333,1.5397753125,3.024421875,69.9950923038542,15.6108333333333,12.394,19.304,0,70.1355333333333,0.349843,0.1361145625,0.0896784729166667,24.2,23.07575,22.0308125,0.146938191666667,0.169087291666667,"filled",188,"2022"
2022-07-08,-0.144060168085106,32.2593714744681,3.45254355319149,3.65083404255319,69.9950923038542,15.3587021276596,13.062,17.578,0,72.4723,0.348084340425532,0.134982255319149,0.0880773085106383,24.1578723404255,22.4736808510638,21.270829787234,0.0665445895833333,0.149672708333333,"filled",189,"2022"
2022-07-09,-0.24404816875,41.9629039791667,6.11964810625,3.70542354166667,69.9950923038542,15.9015833333333,13.063,19.382,0,81.6142125,0.348592354166667,0.133681958333333,0.087515975,23.8992916666667,21.8973958333333,21.0267916666667,0.29315414375,0.140985208333333,"filled",190,"2022"
2022-07-10,-0.360578127083333,63.3276331458333,7.145121424375,3.63349339583333,69.9950923038542,16.4077708333333,13.223,20.0820000000001,0,164.585815384615,0.347609770833333,0.134181916666667,0.0891652833333333,23.7085,22.039375,21.9424583333333,0.53925580625,0.130780229166667,"filled",191,"2022"
2022-07-11,-0.497655391666667,82.3197155625,10.7308437291667,4.30015583333333,69.9950923038542,17.0015833333333,13.049,23.085,0,286.2798125,0.346462479166667,0.134651354166667,0.090527775,23.6171875,22.6583333333333,23.4693125,0.774500664583333,0.164050354166667,"filled",192,"2022"
2022-07-12,-0.223016169565217,45.0210776086957,0.498620667391304,4.08130543478261,69.9950923038542,15.182,13.429,17.656,0,82.3983,0.347252404255319,0.135256744680851,0.0886383,23.6241276595745,23.084914893617,22.1993404255319,0.28023038125,0.188071875,"filled",193,"2022"
2022-07-13,0.801981508695652,71.9037940833333,21.9777336444444,2.69060533333333,69.9950923038542,17.310375,11.502,22.935,0,308.223873333333,0.347446541666667,0.133897833333333,0.08945624375,23.7,22.5850625,22.8027916666667,0.8134278625,0.304923333333333,"filled",194,"2022"
2022-07-14,-0.324747052083333,58.4212270208333,0.0726758229166666,3.42274354166667,63.7791291666667,17.6312708333333,13.038,22.382,0,136.36202,0.348,0.134903541666667,0.08961875,23.7,23.0980625,23.1993541666667,0.704541310416667,0.336719375,"actual",195,"2022"
2022-07-15,-0.171587086956522,57.0110998541667,15.5014360638298,4.106475625,73.1589354166667,17.4326041666667,13.808,22.051,0.1,150.387254,0.348,0.1351979375,0.0897791645833333,23.6947291666667,23.2864791666667,23.3309166666667,0.638133510416667,0.331067916666667,"actual",196,"2022"
2022-07-16,-0.06162489375,37.6989471666667,3.82280310416667,3.04561783333333,70.5004416666667,16.9736875,14.059,21.373,0,94.86806,0.348,0.134853458333333,0.08935903125,23.7179375,23.1931875,22.7797291666667,0.3555869125,0.344635833333333,"actual",197,"2022"
2022-07-17,-0.136804644680851,30.7862879574468,2.05572240425532,3.5591385106383,74.9125,15.8152978723404,12.425,18.738,0,48.00889,0.347990787234043,0.134499936170213,0.0871063808510638,23.7341914893617,22.5253191489362,21.3300638297872,0.127226622916667,0.339109791666667,"actual",198,"2022"
2022-07-18,-0.616738421791667,52.1990989583333,4.32392929166667,4.15806895833333,68.5732895833333,16.8157708333333,13.559,19.658,0,258.030571428571,0.346657645833333,0.134101395833333,0.0872972229166667,23.7,22.1539583333333,21.7436041666667,0.357250597916667,0.390043125,"actual",199,"2022"
2022-07-19,-0.230824872375,40.3857540833333,3.69833661458333,3.53053541666667,69.5960958333333,16.2083125,13.303,20.873,0,117.7762125,0.34519025,0.1337194375,0.0871118104166667,23.5422291666667,22.1197083333333,21.5237916666667,0.33700579375,0.398916875,"actual",200,"2022"
2022-07-20,-1.5097182,50.6641489583333,8.48957056521739,3.28038572916667,78.3964541666667,15.7774375,12.566,20.697,0.1,175.98685,0.346324375,0.132404125,0.0872687458333333,23.4997291666667,21.8490833333333,21.3359583333333,0.55988615625,0.412038125,"actual",201,"2022"
2022-07-21,-0.165085070833333,38.78623475,6.256147,3.48874125,68.1711916666667,16.4273125,12.591,20.694,0,165.72709,0.346819479166667,0.132405520833333,0.0872375,23.3406875,21.8958541666667,21.4395208333333,0.410313129166667,0.43737875,"actual",202,"2022"
2022-07-22,-1.84213908043478,36.0206291489362,3.44810529787234,3.47221744680851,75.3958625,15.5788541666667,12.939,21.044,0,137.597557142857,0.3450619375,0.13234375,0.0866154416666667,23.3,21.7415833333333,21.0651875,0.31432215625,0.403145208333333,"actual",203,"2022"
2022-07-23,-0.363828047916667,55.4021741854167,4.90367345833333,3.569158125,71.1743854166667,16.1285208333333,12.021,21.941,0,227.179016666667,0.345388875,0.131469479166667,0.0875270854166667,23.2110416666667,21.6651875,21.7418541666667,0.572518477083333,0.408500625,"actual",204,"2022"
2022-07-24,-0.461124227083333,63.8634731875,4.78484295833333,3.3455200625,69.2561729166667,16.7116875,11.954,22.011,0,217.551921428571,0.346575,0.132908333333333,0.0882805583333333,23,22.3275416666667,22.7189166666667,0.658300677083333,0.41264375,"actual",205,"2022"
2022-07-25,-0.420084270208333,65.6764844166667,4.00116308958333,3.14078227083333,69.1467666666667,16.5178958333333,12.16,22.149,0,318.479391666667,0.346644479166667,0.1331784375,0.08824375,23.1489583333333,22.7708958333333,23.3179166666667,0.599315245833333,0.397096458333333,"actual",206,"2022"
2022-07-26,-0.547473939583333,65.7176240208333,5.07577570833333,3.77122958333333,66.34375,17.1716875,13.792,22.146,0,171.419159333333,0.346666708333333,0.133192354166667,0.0880097229166667,23.3002083333333,23.2909375,23.7141875,0.660743583333333,0.400244583333333,"actual",207,"2022"
2022-07-27,-0.428200365625,63.7233489583333,3.51719470358333,2.86160645833333,69.19211875,16.5273333333333,11.255,22.235,0,263.904484615385,0.346320854166667,0.1334506875,0.0871583333333333,23.4635833333333,23.2975416666667,23.7277291666667,0.64975625625,0.375145,"actual",208,"2022"
2022-07-28,-0.329070208333333,49.8544234375,0.520668104166667,3.20765547916667,73.0090791666667,16.8615833333333,14.077,21.057,0,143.82515,0.345941666666667,0.132805583333333,0.0874965270833333,23.549,23.6015208333333,23.7104166666667,0.505637345833333,0.369750416666667,"actual",209,"2022"
2022-07-29,-1.21225414255319,47.8749222978723,5.78232590212766,3.46495765957447,75.1328914893617,17.0083404255319,13.891,21.471,0,210.359555555556,0.345509957446809,0.133280127659574,0.0872978765957447,23.6992127659574,23.473085106383,23.5588723404255,0.43165755,0.360989583333333,"actual",210,"2022"
2022-07-30,-1.3843397326087,62.463997875,11.0797857446809,3.26289895833333,80.82299375,16.314,14.2070000000001,19.202,0.2,221.033254545455,0.345698541666667,0.1335784375,0.0862499979166667,23.7,23.3505416666667,23.0552708333333,0.50130429375,0.334675833333333,"actual",211,"2022"
2022-07-31,-0.178818895833333,47.0269141666667,1.88282993333333,2.86601458333333,71.9891229166667,17.0362291666667,13.71,21.668,0,123.77192,0.345642375,0.132753479166667,0.0863750020833333,23.6997291666667,23.1330208333333,22.9248541666667,0.448077845833333,0.339964166666667,"actual",212,"2022"
2022-08-01,-0.0332272625,31.3933634166667,1.59070293541667,3.52447416666667,82.3663875,15.769625,14.738,17.601,0,65.52111,0.346709083333333,0.132459020833333,0.0854555541666667,23.7,22.8726875,21.7763541666667,0.0910134375,0.301437291666667,"actual",213,"2022"
2022-08-02,-0.0250125132608696,26.6845622957447,0.0993283489361702,2.79284319148936,79.0012446808511,15.2592340425532,13.787,17.626,0,29.74285,0.346931829787234,0.130765212765957,0.084074470212766,23.6984468085106,22.0004255319149,20.7723617021277,0.0516846958333333,0.281622708333333,"actual",214,"2022"
2022-08-03,NA,70.9404655656135,31.9057353361409,3.63848618689568,69.9950923038542,18.7957743833067,14.6128068849706,23.9448723761545,1.49181100331317,340.30107632303,0.296080115490063,0.17466515049337,0.126477212394301,25.4051387173863,25.0501671388997,25.1954801929466,0,0.2745975,"filled",215,"2022"
2022-08-04,-2.29301708148148,86.4424396428571,14.5155249962963,4.85698142857143,75.4138448275862,16.3725517241379,13.504,18.733,0,131.647915454545,0.345142482758621,0.129612586206897,0.0857356275862069,23.2986206896552,21.4690689655172,21.8974827586207,0.445928085416667,0.27451375,"actual",216,"2022"
2022-08-05,-0.199294240208333,37.316550875,2.64697335,3.21331645833333,72.2607979166667,15.5367291666667,13.157,19.778,0,173.1135,0.345311104166667,0.129675020833333,0.08498195,23.0235416666667,21.5224583333333,20.9983541666667,0.190235295833333,0.256860625,"actual",217,"2022"
2022-08-06,-0.403420801276596,52.0253555319149,3.97383282978723,2.77612740425532,66.0939595744681,15.9674680851064,10.608,21.316,0,140.508392307692,0.345257446808511,0.129018404255319,0.0846723468085106,22.9848510638298,21.4052340425532,21.3364042553191,0.563627127083333,0.255226041666667,"actual",218,"2022"
2022-08-07,-0.2638622875,42.9189300208333,2.189254275,2.89517375,74.0518104166667,14.7235531914894,10.495,19.279,0,108.3027,0.3448618125,0.129110458333333,0.0840250020833333,22.8018333333333,21.4446875,20.6553541666667,0.393207766666667,0.224587291666667,"actual",219,"2022"
2022-08-08,0.342751433333333,-4.24892966666667,-2.69404908333333,3.10373833333333,70.711936,15.16876,12.944,20.303,0,340.30107632303,0.34278528,0.1290902,0.084112004,22.8,21.72164,21.05956,0,0.220923541666667,"filled",220,"2022"
2022-08-09,-0.3152401625,53.5996110833333,3.8608479125,3.01769129166667,70.317375,16.2327708333333,11.609,21.521,0.1,136.431,0.343461791666667,0.129471541666667,0.08394791875,22.7985833333333,21.4020416666667,21.4382708333333,0.643036408333333,0.226190416666667,"actual",221,"2022"
2022-08-10,-0.149624668571429,30.8281964942857,-2.31547894285714,3.91859542857143,69.9016944444444,16.5380555555556,13.18,22.487,0,148.94422,0.343825,0.130777777777778,0.0858694388888889,22.7654444444444,22.4233888888889,23.3199444444444,0.193178683333333,0.216040625,"actual",222,"2022"
2022-08-11,-1.28551266046512,73.5942380625,21.1855103829787,5.07783416666667,74.5253875,16.3898958333333,13.349,20.544,0,262.926227272727,0.343875020833333,0.131156270833333,0.0854798625,22.79875,22.8213333333333,23.1681875,0.5744975875,0.206159583333333,"actual",223,"2022"
2022-08-12,-0.181673646382979,59.1740810208333,4.9903709375,4.60255395833333,68.3811333333333,15.9971875,12.988,19.878,0,120.2790625,0.343988895833333,0.131413916666667,0.08451319375,22.9614166666667,22.6768333333333,22.4413125,0.437791952083333,0.190051458333333,"actual",224,"2022"
2022-08-13,-0.223183913043478,10.5277424,-1.98939748,3.5411276,73.2000851851852,16.6193703703704,13.254,20.899,0,95.0939,0.343998777777778,0.131635148148148,0.0854179037037037,23,22.8422962962963,23.5263333333333,0.04077176875,0.181328958333333,"actual",225,"2022"
2022-08-14,-0.351658239791667,47.15166725,1.26833289583333,3.454425625,78.4460854166667,15.8956875,12.711,19.618,0,64.3921277777778,0.343998625,0.130101416666667,0.084003475,23.0054166666667,22.3420208333333,21.8660208333333,0.2496813125,0.167576458333333,"actual",226,"2022"
2022-08-15,0.0257640473684211,10.8656771052632,-3.38692978947368,3.57851578947368,73.8578904761905,17.9718571428572,15.121,20.934,0,144.829,0.344,0.131864142857143,0.0861746,23,22.9161428571429,24.2764761904762,0.0931291833333333,0.166603333333333,"actual",227,"2022"
2022-08-16,-0.350686683333333,50.7716813333333,2.19389385416667,3.13616979166667,70.29744375,18.3575625,14.544,23.322,0,182.796215384615,0.344,0.130745125,0.0859645833333333,23.05375,23.1335208333333,24.0167708333333,0.608386958333333,0.171531875,"actual",228,"2022"
2022-08-17,0.302179875862069,-3.80367413793103,-0.521840137931035,3.65241379310345,70.9029066666667,16.2047333333333,13.845,21.035,0,340.30107632303,0.344,0.130991066666667,0.0844188933333333,23.288,23.3863333333333,22.7322666666667,0,0.137964583333333,"filled",229,"2022"
2022-08-18,-0.514913422916667,73.0422123958333,5.5419302625,2.92763645833333,62.6926854166667,16.7149791666667,10.577,23.926,0,319.327857142857,0.344,0.129475020833333,0.0844895854166667,23.3007083333333,22.6490208333333,22.9806875,0.773875908333333,0.133814541666667,"actual",230,"2022"
2022-08-19,-0.493263995833333,71.2445402291667,7.49176327083333,2.81704914583333,58.3211,17.9065208333333,11.115,24.934,0,326.27488125,0.344,0.131032604166667,0.0855194458333333,23.3094583333333,23.4670833333333,24.5907708333333,0.88766624375,0.132601270833333,"actual",231,"2022"
2022-08-20,-0.523572714583333,71.1041474583333,7.18455066291667,3.0563410625,54.3732083333333,19.2889375,12.072,27.285,0,317.81026875,0.344,0.1320743125,0.0859756916666667,23.4741458333333,24.3650625,25.8224583333333,0.860163091666667,0.131078,"actual",232,"2022"
2022-08-21,-0.592258975,83.3816018958333,8.0133218125,3.37012997916667,56.4133208333333,18.8905,11.585,25.679,0,361.82945625,0.343513916666667,0.132957604166667,0.08638819375,23.7170833333333,25.1289583333333,26.5235833333333,0.934475983333333,0.114725854166667,"actual",233,"2022"
2022-08-22,-0.672052610416667,76.1058583541667,1.76198796458333,3.44506452083333,64.5069104166667,17.1316666666667,11.581,23.116,0,317.058,0.3449506875,0.132659020833333,0.084135425,24.0433333333333,25.2199791666667,25.4268958333333,0.715660477083333,0.0906340833333333,"actual",234,"2022"
2022-08-23,0.006122675,31.5091982291667,0.873419625,3.55557520833333,69.2411291666667,15.921,11.779,20.368,0,198.142,0.346031958333333,0.130342375,0.0807033625,24.3174791666667,24.2430625,22.7981041666667,0.12987968125,0.0725987083333333,"actual",235,"2022"
2022-08-24,-0.569652902083333,72.6656444352083,4.30370811458333,3.47839270833333,62.1724520833333,16.3059375,11.627,21.077,0,204.477158823529,0.345665270833333,0.128747229166667,0.0808708375,24.3209583333333,23.21875,22.7237916666667,0.836328277083333,0.101234708333333,"actual",236,"2022"
2022-08-25,-0.151406604166667,39.7461764583333,2.49102313270833,3.56248041666667,72.3966791666667,16.1461875,12.382,19.389,0,91.0338142857143,0.34330625,0.128743729166667,0.07983194375,24.16625,23.0920208333333,22.1836458333333,0.255669935416667,0.165290833333333,"actual",237,"2022"
2022-08-26,-0.523678716666667,66.2251611875,0.676815,3.886466875,72.89545625,17.0440625,14.211,21.623,0,174.092976923077,0.345,0.128398604166667,0.0810138895833333,23.9016666666667,22.9616041666667,23.2011458333333,0.643056414583333,0.2470675,"actual",238,"2022"
2022-08-27,-0.276666993617021,48.3334654468085,1.7748703106383,3.84866319148936,76.5399744680851,15.8363404255319,14.041,18.589,0,126.9866,0.345173042553191,0.128452510638298,0.0805829744680851,23.8971276595745,23.0878510638298,22.4969787234043,0.334981133333333,0.289382916666667,"actual",239,"2022"
2022-08-28,-0.189970841666667,40.71451475,0.5662462125,3.260503125,71.17459375,16.5282083333333,13.432,19.451,0,135.197385714286,0.343986104166667,0.128514625,0.0806631916666667,23.7282291666667,22.8113333333333,22.5226875,0.272459739583333,0.374518958333333,"actual",240,"2022"
2022-08-29,-0.473979328541667,65.9642557708333,2.8283624375,2.984465,65.735475,18.0639583333333,10.992,24.182,0,210.50903125,0.342235416666667,0.1277855,0.0817458375,23.7,22.9656458333333,23.93625,0.855652041666667,0.506909583333333,"actual",241,"2022"
2022-08-30,-0.524843083333333,78.9836149166667,5.66880541666667,3.3858225,60.9609458333333,18.3487083333333,12.516,25.349,0,337.684592352941,0.343086166666667,0.129314541666667,0.0837236083333333,23.7,24.0445416666667,25.706,0.97996268125,0.596487916666667,"actual",242,"2022"
2022-08-31,0.0341545875,33.9379635416667,0.541798541666667,3.25369041666667,69.2515291666667,16.5765416666667,12.682,20.242,0,67.5298,0.342434,0.129988895833333,0.0808555604166667,23.81625,24.3744583333333,23.7204583333333,0.186992333333333,0.583779583333333,"actual",243,"2022"
2022-09-01,-0.31494498125,65.9375207083333,4.81098985416667,2.84315277083333,61.1435166666667,17.5721875,12.39,23.489,0,351.034772727273,0.342417979166667,0.1284534375,0.0812138895833333,23.9008333333333,23.7155416666667,24.6083125,0.691488283333333,0.711544375,"actual",244,"2022"
2022-09-02,0.0285446,25.7961289041667,-0.19202365625,2.892850875,78.447275,15.3886458333333,13.02,18.116,0,17.7302,0.3423333125,0.128195166666667,0.0784013875,23.9685416666667,23.7626666666667,22.4393958333333,0.0237811229166667,0.654886458333333,"actual",245,"2022"
2022-09-03,-0.266644681291667,50.3963966666667,2.70825573333333,3.02092020833333,71.2116479166667,16.5719791666667,12.949,21.764,0,143.236416666667,0.3429784375,0.126223645833333,0.0789833375,23.9527083333333,22.76875,22.3930208333333,0.637436777083333,0.727080208333333,"actual",246,"2022"
2022-09-04,-0.881923680851064,66.600868,3.60687695652174,2.71777159574468,69.4549680851064,17.119085106383,11.363,24.612,0,211.8345,0.344495723404255,0.126663127659574,0.0805262404255319,23.8694893617021,23.1182127659574,23.8562340425532,0.777803825,0.522279166666667,"actual",247,"2022"
2022-09-05,0.200734520833333,56.4623248541667,2.88351245833333,2.628278,65.0116854166667,18.3277083333333,12.804,24.049,0,270.343233333333,0.345217354166667,0.128657666666667,0.08112639375,23.7887916666667,24.0815,25.1585625,0.5390425375,0.511552291666667,"actual",248,"2022"
2022-09-06,0.1794383675,49.0796987104255,10.7875420714286,2.66458744680851,74.156014893617,17.8921063829787,13.972,24.334,5.31063829787234,214.858309090909,0.345368723404255,0.128940425531915,0.0804531872340426,23.9160212765957,24.5424042553192,24.9632553191489,0.403541214583333,0.592364375,"actual",249,"2022"
2022-09-07,0.978574210666667,32.46782075,43.9013875555556,3.43598916666667,81.8779791666667,16.0440833333333,13.756,18.486,0.1,142.42616875,0.344295833333333,0.126486895833333,0.07785555625,24.1479166666667,23.2585,20.9450625,0.200641697916667,0.604826875,"actual",250,"2022"
2022-09-08,0.82054814893617,23.0663570212766,22.8632974468085,2.86460361702128,72.9695936170213,16.2434893617021,13.458,19.34,0,49.56773,0.344792893617021,0.125078042553191,0.0806865276595745,23.978170212766,21.7476170212766,19.8955957446809,0.0530972520833333,0.7074775,"actual",251,"2022"
2022-09-09,0.463497505,29.1120118958333,16.1985075,3.12997416666667,68.4222291666667,16.4460625,11.872,20.141,0,97.4763714285714,0.343633354166667,0.123455583333333,0.0820159708333333,23.63625,21.1093125,19.8605833333333,0.125113170833333,0.7115175,"actual",252,"2022"
2022-09-10,0.242354017021277,49.728051106383,13.9315133404255,2.98231310638298,65.9973574468085,17.3601276595745,11.937,23.696,0,229.109364285714,0.343175170212766,0.124523425531915,0.0855794340425532,23.3333404255319,21.2867446808511,21.4228510638298,0.438564175,0.41678875,"actual",253,"2022"
2022-09-11,-0.148399189583333,64.5874724791667,10.1399965285417,3.0809108125,69.8737333333333,18.1933958333333,13.59,23.955,0,259.006506666667,0.343044375,0.12587575,0.0898020770833333,23.0027083333333,22.458375,23.3705,0.525683475,0.200260208333333,"actual",254,"2022"
2022-09-12,-0.377929104166667,78.7422396875,8.63211264166667,3.07843454166667,70.28779375,18.01275,14.048,23.067,0,370.409846153846,0.343616625,0.127052541666667,0.0917928520833333,23.1441666666667,23.2595,24.3172708333333,0.589374677083333,0.235613333333333,"actual",255,"2022"
2022-09-13,-0.52805321875,62.55378,3.272700625,3.38744585416667,73.4156145833333,16.9838333333333,13.056,21.548,0,213.221415384615,0.342897958333333,0.127227770833333,0.0912618083333333,23.3791875,23.6167291666667,23.6152708333333,0.43532080625,0.264100833333333,"actual",256,"2022"
2022-09-14,-0.181375,40.5420151020833,3.31585548541667,3.42057520833333,65.8546770833333,17.3468125,13.572,21.543,0,146.557042857143,0.342534729166667,0.127290270833333,0.0896909770833333,23.5016875,23.37725,22.9627916666667,0.210107472916667,0.312210208333333,"actual",257,"2022"
2022-09-15,-0.352901110416667,44.3636778958333,2.39315498541667,4.093321875,70.1303416666667,16.7878541666667,12.986,21.06,0,106.980727272727,0.342997208333333,0.126420083333333,0.0871069479166667,23.6228125,22.7174375,21.9018333333333,0.298444175,0.34241,"actual",258,"2022"
2022-09-16,-0.710029564583333,74.5375490208333,4.94641645833333,4.53666833333333,65.9090541666667,17.7813958333333,13.8440000000001,23.14,0,233.456558823529,0.343900666666667,0.126511041666667,0.0877562520833333,23.5022291666667,22.7408333333333,23.1286458333333,0.715297258333333,0.414053333333333,"actual",259,"2022"
2022-09-17,-0.433802489375,58.4937567416667,4.1855898125,3.7810025,72.9829145833333,17.4166875,13.916,21.291,0,154.723439285714,0.344,0.1269285,0.0864326375,23.5,23.2147916666667,23.5176041666667,0.518825689583333,0.443057916666667,"actual",260,"2022"
2022-09-18,-0.31817840625,54.3377364583333,2.71625539583333,3.61276020833333,72.8273520833333,17.0575,12.955,22.447,0,161.796845384615,0.344,0.127031979166667,0.0863874979166667,23.5280625,23.2009791666667,23.2816875,0.527542558333333,0.476344791666667,"actual",261,"2022"
2022-09-19,-0.4545421,86.2184946170213,6.98793212765957,3.46863704255319,67.0983531914894,19.0845319148936,14.386,25.397,0,340.07505,0.343991510638298,0.127816936170213,0.0869645340425532,23.6454893617021,23.8934680851064,25.5542553191489,0.87417634375,0.609408541666667,"actual",262,"2022"
2022-09-20,-0.597512660416667,87.3404886458333,3.08476041666667,3.58937458333333,71.5039625,18.5726666666667,13.852,24.279,0,348.032475,0.343994458333333,0.1293063125,0.0874666708333333,23.7701458333333,25.0464583333333,26.66675,0.877438910416667,0.63214125,"actual",263,"2022"
2022-09-21,-0.521589841666667,86.352503125,5.5075524375,3.77887458333333,64.95635,18.9422916666667,13.556,25.369,0,346.0718625,0.343126395833333,0.129631958333333,0.0866486104166667,24.0710416666667,25.6038333333333,27.1543125,0.905926810416667,0.709575416666667,"actual",264,"2022"
2022-09-22,-0.32570493125,92.3047929166667,3.2125163125,3.67075645833333,66.65275625,18.6755833333333,13.52,24.572,0,387.773842857143,0.344671583333333,0.1304479375,0.0854729125,24.4342916666667,26.0866458333333,27.214625,0.873682595833333,0.742135833333333,"actual",265,"2022"
2022-09-23,-0.975746508333333,89.5360895208333,7.66255364444445,3.4998073125,59.6011520833333,18.7138958333333,11.928,25.071,0,354.808908888889,0.345586791666667,0.130509020833333,0.08399305625,24.7772083333333,26.1378958333333,27.2101875,1.06384885416667,0.803048958333333,"actual",266,"2022"
2022-09-24,-0.670479060416667,94.172199375,2.404656125,3.922161875,63.3955979166667,18.5670416666667,12.012,25.222,0,351.429452941176,0.3450319375,0.130740291666667,0.0829444395833333,24.9485833333333,26.3240833333333,27.2819791666667,1.06485992708333,0.845529375,"actual",267,"2022"
2022-09-25,-1.37436390869565,71.51297,25.0769276086957,4.6658187826087,66.4863425531915,18.586085106383,13.237,23.555,0.51063829787234,304.731333333333,0.345005659574468,0.131298617021277,0.0805432659574468,25.1234042553192,26.2069787234043,26.0137446808511,0.937937760416667,0.878055833333333,"actual",268,"2022"
2022-09-26,-0.7840218125,97.5734929166667,3.66418241666667,4.29769395833333,64.7806791666667,18.7769791666667,13.635,24.033,0,338.905047058824,0.345025625,0.129773604166667,0.0808083333333333,25.3789583333333,25.63725,26.5070833333333,1.13798298541667,0.943293541666667,"actual",269,"2022"
2022-09-27,-0.88210275625,103.748211916667,3.70832400770833,4.12936460416667,61.16505625,18.3887708333333,12.168,24.31,0,376.5836,0.345,0.130643041666667,0.0812791666666667,25.3910416666667,26.1746875,27.2361875,1.25957118958333,0.9701,"actual",270,"2022"
2022-09-28,-0.55640191875,84.1390347708333,7.58262433333333,3.59437466666667,57.9315958333333,18.7147083333333,12.756,25.034,0,324.813107647059,0.345,0.130730541666667,0.0805395854166667,25.4016458333333,26.5220208333333,27.4478958333333,1.13766360416667,1.05189458333333,"actual",271,"2022"
2022-09-29,-0.71214389375,85.8462135625,1.91699241666667,3.6613585625,59.131325,18.7664375,12.602,25.289,0,337.08924875,0.344963166666667,0.130425708333333,0.0796826395833333,25.5682083333333,26.6242916666667,27.3054375,0.945743916666667,1.01101666666667,"actual",272,"2022"
2022-09-30,-0.504574579166667,72.4025539583333,-0.389662083333333,3.65771125,68.1767166666667,18.3374375,14.426,23.574,0,206.536046666667,0.3449333125,0.1302145625,0.0790486125,25.6225,26.6332708333333,27.258375,0.536274952083333,0.851207291666667,"actual",273,"2022"
2022-10-01,1.39716433111111,45.6632524893617,41.6554857391304,3.2574884375,70.87728125,18.428625,14.393,24.965,13.4,341.92948,0.344791645833333,0.129290270833333,0.105082602083333,25.8589583333333,26.476125,25.7538333333333,0.336823864583333,0.685778958333333,"actual",274,"2022"
2022-10-02,3.12521016666667,43.327409,77.4706708333333,3.218833625,64.3064083333333,19.4207291666667,14,25.918,0,337.4003125,0.346436166666667,0.126511854166667,0.19096525,25.8360416666667,24.6304791666667,22.9711666666667,0.215488127083333,0.503938958333333,"actual",275,"2022"
2022-10-03,1.31116988723404,52.5635498510638,32.2450611531915,3.04216655319149,63.2909145833333,18.8822708333333,12.783,25.6,0,392.881475,0.344282666666667,0.126263208333333,0.184722166666667,25.5311666666667,24.3156458333333,23.4753958333333,0.126632629166667,0.47795875,"actual",276,"2022"
2022-10-04,0.687937291666667,47.1359443541667,22.1225322145833,3.54070629166667,65.63235625,18.6573958333333,12.621,25.662,0,277.698182142857,0.345,0.1265541875,0.176412458333333,25.296875,24.4379166666667,23.9428125,0.27479765,0.694845416666667,"actual",277,"2022"
2022-10-05,0.666341195744681,55.2765828085106,17.4917731276596,3.81171912765957,66.6218833333333,18.7852916666667,13.836,25.265,0,396.04056,0.345,0.126697208333333,0.167908354166667,25.0993125,24.3485416666667,23.9518333333333,0.283203616666667,0.663625625,"actual",278,"2022"
2022-10-06,0.136470214583333,75.7951387916667,14.773889375,4.16577541666667,69.7249,18.5134583333333,14.151,24.236,0,297.771457142857,0.345,0.1275041875,0.161731854166667,24.9537916666667,24.5400833333333,24.5888125,0.3587394875,0.321057083333333,"actual",279,"2022"
2022-10-07,0.475791795833333,51.42686896875,11.2241985208333,3.93303520833333,65.63831875,18.6741875,14.441,23.879,0,199.264571428571,0.344994458333333,0.128295166666667,0.153093770833333,24.9004375,24.6120208333333,24.12225,0.288768770833333,0.140754958333333,"actual",280,"2022"
2022-10-08,-0.202013631914894,74.8339037021277,11.5372976808511,3.90630340425532,60.2558914893617,18.146085106383,12.426,24.777,0,381.557669230769,0.345,0.127590042553191,0.145585808510638,24.9,24.4303829787234,24.4046808510638,0.357263047916667,0.128339229166667,"actual",281,"2022"
2022-10-09,-0.491851008333333,88.3964082291667,9.4452204375,3.68485239583333,58.3317083333333,18.3641666666667,14.161,23.397,0,319.228566875,0.345,0.128937583333333,0.139352729166667,24.9,24.8466041666667,25.1204583333333,0.429780229166667,0.122482541666667,"actual",282,"2022"
2022-10-10,-0.455994291666667,71.0034894106383,17.3423547916667,3.15527335416667,58.2925,18.8929791666667,13.256,24.274,0,310.305694285714,0.344995166666667,0.129943729166667,0.132854854166667,24.9002916666667,25.1570208333333,25.4088541666667,0.402655085416667,0.120868770833333,"actual",283,"2022"
2022-10-11,-0.494996729166667,93.2733485416667,8.8696878125,3.342235375,60.9401583333333,18.2470625,12.491,24.484,0,330.251588888889,0.344221520833333,0.130200729166667,0.127248645833333,25.035125,25.2718125,25.9202916666667,0.542610135416667,0.108393145833333,"actual",284,"2022"
2022-10-12,-0.408861308333333,75.1682719583333,8.89542535416667,3.29001564583333,53.0164708333333,18.702,11.284,25.315,0,301.019802941176,0.344702770833333,0.130989583333333,0.122015291666667,25.1,25.7535833333333,26.2342708333333,0.491913364583333,0.1056208125,"actual",285,"2022"
2022-10-13,-0.322673439791667,82.49905806875,5.982882875,3.247818875,54.4252791666667,18.9364791666667,13.18,25.629,0,352.250106666667,0.3468596875,0.130966604166667,0.117936854166667,25.2925,25.9368958333333,26.4257291666667,0.5372355375,0.0995768125,"actual",286,"2022"
2022-10-14,-0.862730336170213,70.7312879702128,5.41854166595745,3.67227391489362,56.8302106382979,18.4231914893617,12.284,25.038,0,392.359,0.346995723404255,0.131699276595745,0.113656787234043,25.4,26.0323404255319,26.0454468085106,0.46922155625,0.0884015416666667,"actual",287,"2022"
2022-10-15,-0.692488944708333,84.3207220833333,2.82861397708333,3.8005675,60.5001895833333,18.4661875,11.665,25.025,0,320.501671176471,0.345688895833333,0.131084104166667,0.110360416666667,25.532625,25.9732083333333,26.553125,0.602896283333333,0.0818878333333333,"actual",288,"2022"
2022-10-16,-0.712459035416667,97.6286043958333,2.56867958333333,4.584985625,61.8815625,19.6061041666667,13.579,25.571,0,357.707005294118,0.345094458333333,0.132108375,0.107879895833333,25.6,26.4436875,27.4747291666667,0.671634675,0.08041125,"actual",289,"2022"
2022-10-17,-0.574714884583333,93.3129542916667,3.85888104166667,4.182123125,63.5084895833333,20.1237708333333,14.682,25.833,0,303.060115,0.345871479166667,0.132478541666667,0.104709785416667,25.7229166666667,27.0232083333333,28.2265208333333,0.658083820833333,0.074796125,"actual",290,"2022"
2022-10-18,-0.727280262083333,97.0815793958333,1.650128375,4.248933125,67.4297375,19.5962291666667,15.825,24.486,0,304.718743333333,0.346795770833333,0.132474270833333,0.100631289583333,25.9304166666667,27.2779166666667,28.2035416666667,0.7033111375,0.0639957291666667,"actual",291,"2022"
2022-10-19,-0.65433676875,84.8397864375,2.87905791666667,4.338590625,65.6538416666667,19.2763958333333,14.467,24.794,0,295.0566,0.3489208125,0.132459729166667,0.0971249625,26.1966666666667,27.2568958333333,27.8942916666667,0.698793120833333,0.0551422916666667,"actual",292,"2022"
2022-10-20,-0.427530354166667,79.7160495,2.800648625,3.92758833333333,67.10925,18.7883958333333,13.385,24.816,0,258.54928125,0.349,0.132990229166667,0.0941632104166667,26.3271875,27.0015833333333,27.2647083333333,0.635873058333333,0.0461496875,"actual",293,"2022"
2022-10-21,-0.360272933333333,74.9806879166667,9.082838125,3.7394273125,62.1039083333333,19.3728541666667,14.218,25.903,0,361.025384615385,0.348997229166667,0.1327819375,0.0923319458333333,26.3998541666667,26.8372291666667,27.3250833333333,0.644004264583333,0.040081875,"actual",294,"2022"
2022-10-22,-0.586470854166667,91.925034375,7.87587264583333,3.984675,57.10421875,19.5252083333333,13.208,25.981,0,363.487323529412,0.348847270833333,0.1324855,0.0907548583333333,26.4,27.01,28.0259166666667,0.864034333333333,0.0325096875,"actual",295,"2022"
2022-10-23,-0.736752958333333,96.6126479166667,4.20835166666667,4.03050416666667,61.4670791666667,19.96375,14.312,25.604,0,312.810788888889,0.348738916666667,0.132711125,0.0895479125,26.4,27.3626458333333,28.367375,0.891894125,0.0642232083333333,"actual",296,"2022"
2022-10-24,-0.66990665625,94.0841708333333,6.00615739583333,3.72631297916667,60.3209604166667,20.7817291666667,14.728,27.138,0,348.801636842105,0.348872291666667,0.133463895833333,0.0883736104166667,26.559375,27.7876875,29.4683958333333,1.01760001875,0.167034166666667,"actual",297,"2022"
2022-10-25,-0.628577583333333,88.854485,4.17291777083333,3.69885479166667,59.09203125,20.8416458333333,15.024,26.658,0,335.488915555556,0.348983354166667,0.133793083333333,0.0871006958333333,26.7027708333333,28.2439583333333,29.6444583333333,1.00330550625,0.2698475,"actual",298,"2022"
2022-10-26,-0.885231377083333,97.358621575,-0.3780705,4.59025458333333,63.8080375,20.3828958333333,15.265,25.74,0,370.12225,0.348473604166667,0.133901375,0.0852548645833333,26.8769583333333,28.3296041666667,29.3035,1.01953300833333,0.364342916666667,"actual",299,"2022"
2022-10-27,-1.19785528541667,97.6221834166667,3.42406964583333,4.167790625,65.3315270833333,20.2126458333333,15.262,25.503,0,306.23675,0.348056916666667,0.133754166666667,0.0835673645833333,27.0495833333333,28.215625,29.3141458333333,1.01412951875,0.461632291666667,"actual",300,"2022"
2022-10-28,-0.350967536956522,83.0590670652174,5.98361352173913,3.52674934782609,64.7018170212766,20.5318085106383,15.23,26.723,0,350.516593333333,0.34804129787234,0.133922234042553,0.083063829787234,27.1952340425532,28.4035531914894,29.4914468085106,0.96915814375,0.568207083333333,"actual",301,"2022"
2022-10-29,-0.586372686666667,81.0909285111111,3.83684578666667,4.11638311111111,61.3719531914894,20.5943617021277,15.286,26.198,0.408510638297872,321.795258823529,0.348038255319149,0.133602723404255,0.0819683255319149,27.2197872340426,28.4407872340426,29.546914893617,1.10024152083333,0.670415416666667,"actual",302,"2022"
2022-10-30,-0.847343737291667,99.330489375,3.7103345625,4.13342895833333,63.6629541666667,19.7159166666667,14.929,25.098,0,367.679464705882,0.348066666666667,0.133171520833333,0.0810611104166667,27.4560416666667,28.3931875,29.4096041666667,1.32939182291667,0.74571875,"actual",303,"2022"
2022-10-31,-0.779366125,93.2262844375,1.67720479166667,4.76100229166667,69.0912708333333,19.8233125,15.631,25.338,0,283.856270588235,0.3482951875,0.13242775,0.0798194416666667,27.5007708333333,28.3017291666667,28.9976458333333,1.21957880833333,0.846830416666667,"actual",304,"2022"
2022-11-01,0.131293797916667,76.9499383125,11.4043575,4.39188375,79.4470333333333,18.8405,16.123,23.33,0.2,305.452663636364,0.349531916666667,0.131245104166667,0.0775381958333333,27.5,27.9664375,27.8968958333333,0.811044266666667,0.901288125,"actual",305,"2022"
2022-11-02,-0.86729054375,87.6170991458333,0.5273417875,4.90227270833333,78.0192416666667,18.9473125,16.21,23.062,0,255.598323571429,0.348727,0.130520083333333,0.0772180541666667,27.498125,27.2084375,27.4433333333333,0.955384933333333,0.896910208333333,"actual",306,"2022"
2022-11-03,3.67653506382979,38.6232876595745,77.3266589583333,3.44821208333333,82.41266875,18.0747708333333,15.209,21.561,6.7,248.77795,0.345138854166667,0.12908475,0.0758722291666667,27.2477083333333,26.5608541666667,24.6056875,0.637712220833333,0.817844166666667,"actual",307,"2022"
2022-11-04,1.04021293617021,64.4502532553192,38.9140900638298,3.82904957446809,68.4493021276596,19.5672127659574,15.152,25.023,0,305.494741176471,0.345772340425532,0.127437595744681,0.0817,27.0421276595745,25.1941489361702,24.8172553191489,1.19545849583333,0.821470833333333,"actual",308,"2022"
2022-11-05,-0.322277639583333,94.3506439166667,24.2399672708333,4.708138125,68.94250625,19.8251041666667,14.71,25.149,0,365.752238888889,0.347433979166667,0.1278153125,0.0872611104166667,26.7090416666667,25.6817083333333,26.0840416666667,1.34738362291667,0.781540416666667,"actual",309,"2022"
2022-11-06,-0.4124137375,83.6522971208333,9.5257296875,4.79777104166667,75.33331875,19.4808541666667,15.867,24.558,0,262.121858823529,0.345150666666667,0.128187520833333,0.0904340270833333,26.4075,26.0853958333333,26.1752916666667,0.993093427083333,0.721152083333333,"actual",310,"2022"
2022-11-07,-1.11947872916667,86.6410367083333,12.4466710833333,4.9037275,73.8601083333333,19.5811458333333,16.076,24.389,0,303.77719375,0.3451451875,0.1279381875,0.0922673645833333,26.4,26.04875,26.1481875,1.02212292083333,0.674763125,"actual",311,"2022"
2022-11-08,-0.714017541666667,99.2195992916667,9.97810291666667,4.07912979166667,67.338275,19.614625,15.501,24.691,0,352.19965,0.344790916666667,0.1285555625,0.094254175,26.4,26.2464375,26.9963333333333,1.17596791458333,0.626647708333333,"actual",312,"2022"
2022-11-09,-0.814789820833333,98.829885375,7.95049632708333,4.24204125,65.5338354166667,19.755,15.418,24.697,0,328.687727368421,0.345155479166667,0.128720854166667,0.0943965354166667,26.4,26.671,27.4429375,1.12495122708333,0.58054875,"actual",313,"2022"
2022-11-10,-0.648677091666667,87.5844186458333,7.586211125,4.80576020833333,67.1367645833333,20.1379583333333,16.136,25.141,0,292.299105882353,0.345816645833333,0.129458270833333,0.0930374958333333,26.4277083333333,26.9128541666667,27.4187916666667,0.938220885416667,0.539392291666667,"actual",314,"2022"
2022-11-11,-0.990331164583333,111.771984375,3.80929103125,5.16326145833333,70.45413125,19.6257916666667,16.215,24.426,0,356.249758235294,0.3465013125,0.1295451875,0.0913090291666667,26.6752083333333,26.9807708333333,27.7584583333333,1.00760826458333,0.478673333333333,"actual",315,"2022"
2022-11-12,-1.73923165208333,77.1114795625,0.732827916666667,4.61330645833333,79.43635,18.4645625,15.901,22.405,0,201.429862142857,0.346624270833333,0.12930975,0.0884437479166667,26.7,26.8285833333333,26.5778333333333,0.524333708333333,0.408182083333333,"actual",316,"2022"
2022-11-13,-0.726868172916667,76.3128744166667,0.696403416666667,3.52421125,73.57199375,19.1699375,15.358,23.504,0,214.002494444444,0.346786104166667,0.1281041875,0.0862104104166667,26.7,26.3708958333333,26.6528333333333,0.69837773125,0.372645416666667,"actual",317,"2022"
2022-11-14,-0.227722708333333,50.1322721041667,4.51250775,3.32392166666667,76.3845020833333,18.8343541666667,16.3,22.845,0.6,74.7907453846154,0.347063166666667,0.12760625,0.0842118,26.7,26.1863958333333,25.8733541666667,0.201213979166667,0.319379583333333,"actual",318,"2022"
2022-11-15,0.756864708333333,38.0192447916667,43.6532620625,3.3338399375,84.1889708333333,18.2146041666667,16.247,22.613,1.3,149.8961625,0.347566645833333,0.126622229166667,0.0812777770833333,26.5708333333333,25.4191666666667,24.102875,0.290575066666667,0.264001875,"actual",319,"2022"
2022-11-16,2.50500157446809,39.8595334604167,52.1653152916667,3.78494458333333,87.1059979166667,17.6266666666667,15.708,21.447,2.5,176.994028571429,0.344622208333333,0.124801416666667,0.0797236083333333,26.3395833333333,24.3532083333333,22.9375208333333,0.38241296875,0.211321666666667,"actual",320,"2022"
2022-11-17,2.80452470212766,23.9617691787234,49.4336955319149,3.43815482978723,81.8642042553192,17.3573829787234,14.59,20.676,1.22553191489362,129.424607,0.345222659574468,0.123587234042553,0.0798212787234043,26.0068085106383,23.4805531914894,21.8027446808511,0.192471620833333,0.163435833333333,"actual",321,"2022"
2022-11-18,-0.389026479166667,74.1658789041667,25.1289692441667,4.06780958333333,75.2247958333333,18.7203958333333,14.798,24.326,0,308.32592,0.343031229166667,0.124328458333333,0.0832486083333333,25.5441666666667,23.3926875,23.4206458333333,0.576413622916667,0.187898541666667,"actual",322,"2022"
2022-11-19,-0.829948052083333,90.7716301708333,10.1830640975,4.97767545833333,78.9887979166667,18.7876041666667,15.745,22.979,0,283.368825,0.343400708333333,0.124965979166667,0.08544513125,25.2920833333333,24.0955208333333,24.5791458333333,0.630584552083333,0.343779583333333,"actual",323,"2022"
2022-11-20,-0.545429941666667,77.5670487916667,7.72944658695652,3.7104710625,74.3847791666667,19.0685416666667,14.692,24.045,0,244.926700625,0.34461375,0.125166583333333,0.086833375,25.1,24.668,25.3465416666667,0.612970364583333,0.514166458333333,"actual",324,"2022"
2022-11-21,0.515375929166667,85.6983780208333,13.9330782553191,4.07353379166667,75.2286416666667,19.1942708333333,14.867,23.922,6.6,276.409823529412,0.344052770833333,0.126028583333333,0.087115275,25.2120833333333,25.0949375,25.7014791666667,0.78847795,0.68353875,"actual",325,"2022"
2022-11-22,2.10206576875,59.4489313958333,60.8814222916667,4.50221229166667,79.6212833333333,19.0801875,16.249,24.439,0.1,273.363541176471,0.343395166666667,0.1256924375,0.086053475,25.39375,24.7894375,23.8171666666667,0.684449572916667,1.04614333333333,"actual",326,"2022"
2022-11-23,0.147219533333333,78.7741339583333,32.33822148125,4.44698985416667,81.3246479166667,18.2543541666667,15.689,23.314,0,327.93,0.343004166666667,0.125247208333333,0.0894173583333333,25.38375,24.2636666666667,23.9473541666667,0.52953055625,1.55284791666667,"actual",327,"2022"
2022-11-24,1.463560375,51.6590923958333,102.785056625,4.30615229166667,81.3900458333333,17.8844791666667,14.484,22.08,17.9,333.475264705882,0.343032708333333,0.125334020833333,0.276429875,25.1135416666667,23.7761875,22.2101458333333,0.436511633333333,1.65799583333333,"actual",328,"2022"
2022-11-25,1.96433173541667,69.84212376875,56.9885979166667,4.39359479166667,77.75328125,18.1339791666667,15.155,22.11,0.4,374.41015625,0.342920854166667,0.1267874375,0.2633458125,25.0366666666667,23.2458541666667,22.6676041666667,0.3299249125,1.37121875,"actual",329,"2022"
2022-11-26,1.437149,72.9950180434783,35.4788122173913,3.70238273913043,73.7034617021277,18.1768936170213,14.504,23.122,0,368.108225,0.341731212765957,0.128238744680851,0.250980829787234,24.8972978723404,23.5507234042553,23.4033404255319,0.345076304166667,1.05801375,"actual",330,"2022"
2022-11-27,0.69789240625,69.0746373125,28.03851175,3.9550425,75.0427583333333,18.6477916666667,14.297,24.06,0,274.625677777778,0.341239604166667,0.1306014375,0.241083354166667,24.7833125,23.9516041666667,23.828,0.5267836375,0.755015,"actual",331,"2022"
2022-11-28,-0.0883128916666667,63.8506886458333,22.4223041666667,4.47898395833333,79.79645,18.6378958333333,16.023,23.177,0,295.122824615385,0.342605541666667,0.130977791666667,0.233152041666667,24.8059375,24.1012291666667,23.88,0.557676683333333,0.659702291666667,"actual",332,"2022"
2022-11-29,0.794459638297872,47.7203804166667,50.4442713541667,4.28958333333333,85.2655020833333,17.6973333333333,15.313,22.04,3.5,281.08075,0.34364725,0.130582666666667,0.223031229166667,24.8781666666667,23.6894583333333,22.5837291666667,0.578889822916667,0.663752916666667,"actual",333,"2022"
2022-11-30,1.19927567234043,48.4630766666667,66.2798077833333,4.39785104166667,86.0545166666667,17.6172083333333,15.561,22.254,4.2,307.217386666667,0.342795770833333,0.129754104166667,0.215699333333333,24.7248541666667,22.7518958333333,21.5804791666667,0.820527635416667,0.594384791666667,"actual",334,"2022"
2022-12-01,0.904700725531915,55.859744,70.1524794680851,4.93865106382979,79.2382191489362,18.233085106383,14.967,23.541,0.51063829787234,359.798182352941,0.341708531914894,0.12976814893617,0.229656021276596,24.5446808510638,22.4820638297872,22.0008936170213,1.17184558125,0.351116041666667,"actual",335,"2022"
2022-12-02,-0.400859379166667,62.68204675,42.5027711041667,3.98208495833333,72.8089625,18.807,14.342,24.331,0,301.743973684211,0.341737375,0.131232645833333,0.228690979166667,24.3335208333333,22.8102916666667,22.7390416666667,1.25433622083333,0.215113125,"actual",336,"2022"
2022-12-03,-0.2733926625,66.2025071458333,30.2900465625,4.5503935,80.9187333333333,18.5298958333333,15.496,23.239,0,328.84648,0.3419840625,0.1322979375,0.218424229166667,24.2,23.0680625,23.0643958333333,1.16181327916667,0.223024375,"actual",337,"2022"
2022-12-04,0.235019083333333,36.2913896166667,109.5392886875,4.30545126666667,83.9161333333333,18.1059791666667,15.097,21.481,14.8,349.16871875,0.342054166666667,0.132012479166667,0.293783375,24.2,23.0158125,21.9021875,1.44111034166667,0.230708333333333,"actual",338,"2022"
2022-12-05,0.351707791666667,48.5273259791667,82.632373125,4.02064829166667,78.7858895833333,18.6830416666667,15.848,23.248,0.6,403.0763125,0.342005541666667,0.131973604166667,0.292104875,24.184375,22.4010416666667,22.3643125,1.73471066458333,0.245590208333333,"actual",339,"2022"
2022-12-06,-0.814200151458333,62.0345701666667,61.5273065208333,3.564329875,76.3237833333333,19.4781458333333,15.866,24.137,0,388.217411111111,0.342070791666667,0.134317375,0.269642395833333,23.9039583333333,23.189875,23.994375,2.29364864375,0.804640833333333,"actual",340,"2022"
2022-12-07,-0.372259617021277,64.2986129148936,68.9458993617021,4.19413659574468,75.556729787234,19.6172978723404,16.366,24.212,0.408510638297872,416.231117647059,0.342001425531915,0.13607870212766,0.254306404255319,24.0551063829787,24.2497021276596,25.129170212766,3.28688167708333,2.09731875,"actual",341,"2022"
2022-12-08,-1.86172008333333,80.64560625,51.95796861875,4.673436875,76.6015583333333,19.531125,16.336,24.045,0,385.9185,0.342222208333333,0.136211770833333,0.241270854166667,24.3046666666667,24.7140416666667,25.42875,3.29286173958333,2.01515833333333,"actual",342,"2022"
2022-12-09,-0.937432541666667,53.5428455625,36.6099688958333,3.46306460416667,76.641875,18.8927916666667,15.904,24.953,0,323.626842857143,0.343967333333333,0.13589375,0.225963166666667,24.55,24.9941875,25.3100416666667,2.2123868,0.843187291666667,"actual",343,"2022"
2022-12-10,-1.06373552083333,41.7308383895833,26.3638766041667,2.70154141666667,76.0460125,18.9300208333333,15.388,24.041,0,185.299315,0.342301354166667,0.135282604166667,0.210085416666667,24.7139166666667,24.4915833333333,24.1740416666667,1.5969297,0.353874166666667,"actual",344,"2022"
2022-12-11,-1.23302736458333,64.8524176666667,31.9388641875,3.54502920833333,74.9111395833333,19.5160416666667,15.579,24.565,0,369.8514,0.34236,0.136085916666667,0.196780291666667,24.7993958333333,24.4548958333333,25.0594791666667,1.95516875833333,0.390080416666667,"actual",345,"2022"
2022-12-12,-0.3222653125,29.6082308875,44.0198893541667,3.35810066666667,85.1682270833333,17.6045833333333,15.753,20.618,1.3,116.546357142857,0.34419725,0.1357770625,0.182182625,24.8705416666667,24.2220833333333,23.0439166666667,1.28360481666667,0.39665375,"actual",346,"2022"
2022-12-13,0.206170958333333,70.7684242708333,61.8060947708333,4.420306875,83.6847,17.7345,14.863,22.606,2.7,351.087329411765,0.342933291666667,0.1348833125,0.174940291666667,24.8296041666667,23.2300625,23.1013333333333,2.04861343333333,0.426331875,"actual",347,"2022"
2022-12-14,-1.56549347916667,75.2050181458333,32.3521384729167,3.770363375,78.5533375,18.3845,13.71,23.412,0,325.593977777778,0.343055541666667,0.134430583333333,0.1662256875,24.6975,23.4670416666667,23.7009791666667,2.01560462916667,0.496561041666667,"actual",348,"2022"
2022-12-15,-1.37513746041667,86.7855718520833,27.4421596041667,3.79809095833333,77.1413958333333,18.724375,14.677,24.177,0,371.608894117647,0.344,0.134909041666667,0.158820854166667,24.6010416666667,24.0980208333333,24.9839791666667,1.82086564375,0.615497916666667,"actual",349,"2022"
2022-12-16,-0.911854514583333,83.4396202708333,19.3939577916667,3.7885835,75.6105083333333,19.3245208333333,14.834,24.577,0,332.213447058824,0.342658354166667,0.134760458333333,0.1499214375,24.6616666666667,24.7566041666667,25.639875,1.71889316666667,0.667487708333333,"actual",350,"2022"
2022-12-17,-0.901885875,89.4162737083333,16.881679625,4.19472239583333,74.4914979166667,19.5246041666667,14.814,24.876,0,359.019761111111,0.342734708333333,0.134732708333333,0.144081875,24.7777708333333,25.3308333333333,26.5340208333333,1.67611402916667,0.621800833333333,"actual",351,"2022"
2022-12-18,-0.876955036170213,92.5662544680851,14.2085857021277,4.13728206382979,71.840570212766,19.7306382978723,15.006,24.786,0,323.019288888889,0.34489,0.134249659574468,0.13904329787234,24.9588510638298,25.851085106383,26.9887446808511,1.53957374166667,0.574555416666667,"actual",352,"2022"
2022-12-19,-0.396333860416667,69.1889054279167,12.6715648958333,3.58706654166667,67.1363708333333,19.689625,14.658,24.985,0,316.810664285714,0.343974270833333,0.1346833125,0.134532625,25.2220833333333,26.0263333333333,26.5923125,1.09343375208333,0.523893125,"actual",353,"2022"
2022-12-20,-1.01044475199792,95.8185677916667,10.4890090875,3.97189675,60.9291333333333,20.1603333333333,15.69,25.286,0,320.888038888889,0.344213916666667,0.134997208333333,0.131529979166667,25.4018541666667,25.9702083333333,26.8856041666667,1.35203615416667,0.484859583333333,"actual",354,"2022"
2022-12-21,-0.48273366875,81.109104,9.28582910765958,3.15470427083333,63.5846208333333,20.0566666666667,15.874,25.465,0,265.991864705882,0.346119416666667,0.134858354166667,0.1265729375,25.5685833333333,26.170625,26.9331875,1.2044654625,0.439597291666667,"actual",355,"2022"
2022-12-22,-0.722334541666667,77.4683169166667,0.711426477083333,4.09628804166667,71.68595,19.7884791666667,15.884,24.244,0,180.971438888889,0.345953458333333,0.134826375,0.122918041666667,25.615,26.26575,26.5820833333333,1.12139722083333,0.363930416666667,"actual",356,"2022"
2022-12-23,-0.881797211458333,96.7462435833333,2.9233680625,4.66160220833333,76.67970625,19.5468333333333,15.279,25.029,0,301.364360588235,0.345258333333333,0.134365979166667,0.119497916666667,25.8739583333333,26.1156875,26.9052291666667,1.15724640416667,0.260241458333333,"actual",357,"2022"
2022-12-24,-0.52385161875,92.8969318166667,2.18333102083333,4.0335429375,75.6768041666667,19.7753125,14.618,25.191,0,299.644764705882,0.345219458333333,0.1345104375,0.1166215,25.9,26.476625,27.4065208333333,1.06620732916667,0.16024375,"actual",358,"2022"
2022-12-25,-0.694729366666667,87.3114587770833,4.66721027083333,4.44407916666667,73.2155020833333,19.9932291666667,15.608,25.106,0,257.331409444444,0.3444083125,0.134378458333333,0.1141548125,25.9022916666667,26.7016041666667,27.6051666666667,1.02699237708333,0.0606492916666667,"actual",359,"2022"
2022-12-26,-0.823499051875,84.204772675,2.96297579166667,4.22435725,71.8815270833333,20.0370416666667,14.837,25.485,0,306.6938,0.3462493125,0.134186833333333,0.110469458333333,26.1375,26.6292291666667,27.2071875,0.972938020833333,0.0459619166666667,"actual",360,"2022"
2022-12-27,-0.339644641041667,58.0248222291667,2.79473683333333,3.77189895833333,80.423025,18.7516458333333,16.79,22.706,0,178.638027272727,0.347447875,0.133673708333333,0.106695145833333,26.2,26.4029791666667,26.2878333333333,0.549743852083333,0.0738210208333333,"actual",361,"2022"
2022-12-28,-0.837620927083333,83.0561164583333,1.4203193125,4.25414308333333,71.7749208333333,19.2482708333333,15.392,23.727,0,249.099470588235,0.347681895833333,0.132481208333333,0.104575708333333,26.2,25.8787083333333,26.1533541666667,1.07698984583333,0.0979436041666667,"actual",362,"2022"
2022-12-29,-0.75122833125,69.3196689166667,-1.83513152083333,4.95916041666667,68.5253729166667,18.8594583333333,14.625,23.781,0,195.702673125,0.346863875,0.132788145833333,0.101326404166667,26.1956875,25.7205625,25.4737708333333,0.869702714583333,0.1032358125,"actual",363,"2022"
2022-12-30,-1.10497090208333,89.9990821875,4.1032306875,4.50722,65.2688416666667,18.5805208333333,13.9450000000001,23.492,0,278.366994444444,0.344877770833333,0.1323548125,0.0992243041666667,25.94625,25.2027291666667,25.344,1.16574244375,0.108814083333333,"actual",364,"2022"
2022-12-31,-1.09229980208333,101.608350625,8.1933276875,4.50898625,60.86521875,18.7439166666667,13.611,23.83,0,326.381005555556,0.345773604166667,0.132261020833333,0.0984347125,25.9,25.3220833333333,25.7131458333333,1.237250125,0.117058666666667,"actual",365,"2022"
2023-01-01,-0.998395176595745,92.531330106383,1.45528278085106,4.63373010638298,62.722014893617,19.249829787234,14.115,24.18,0,280.227994444444,0.345920489361702,0.132304255319149,0.0968113404255319,25.8402127659574,25.4362553191489,25.9381063829787,1.1223959625,0.1278294375,"actual",1,"2023"
2023-01-02,-0.34926725,62.8403542083333,14.0065738541667,4.88367041666667,72.7064770833333,17.9770416666667,13.75,23.008,0.1,211.085261538462,0.345929145833333,0.131405583333333,0.09293680625,25.67625,25.0620208333333,24.5235416666667,0.701393420833333,0.124546125,"actual",2,"2023"
2023-01-03,0.640421756818182,31.1041858276596,75.9867164042553,5.48099978723404,87.7837787234043,17.2531276595745,15.4450000000001,20.818,10.6212765957447,214.324491666667,0.346174468085106,0.130259553191489,0.090583685106383,25.6,24.348170212766,23.0550212765957,0.646272579166667,0.123454791666667,"actual",3,"2023"
2023-01-04,0.0987761458333334,18.3401413333333,63.0661945833333,4.6511475,89.2499479166667,16.9374791666667,15.211,19.176,4.8,103.8317,0.343545833333333,0.127616666666667,0.0902534666666667,25.4907916666667,22.8387916666667,20.36625,0.3427808125,0.1260975,"actual",4,"2023"
2023-01-05,0.29149475625,49.2354758958333,67.8357544375,4.37804979166667,77.4194833333333,17.6172708333333,14.545,21.549,0.2,274.512970588235,0.344187541666667,0.127359,0.11853194375,25.0646666666667,22.0622083333333,21.0643125,1.053506,0.139835625,"actual",5,"2023"
2023-01-06,0.113226428541667,73.9211847083333,47.3900832770833,3.86963741666667,56.9106166666667,19.4165,13.573,24.659,0,376.047151578947,0.342560395833333,0.128220875,0.140922208333333,24.6899375,22.3039166666667,22.5219791666667,1.22734053125,0.168173333333333,"actual",6,"2023"
2023-01-07,-0.690853545833333,80.4441298541667,30.81353865625,4.20072045833333,60.4363770833333,19.5959166666667,14.229,24.563,0,355.464578947368,0.343590270833333,0.129873666666667,0.144507645833333,24.4,23.2439583333333,23.9444166666667,1.20572593333333,0.172456458333333,"actual",7,"2023"
2023-01-08,-0.938406145833333,91.4789389791667,26.0287982479167,4.48300729166667,73.2656479166667,19.0064166666667,13.807,24.598,0,361.293063157895,0.343406895833333,0.131287125,0.142086916666667,24.3990208333333,24.0188333333333,24.9473125,1.26631460416667,0.162509375,"actual",8,"2023"
2023-01-09,-0.262642525,81.7144039520833,19.1239907083333,5.08782375,74.9816604166667,19.4757916666667,16.269,24.331,0,277.817716666667,0.3426555625,0.132137458333333,0.136665979166667,24.5047916666667,24.5422708333333,25.1574166666667,1.07697965625,0.163479791666667,"actual",9,"2023"
2023-01-10,-1.07194823333333,88.1484678958333,14.6811952708333,4.68682364583333,73.77666875,19.1685416666667,15.903,23.541,0,312.801861111111,0.341745854166667,0.132444395833333,0.130691645833333,24.7002916666667,24.7977083333333,25.5021041666667,1.15645930208333,0.156757291666667,"actual",10,"2023"
2023-01-11,-1.77533652291667,94.1194182291667,13.638276125,4.131778125,70.0676708333333,19.1762291666667,14.338,24.064,0,300.665254736842,0.342885416666667,0.132797229166667,0.124664583333333,24.8515416666667,24.9188125,25.5293125,1.13849991666667,0.154437916666667,"actual",11,"2023"
2023-01-12,-1.5357191960775,104.482137208333,8.17929006020833,4.94762308333333,64.3503291666667,19.8358541666667,14.593,25.321,0,365.581821666667,0.34476325,0.133288166666667,0.1203374375,24.9012291666667,25.1397916666667,25.875125,1.16136073333333,0.1587925,"actual",12,"2023"
2023-01-13,-1.19942739791667,101.8361623125,7.46973039583333,4.4643959375,57.9858625,19.6761875,13.386,25.109,0,359.617110526316,0.3440618125,0.1335791875,0.1168965,25.063625,25.3039583333333,26.0478541666667,1.19022342291667,0.1538094375,"actual",13,"2023"
2023-01-14,-1.13232566382979,97.2647189148936,13.3497200723404,3.85233595106383,57.6802340425532,19.4534468085106,13.797,24.51,0,341.860380555556,0.343994361702128,0.133819808510638,0.113786553191489,25.1023404255319,25.5432765957447,26.5133191489362,1.10641321666667,0.147430395833333,"actual",14,"2023"
2023-01-15,-1.24816007083333,106.16066125,5.91248675,4.17469975,53.1944541666667,19.7810416666667,13.979,24.889,0,349.029814210526,0.343269479166667,0.134016666666667,0.111023583333333,25.3339583333333,25.7520416666667,26.5813958333333,1.18041406875,0.1480570625,"actual",15,"2023"
2023-01-16,-1.15725360638298,98.7533072340426,2.97451318723404,4.00523738297872,58.4482083333333,19.5984791666667,14.318,24.979,0,347.229688888889,0.345344458333333,0.134153458333333,0.108378458333333,25.4,25.9240833333333,26.725125,1.17247087916667,0.142455395833333,"actual",16,"2023"
2023-01-17,-1.27904718958333,89.3533623541667,8.12280995416667,4.0465204375,61.09754375,19.4414166666667,13.618,24.809,0,280.462731578947,0.346028479166667,0.133892333333333,0.104657672916667,25.5389166666667,25.9632916666667,26.5896458333333,1.08475606875,0.1378531875,"actual",17,"2023"
2023-01-18,-0.761829249565217,79.7241477608696,7.61820443695652,3.87578491304348,39.057029787234,21.1994042553192,14.543,27.444,0,350.852494444444,0.346,0.134185063829787,0.101445404255319,25.6,25.9516170212766,26.8383829787234,1.08368242291667,0.152712895833333,"actual",18,"2023"
2023-01-19,-0.745162777083333,85.6763252083333,5.40143504166667,3.630535875,43.7634145833333,21.4522291666667,15.574,27.245,0,356.498777777778,0.345916020833333,0.134297229166667,0.0996124854166667,25.610625,26.422625,27.7140416666667,1.11774184583333,0.151644479166667,"actual",19,"2023"
2023-01-20,-1.01781681102083,100.170025289583,4.40745939791667,4.1767105,53.2038041666667,20.9669791666667,15.399,26.664,0,353.815042105263,0.345166666666667,0.134534708333333,0.0967027854166667,25.8635416666667,26.8320833333333,28.2147083333333,1.19102314583333,0.1426256875,"actual",20,"2023"
2023-01-21,-1.07479035,105.956468958333,3.91581216666667,4.371821875,51.0403604166667,20.8804375,14.598,26.143,0,356.246552631579,0.345761083333333,0.13482225,0.0937923729166667,26.0547916666667,27.1343333333333,28.4067291666667,1.20446164375,0.137815270833333,"actual",21,"2023"
2023-01-22,-0.733689710416667,81.2024570833333,1.33055254166667,4.53917652083333,54.3021333333333,20.4962708333333,16.158,24.792,0,235.937658888889,0.3479631875,0.1343938125,0.0904013875,26.2192083333333,26.9703125,27.3898333333333,1.00821127916667,0.129282125,"actual",22,"2023"
2023-01-23,-0.8757280125,86.6834355625,-0.0729924999999999,4.02241554166667,65.026625,20.048625,16.039,24.839,0,262.469852941176,0.348106916666667,0.133425666666667,0.0891451395833333,26.3808541666667,26.6964583333333,27.4652083333333,0.9509947875,0.122150708333333,"actual",23,"2023"
2023-01-24,-0.917771598333333,94.2422308333333,1.27024916666667,4.55940229166667,64.1465416666667,20.0134791666667,14.806,25.447,0,300.238472222222,0.348252125,0.1330964375,0.0878333354166667,26.4,26.7348541666667,27.6550833333333,1.0904566375,0.118910041666667,"actual",24,"2023"
2023-01-25,-1.16925617560976,117.414947426829,9.11942997560975,4.09702604878049,58.1897268292683,20.8992195121951,14.874,26.58,0,352.495883333333,0.347808926829268,0.132795097560976,0.0876585365853658,26.4,26.7008292682927,28.0624634146341,1.17178238541667,0.124543268292683,"actual",25,"2023"
2023-01-26,NA,70.9404655656135,31.9057353361409,3.63848618689568,69.9950923038542,18.7957743833067,14.6128068849706,23.9448723761545,1.49181100331317,340.30107632303,0.296080115490063,0.17466515049337,0.126477212394301,25.4051387173863,25.0501671388997,25.1954801929466,0,NA,"filled",26,"2023"
2023-01-27,NA,70.9404655656135,31.9057353361409,3.63848618689568,69.9950923038542,18.7957743833067,14.6128068849706,23.9448723761545,1.49181100331317,340.30107632303,0.296080115490063,0.17466515049337,0.126477212394301,25.4051387173863,25.0501671388997,25.1954801929466,0,NA,"filled",27,"2023"
2023-01-28,NA,70.9404655656135,31.9057353361409,3.63848618689568,69.9950923038542,18.7957743833067,14.6128068849706,23.9448723761545,1.49181100331317,340.30107632303,0.296080115490063,0.17466515049337,0.126477212394301,25.4051387173863,25.0501671388997,25.1954801929466,0,NA,"filled",28,"2023"
2023-01-29,NA,70.9404655656135,31.9057353361409,3.63848618689568,69.9950923038542,18.7957743833067,14.6128068849706,23.9448723761545,1.49181100331317,340.30107632303,0.296080115490063,0.17466515049337,0.126477212394301,25.4051387173863,25.0501671388997,25.1954801929466,0,NA,"filled",29,"2023"
2023-01-30,NA,70.9404655656135,31.9057353361409,3.63848618689568,69.9950923038542,18.7957743833067,14.6128068849706,23.9448723761545,1.49181100331317,340.30107632303,0.296080115490063,0.17466515049337,0.126477212394301,25.4051387173863,25.0501671388997,25.1954801929466,0,NA,"filled",30,"2023"
2023-01-31,NA,70.9404655656135,31.9057353361409,3.63848618689568,69.9950923038542,18.7957743833067,14.6128068849706,23.9448723761545,1.49181100331317,340.30107632303,0.296080115490063,0.17466515049337,0.126477212394301,25.4051387173863,25.0501671388997,25.1954801929466,0,NA,"filled",31,"2023"
2023-02-01,NA,70.9404655656135,31.9057353361409,3.63848618689568,69.9950923038542,18.7957743833067,14.6128068849706,23.9448723761545,1.49181100331317,340.30107632303,0.296080115490063,0.17466515049337,0.126477212394301,25.4051387173863,25.0501671388997,25.1954801929466,0,NA,"filled",32,"2023"
2023-02-02,NA,70.9404655656135,31.9057353361409,3.63848618689568,69.9950923038542,18.7957743833067,14.6128068849706,23.9448723761545,1.49181100331317,340.30107632303,0.296080115490063,0.17466515049337,0.126477212394301,25.4051387173863,25.0501671388997,25.1954801929466,0,NA,"filled",33,"2023"
2023-02-03,NA,70.9404655656135,31.9057353361409,3.63848618689568,69.9950923038542,18.7957743833067,14.6128068849706,23.9448723761545,1.49181100331317,340.30107632303,0.296080115490063,0.17466515049337,0.126477212394301,25.4051387173863,25.0501671388997,25.1954801929466,0,NA,"filled",34,"2023"
2023-02-04,NA,70.9404655656135,31.9057353361409,3.63848618689568,69.9950923038542,18.7957743833067,14.6128068849706,23.9448723761545,1.49181100331317,340.30107632303,0.296080115490063,0.17466515049337,0.126477212394301,25.4051387173863,25.0501671388997,25.1954801929466,0,NA,"filled",35,"2023"
2023-02-05,NA,70.9404655656135,31.9057353361409,3.63848618689568,69.9950923038542,18.7957743833067,14.6128068849706,23.9448723761545,1.49181100331317,340.30107632303,0.296080115490063,0.17466515049337,0.126477212394301,25.4051387173863,25.0501671388997,25.1954801929466,0,NA,"filled",36,"2023"
2023-02-06,NA,70.9404655656135,31.9057353361409,3.63848618689568,69.9950923038542,18.7957743833067,14.6128068849706,23.9448723761545,1.49181100331317,340.30107632303,0.296080115490063,0.17466515049337,0.126477212394301,25.4051387173863,25.0501671388997,25.1954801929466,0,NA,"filled",37,"2023"
2023-02-07,NA,70.9404655656135,31.9057353361409,3.63848618689568,69.9950923038542,18.7957743833067,14.6128068849706,23.9448723761545,1.49181100331317,340.30107632303,0.296080115490063,0.17466515049337,0.126477212394301,25.4051387173863,25.0501671388997,25.1954801929466,0,NA,"filled",38,"2023"
2023-02-08,NA,70.9404655656135,31.9057353361409,3.63848618689568,69.9950923038542,18.7957743833067,14.6128068849706,23.9448723761545,1.49181100331317,340.30107632303,0.296080115490063,0.17466515049337,0.126477212394301,25.4051387173863,25.0501671388997,25.1954801929466,0,NA,"filled",39,"2023"
2023-02-09,NA,70.9404655656135,31.9057353361409,3.63848618689568,69.9950923038542,18.7957743833067,14.6128068849706,23.9448723761545,1.49181100331317,340.30107632303,0.296080115490063,0.17466515049337,0.126477212394301,25.4051387173863,25.0501671388997,25.1954801929466,0,NA,"filled",40,"2023"
2023-02-10,NA,70.9404655656135,31.9057353361409,3.63848618689568,69.9950923038542,18.7957743833067,14.6128068849706,23.9448723761545,1.49181100331317,340.30107632303,0.296080115490063,0.17466515049337,0.126477212394301,25.4051387173863,25.0501671388997,25.1954801929466,0,NA,"filled",41,"2023"
2023-02-11,NA,70.9404655656135,31.9057353361409,3.63848618689568,69.9950923038542,18.7957743833067,14.6128068849706,23.9448723761545,1.49181100331317,340.30107632303,0.296080115490063,0.17466515049337,0.126477212394301,25.4051387173863,25.0501671388997,25.1954801929466,0,NA,"filled",42,"2023"
2023-02-12,NA,70.9404655656135,31.9057353361409,3.63848618689568,69.9950923038542,18.7957743833067,14.6128068849706,23.9448723761545,1.49181100331317,340.30107632303,0.296080115490063,0.17466515049337,0.126477212394301,25.4051387173863,25.0501671388997,25.1954801929466,0,NA,"filled",43,"2023"
2023-02-13,NA,70.9404655656135,31.9057353361409,3.63848618689568,69.9950923038542,18.7957743833067,14.6128068849706,23.9448723761545,1.49181100331317,340.30107632303,0.296080115490063,0.17466515049337,0.126477212394301,25.4051387173863,25.0501671388997,25.1954801929466,0,NA,"filled",44,"2023"
2023-02-14,NA,70.9404655656135,31.9057353361409,3.63848618689568,69.9950923038542,18.7957743833067,14.6128068849706,23.9448723761545,1.49181100331317,340.30107632303,0.296080115490063,0.17466515049337,0.126477212394301,25.4051387173863,25.0501671388997,25.1954801929466,0,NA,"filled",45,"2023"
2023-02-15,NA,70.9404655656135,31.9057353361409,3.63848618689568,69.9950923038542,18.7957743833067,14.6128068849706,23.9448723761545,1.49181100331317,340.30107632303,0.296080115490063,0.17466515049337,0.126477212394301,25.4051387173863,25.0501671388997,25.1954801929466,0,NA,"filled",46,"2023"
2023-02-16,NA,70.9404655656135,31.9057353361409,3.63848618689568,69.9950923038542,18.7957743833067,14.6128068849706,23.9448723761545,1.49181100331317,340.30107632303,0.296080115490063,0.17466515049337,0.126477212394301,25.4051387173863,25.0501671388997,25.1954801929466,0,NA,"filled",47,"2023"
2023-02-17,NA,70.9404655656135,31.9057353361409,3.63848618689568,69.9950923038542,18.7957743833067,14.6128068849706,23.9448723761545,1.49181100331317,340.30107632303,0.296080115490063,0.17466515049337,0.126477212394301,25.4051387173863,25.0501671388997,25.1954801929466,0,NA,"filled",48,"2023"
2023-02-18,NA,70.9404655656135,31.9057353361409,3.63848618689568,69.9950923038542,18.7957743833067,14.6128068849706,23.9448723761545,1.49181100331317,340.30107632303,0.296080115490063,0.17466515049337,0.126477212394301,25.4051387173863,25.0501671388997,25.1954801929466,0,NA,"filled",49,"2023"
2023-02-19,NA,70.9404655656135,31.9057353361409,3.63848618689568,69.9950923038542,18.7957743833067,14.6128068849706,23.9448723761545,1.49181100331317,340.30107632303,0.296080115490063,0.17466515049337,0.126477212394301,25.4051387173863,25.0501671388997,25.1954801929466,0,NA,"filled",50,"2023"
2023-02-20,NA,70.9404655656135,31.9057353361409,3.63848618689568,69.9950923038542,18.7957743833067,14.6128068849706,23.9448723761545,1.49181100331317,340.30107632303,0.296080115490063,0.17466515049337,0.126477212394301,25.4051387173863,25.0501671388997,25.1954801929466,0,NA,"filled",51,"2023"
2023-02-21,NA,70.9404655656135,31.9057353361409,3.63848618689568,69.9950923038542,18.7957743833067,14.6128068849706,23.9448723761545,1.49181100331317,340.30107632303,0.296080115490063,0.17466515049337,0.126477212394301,25.4051387173863,25.0501671388997,25.1954801929466,0,NA,"filled",52,"2023"
2023-02-22,NA,70.9404655656135,31.9057353361409,3.63848618689568,69.9950923038542,18.7957743833067,14.6128068849706,23.9448723761545,1.49181100331317,340.30107632303,0.296080115490063,0.17466515049337,0.126477212394301,25.4051387173863,25.0501671388997,25.1954801929466,0,NA,"filled",53,"2023"
2023-02-23,NA,70.9404655656135,31.9057353361409,3.63848618689568,69.9950923038542,18.7957743833067,14.6128068849706,23.9448723761545,1.49181100331317,340.30107632303,0.296080115490063,0.17466515049337,0.126477212394301,25.4051387173863,25.0501671388997,25.1954801929466,0,NA,"filled",54,"2023"
2023-02-24,NA,70.9404655656135,31.9057353361409,3.63848618689568,69.9950923038542,18.7957743833067,14.6128068849706,23.9448723761545,1.49181100331317,340.30107632303,0.296080115490063,0.17466515049337,0.126477212394301,25.4051387173863,25.0501671388997,25.1954801929466,0,NA,"filled",55,"2023"
2023-02-25,NA,70.9404655656135,31.9057353361409,3.63848618689568,69.9950923038542,18.7957743833067,14.6128068849706,23.9448723761545,1.49181100331317,340.30107632303,0.296080115490063,0.17466515049337,0.126477212394301,25.4051387173863,25.0501671388997,25.1954801929466,0,NA,"filled",56,"2023"
2023-02-26,NA,70.9404655656135,31.9057353361409,3.63848618689568,69.9950923038542,18.7957743833067,14.6128068849706,23.9448723761545,1.49181100331317,340.30107632303,0.296080115490063,0.17466515049337,0.126477212394301,25.4051387173863,25.0501671388997,25.1954801929466,0,NA,"filled",57,"2023"
2023-02-27,NA,70.9404655656135,31.9057353361409,3.63848618689568,69.9950923038542,18.7957743833067,14.6128068849706,23.9448723761545,1.49181100331317,340.30107632303,0.296080115490063,0.17466515049337,0.126477212394301,25.4051387173863,25.0501671388997,25.1954801929466,0,NA,"filled",58,"2023"
2023-02-28,NA,70.9404655656135,31.9057353361409,3.63848618689568,69.9950923038542,18.7957743833067,14.6128068849706,23.9448723761545,1.49181100331317,340.30107632303,0.296080115490063,0.17466515049337,0.126477212394301,25.4051387173863,25.0501671388997,25.1954801929466,0,NA,"filled",59,"2023"
2023-03-01,NA,49.2066557386306,66.4216633396401,3.46585483308828,79.6550520323853,18.7957743833067,14.6128068849706,23.9448723761545,1.49181100331317,352.057818580679,0.308238172987861,0.304789101547781,0.213042410656972,24.5755250238749,23.7732113779318,23.7549891807109,0,NA,"filled",60,"2023"
2023-03-02,NA,49.2066557386306,66.4216633396401,3.46585483308828,79.6550520323853,18.7957743833067,14.6128068849706,23.9448723761545,1.49181100331317,352.057818580679,0.308238172987861,0.304789101547781,0.213042410656972,24.5755250238749,23.7732113779318,23.7549891807109,0,NA,"filled",61,"2023"
2023-03-03,NA,49.2066557386306,66.4216633396401,3.46585483308828,79.6550520323853,18.7957743833067,14.6128068849706,23.9448723761545,1.49181100331317,352.057818580679,0.308238172987861,0.304789101547781,0.213042410656972,24.5755250238749,23.7732113779318,23.7549891807109,0,NA,"filled",62,"2023"
2023-03-04,NA,49.2066557386306,66.4216633396401,3.46585483308828,79.6550520323853,18.7957743833067,14.6128068849706,23.9448723761545,1.49181100331317,352.057818580679,0.308238172987861,0.304789101547781,0.213042410656972,24.5755250238749,23.7732113779318,23.7549891807109,0,NA,"filled",63,"2023"
2023-03-05,NA,49.2066557386306,66.4216633396401,3.46585483308828,79.6550520323853,18.7957743833067,14.6128068849706,23.9448723761545,1.49181100331317,352.057818580679,0.308238172987861,0.304789101547781,0.213042410656972,24.5755250238749,23.7732113779318,23.7549891807109,0,NA,"filled",64,"2023"
2023-03-06,NA,49.2066557386306,66.4216633396401,3.46585483308828,79.6550520323853,18.7957743833067,14.6128068849706,23.9448723761545,1.49181100331317,352.057818580679,0.308238172987861,0.304789101547781,0.213042410656972,24.5755250238749,23.7732113779318,23.7549891807109,0,NA,"filled",65,"2023"
2023-03-07,NA,49.2066557386306,66.4216633396401,3.46585483308828,79.6550520323853,18.7957743833067,14.6128068849706,23.9448723761545,1.49181100331317,352.057818580679,0.308238172987861,0.304789101547781,0.213042410656972,24.5755250238749,23.7732113779318,23.7549891807109,0,NA,"filled",66,"2023"
2023-03-08,NA,49.2066557386306,66.4216633396401,3.46585483308828,79.6550520323853,18.7957743833067,14.6128068849706,23.9448723761545,1.49181100331317,352.057818580679,0.308238172987861,0.304789101547781,0.213042410656972,24.5755250238749,23.7732113779318,23.7549891807109,0,NA,"filled",67,"2023"
2023-03-09,NA,49.2066557386306,66.4216633396401,3.46585483308828,79.6550520323853,18.7957743833067,14.6128068849706,23.9448723761545,1.49181100331317,352.057818580679,0.308238172987861,0.304789101547781,0.213042410656972,24.5755250238749,23.7732113779318,23.7549891807109,0,NA,"filled",68,"2023"
2023-03-10,NA,49.2066557386306,66.4216633396401,3.46585483308828,79.6550520323853,18.7957743833067,14.6128068849706,23.9448723761545,1.49181100331317,352.057818580679,0.308238172987861,0.304789101547781,0.213042410656972,24.5755250238749,23.7732113779318,23.7549891807109,0,NA,"filled",69,"2023"
2023-03-11,NA,49.2066557386306,66.4216633396401,3.46585483308828,79.6550520323853,18.7957743833067,14.6128068849706,23.9448723761545,1.49181100331317,352.057818580679,0.308238172987861,0.304789101547781,0.213042410656972,24.5755250238749,23.7732113779318,23.7549891807109,0,NA,"filled",70,"2023"
2023-03-12,NA,49.2066557386306,66.4216633396401,3.46585483308828,79.6550520323853,18.7957743833067,14.6128068849706,23.9448723761545,1.49181100331317,352.057818580679,0.308238172987861,0.304789101547781,0.213042410656972,24.5755250238749,23.7732113779318,23.7549891807109,0,NA,"filled",71,"2023"
2023-03-13,NA,49.2066557386306,66.4216633396401,3.46585483308828,79.6550520323853,18.7957743833067,14.6128068849706,23.9448723761545,1.49181100331317,352.057818580679,0.308238172987861,0.304789101547781,0.213042410656972,24.5755250238749,23.7732113779318,23.7549891807109,0,NA,"filled",72,"2023"
2023-03-14,NA,49.2066557386306,66.4216633396401,3.46585483308828,79.6550520323853,18.7957743833067,14.6128068849706,23.9448723761545,1.49181100331317,352.057818580679,0.308238172987861,0.304789101547781,0.213042410656972,24.5755250238749,23.7732113779318,23.7549891807109,0,NA,"filled",73,"2023"
2023-03-15,NA,49.2066557386306,66.4216633396401,3.46585483308828,79.6550520323853,18.7957743833067,14.6128068849706,23.9448723761545,1.49181100331317,352.057818580679,0.308238172987861,0.304789101547781,0.213042410656972,24.5755250238749,23.7732113779318,23.7549891807109,0,NA,"filled",74,"2023"
2023-03-16,NA,49.2066557386306,66.4216633396401,3.46585483308828,79.6550520323853,18.7957743833067,14.6128068849706,23.9448723761545,1.49181100331317,352.057818580679,0.308238172987861,0.304789101547781,0.213042410656972,24.5755250238749,23.7732113779318,23.7549891807109,0,NA,"filled",75,"2023"
2023-03-17,NA,49.2066557386306,66.4216633396401,3.46585483308828,79.6550520323853,18.7957743833067,14.6128068849706,23.9448723761545,1.49181100331317,352.057818580679,0.308238172987861,0.304789101547781,0.213042410656972,24.5755250238749,23.7732113779318,23.7549891807109,0,NA,"filled",76,"2023"
2023-03-18,NA,49.2066557386306,66.4216633396401,3.46585483308828,79.6550520323853,18.7957743833067,14.6128068849706,23.9448723761545,1.49181100331317,352.057818580679,0.308238172987861,0.304789101547781,0.213042410656972,24.5755250238749,23.7732113779318,23.7549891807109,0,NA,"filled",77,"2023"
2023-03-19,NA,49.2066557386306,66.4216633396401,3.46585483308828,79.6550520323853,18.7957743833067,14.6128068849706,23.9448723761545,1.49181100331317,352.057818580679,0.308238172987861,0.304789101547781,0.213042410656972,24.5755250238749,23.7732113779318,23.7549891807109,0,NA,"filled",78,"2023"
2023-03-20,NA,49.2066557386306,66.4216633396401,3.46585483308828,79.6550520323853,18.7957743833067,14.6128068849706,23.9448723761545,1.49181100331317,352.057818580679,0.308238172987861,0.304789101547781,0.213042410656972,24.5755250238749,23.7732113779318,23.7549891807109,0,NA,"filled",79,"2023"
2023-03-21,NA,49.2066557386306,66.4216633396401,3.46585483308828,79.6550520323853,18.7957743833067,14.6128068849706,23.9448723761545,1.49181100331317,352.057818580679,0.308238172987861,0.304789101547781,0.213042410656972,24.5755250238749,23.7732113779318,23.7549891807109,0,NA,"filled",80,"2023"
2023-03-22,NA,49.2066557386306,66.4216633396401,3.46585483308828,79.6550520323853,18.7957743833067,14.6128068849706,23.9448723761545,1.49181100331317,352.057818580679,0.308238172987861,0.304789101547781,0.213042410656972,24.5755250238749,23.7732113779318,23.7549891807109,0,NA,"filled",81,"2023"
2023-03-23,NA,49.2066557386306,66.4216633396401,3.46585483308828,79.6550520323853,18.7957743833067,14.6128068849706,23.9448723761545,1.49181100331317,352.057818580679,0.308238172987861,0.304789101547781,0.213042410656972,24.5755250238749,23.7732113779318,23.7549891807109,0,NA,"filled",82,"2023"
2023-03-24,NA,49.2066557386306,66.4216633396401,3.46585483308828,79.6550520323853,18.7957743833067,14.6128068849706,23.9448723761545,1.49181100331317,352.057818580679,0.308238172987861,0.304789101547781,0.213042410656972,24.5755250238749,23.7732113779318,23.7549891807109,0,NA,"filled",83,"2023"
2023-03-25,NA,49.2066557386306,66.4216633396401,3.46585483308828,79.6550520323853,18.7957743833067,14.6128068849706,23.9448723761545,1.49181100331317,352.057818580679,0.308238172987861,0.304789101547781,0.213042410656972,24.5755250238749,23.7732113779318,23.7549891807109,0,NA,"filled",84,"2023"
2023-03-26,NA,49.2066557386306,66.4216633396401,3.46585483308828,79.6550520323853,18.7957743833067,14.6128068849706,23.9448723761545,1.49181100331317,352.057818580679,0.308238172987861,0.304789101547781,0.213042410656972,24.5755250238749,23.7732113779318,23.7549891807109,0,NA,"filled",85,"2023"
2023-03-27,NA,49.2066557386306,66.4216633396401,3.46585483308828,79.6550520323853,18.7957743833067,14.6128068849706,23.9448723761545,1.49181100331317,352.057818580679,0.308238172987861,0.304789101547781,0.213042410656972,24.5755250238749,23.7732113779318,23.7549891807109,0,NA,"filled",86,"2023"
2023-03-28,NA,49.2066557386306,66.4216633396401,3.46585483308828,79.6550520323853,18.7957743833067,14.6128068849706,23.9448723761545,1.49181100331317,352.057818580679,0.308238172987861,0.304789101547781,0.213042410656972,24.5755250238749,23.7732113779318,23.7549891807109,0,NA,"filled",87,"2023"
2023-03-29,NA,49.2066557386306,66.4216633396401,3.46585483308828,79.6550520323853,18.7957743833067,14.6128068849706,23.9448723761545,1.49181100331317,352.057818580679,0.308238172987861,0.304789101547781,0.213042410656972,24.5755250238749,23.7732113779318,23.7549891807109,0,NA,"filled",88,"2023"
2023-03-30,NA,49.2066557386306,66.4216633396401,3.46585483308828,79.6550520323853,18.7957743833067,14.6128068849706,23.9448723761545,1.49181100331317,352.057818580679,0.308238172987861,0.304789101547781,0.213042410656972,24.5755250238749,23.7732113779318,23.7549891807109,0,NA,"filled",89,"2023"
2023-03-31,NA,49.2066557386306,66.4216633396401,3.46585483308828,79.6550520323853,18.7957743833067,14.6128068849706,23.9448723761545,1.49181100331317,352.057818580679,0.308238172987861,0.304789101547781,0.213042410656972,24.5755250238749,23.7732113779318,23.7549891807109,0,NA,"filled",90,"2023"
2023-04-01,NA,49.2066557386306,66.4216633396401,3.46585483308828,79.6550520323853,18.7957743833067,14.6128068849706,23.9448723761545,1.49181100331317,352.057818580679,0.308238172987861,0.304789101547781,0.213042410656972,24.5755250238749,23.7732113779318,23.7549891807109,0,NA,"filled",91,"2023"
2023-04-02,NA,49.2066557386306,66.4216633396401,3.46585483308828,79.6550520323853,18.7957743833067,14.6128068849706,23.9448723761545,1.49181100331317,352.057818580679,0.308238172987861,0.304789101547781,0.213042410656972,24.5755250238749,23.7732113779318,23.7549891807109,0,NA,"filled",92,"2023"
2023-04-03,NA,49.2066557386306,66.4216633396401,3.46585483308828,79.6550520323853,18.7957743833067,14.6128068849706,23.9448723761545,1.49181100331317,352.057818580679,0.308238172987861,0.304789101547781,0.213042410656972,24.5755250238749,23.7732113779318,23.7549891807109,0,NA,"filled",93,"2023"
2023-04-04,NA,49.2066557386306,66.4216633396401,3.46585483308828,79.6550520323853,18.7957743833067,14.6128068849706,23.9448723761545,1.49181100331317,352.057818580679,0.308238172987861,0.304789101547781,0.213042410656972,24.5755250238749,23.7732113779318,23.7549891807109,0,NA,"filled",94,"2023"
2023-04-05,NA,49.2066557386306,66.4216633396401,3.46585483308828,79.6550520323853,18.7957743833067,14.6128068849706,23.9448723761545,1.49181100331317,352.057818580679,0.308238172987861,0.304789101547781,0.213042410656972,24.5755250238749,23.7732113779318,23.7549891807109,0,NA,"filled",95,"2023"
2023-04-06,NA,49.2066557386306,66.4216633396401,3.46585483308828,79.6550520323853,18.7957743833067,14.6128068849706,23.9448723761545,1.49181100331317,352.057818580679,0.308238172987861,0.304789101547781,0.213042410656972,24.5755250238749,23.7732113779318,23.7549891807109,0,NA,"filled",96,"2023"
2023-04-07,NA,49.2066557386306,66.4216633396401,3.46585483308828,79.6550520323853,18.7957743833067,14.6128068849706,23.9448723761545,1.49181100331317,352.057818580679,0.308238172987861,0.304789101547781,0.213042410656972,24.5755250238749,23.7732113779318,23.7549891807109,0,NA,"filled",97,"2023"
2023-04-08,NA,49.2066557386306,66.4216633396401,3.46585483308828,79.6550520323853,18.7957743833067,14.6128068849706,23.9448723761545,1.49181100331317,352.057818580679,0.308238172987861,0.304789101547781,0.213042410656972,24.5755250238749,23.7732113779318,23.7549891807109,0,NA,"filled",98,"2023"
2023-04-09,NA,49.2066557386306,66.4216633396401,3.46585483308828,79.6550520323853,18.7957743833067,14.6128068849706,23.9448723761545,1.49181100331317,352.057818580679,0.308238172987861,0.304789101547781,0.213042410656972,24.5755250238749,23.7732113779318,23.7549891807109,0,NA,"filled",99,"2023"
2023-04-10,NA,49.2066557386306,66.4216633396401,3.46585483308828,79.6550520323853,18.7957743833067,14.6128068849706,23.9448723761545,1.49181100331317,352.057818580679,0.308238172987861,0.304789101547781,0.213042410656972,24.5755250238749,23.7732113779318,23.7549891807109,0,NA,"filled",100,"2023"
2023-04-11,NA,49.2066557386306,66.4216633396401,3.46585483308828,79.6550520323853,18.7957743833067,14.6128068849706,23.9448723761545,1.49181100331317,352.057818580679,0.308238172987861,0.304789101547781,0.213042410656972,24.5755250238749,23.7732113779318,23.7549891807109,0,NA,"filled",101,"2023"
2023-04-12,NA,49.2066557386306,66.4216633396401,3.46585483308828,79.6550520323853,18.7957743833067,14.6128068849706,23.9448723761545,1.49181100331317,352.057818580679,0.308238172987861,0.304789101547781,0.213042410656972,24.5755250238749,23.7732113779318,23.7549891807109,0,NA,"filled",102,"2023"
2023-04-13,NA,49.2066557386306,66.4216633396401,3.46585483308828,79.6550520323853,18.7957743833067,14.6128068849706,23.9448723761545,1.49181100331317,352.057818580679,0.308238172987861,0.304789101547781,0.213042410656972,24.5755250238749,23.7732113779318,23.7549891807109,0,NA,"filled",103,"2023"
2023-04-14,NA,49.2066557386306,66.4216633396401,3.46585483308828,79.6550520323853,18.7957743833067,14.6128068849706,23.9448723761545,1.49181100331317,352.057818580679,0.308238172987861,0.304789101547781,0.213042410656972,24.5755250238749,23.7732113779318,23.7549891807109,0,NA,"filled",104,"2023"
2023-04-15,NA,49.2066557386306,66.4216633396401,3.46585483308828,79.6550520323853,18.7957743833067,14.6128068849706,23.9448723761545,1.49181100331317,352.057818580679,0.308238172987861,0.304789101547781,0.213042410656972,24.5755250238749,23.7732113779318,23.7549891807109,0,NA,"filled",105,"2023"
2023-04-16,NA,49.2066557386306,66.4216633396401,3.46585483308828,79.6550520323853,18.7957743833067,14.6128068849706,23.9448723761545,1.49181100331317,352.057818580679,0.308238172987861,0.304789101547781,0.213042410656972,24.5755250238749,23.7732113779318,23.7549891807109,0,NA,"filled",106,"2023"
2023-04-17,NA,49.2066557386306,66.4216633396401,3.46585483308828,79.6550520323853,18.7957743833067,14.6128068849706,23.9448723761545,1.49181100331317,352.057818580679,0.308238172987861,0.304789101547781,0.213042410656972,24.5755250238749,23.7732113779318,23.7549891807109,0,NA,"filled",107,"2023"
2023-04-18,NA,49.2066557386306,66.4216633396401,3.46585483308828,79.6550520323853,18.7957743833067,14.6128068849706,23.9448723761545,1.49181100331317,352.057818580679,0.308238172987861,0.304789101547781,0.213042410656972,24.5755250238749,23.7732113779318,23.7549891807109,0,NA,"filled",108,"2023"
2023-04-19,NA,49.2066557386306,66.4216633396401,3.46585483308828,64.7042,22.295,22.295,22.295,0,352.057818580679,0.33913,0.260174,0.259348,24.7,23.7,28.039,0,2.23653846153846,"filled",109,"2023"
2023-04-20,-0.772008631578947,21.8402052631579,77.9740905263158,3.73554894736842,71.130785,21.0743,17.004,24.0940000000001,0,352.057818580679,0.33962995,0.2507817,0.2422234,24.6855,24.60015,27.2925,0,1.48683125,"filled",110,"2023"
2023-04-21,-2.959582875,35.037190875,92.6642501041667,2.8244598125,80.2309229166667,20.1583541666667,17.067,25.364,1,352.057818580679,0.339302229166667,0.242102958333333,0.232682666666667,24.8217916666667,24.6159791666667,25.2977916666667,0,0.346007916666667,"filled",111,"2023"
2023-04-22,0.647222910638298,7.87825923404255,54.4486924782609,2.83262959574468,92.2858382978723,18.0616170212766,16.81,19.5940000000001,17.0553191489362,352.057818580679,0.339400659574468,0.230468808510638,0.28056029787234,24.9938936170213,24.4112553191489,22.6996382978723,0,0.3174825,"filled",112,"2023"
2023-04-23,-2.59417333333333,30.0066003333333,108.863185833333,2.44423791666667,80.9236208333333,19.1896458333333,15.333,23.636,0,352.057818580679,0.339278479166667,0.2180471875,0.319820833333333,25.0465416666667,22.949125,22.5162916666667,0,0.337016458333333,"filled",113,"2023"
2023-04-24,-3.38659517021277,33.0448550212766,99.9546653829787,2.64785170212766,81.8806340425532,20.1343617021277,17.323,24.314,0,352.057818580679,0.33611270212766,0.214410638297872,0.295267425531915,24.9,23.6231276595745,24.0157234042553,0,0.35300625,"filled",114,"2023"
2023-04-25,-2.198122875,23.7442414166667,90.8967204791667,2.42488570833333,86.6090104166667,18.9186458333333,15.9450000000001,22.833,5.1,352.057818580679,0.33582575,0.214142375,0.281593104166667,24.9,23.9016041666667,23.3252083333333,0,0.33771125,"filled",115,"2023"
2023-04-26,0.724715708333333,13.2742665625,66.041265,1.61696253125,89.1742791666667,18.5533125,16.407,22.86,35,352.057818580679,0.336408291666667,0.250446541666667,0.348877083333333,24.9,23.38425,22.5985625,0,0.3348125,"filled",116,"2023"
2023-04-27,-2.7893260625,22.0897071125,98.2919203125,2.3869855625,80.8977125,19.0583541666667,15.697,23.061,0.1,352.057818580679,0.337065354166667,0.332974979166667,0.3420118125,24.8408333333333,22.8795,22.2196666666667,0,0.345258333333333,"filled",117,"2023"
2023-04-28,-1.5286150625,9.89898917083333,55.0381095833333,2.03242110416667,90.8335125,17.8461875,16.687,20.076,11.7,352.057818580679,0.338071479166667,0.343016708333333,0.3400785,24.7,22.7192291666667,21.6473541666667,0,0.329203541666667,"filled",118,"2023"
2023-04-29,-2.50729036170213,17.9169823191489,68.2121218297872,2.09974942553192,85.6345510638298,18.041914893617,15.505,21.489,0,352.057818580679,0.336389340425532,0.378636872340426,0.349832617021277,24.5491489361702,22.0883617021277,21.1281914893617,0,0.335175,"filled",119,"2023"
2023-04-30,-1.26281340425532,20.4772228170833,96.8057487083333,2.17635885416667,87.358875,18.660125,16.793,22.474,14.3,352.057818580679,0.3344534375,0.385497208333333,0.3513895625,24.3116875,22.317125,22.033625,0,0.346717291666667,"filled",120,"2023"
2023-05-01,-5.52588026086956,21.7530518333333,70.2688817872341,2.65680089583333,89.17294375,18.0178125,16.165,20.283,22.6,352.057818580679,0.3376333125,0.450878520833333,0.363473604166667,24.020625,22.4161458333333,21.8887708333333,0,0.339461875,"filled",121,"2023"
2023-05-02,-2.25749868916667,24.0692503125,91.7207445,2.635014,84.5982395833333,18.541,14.621,22.182,0.6,352.057818580679,0.308238172987861,0.426417354166667,0.340815916666667,23.9,22.3206458333333,22.020375,0,0.350258125,"filled",122,"2023"
2023-05-03,-2.20960547916667,23.2859329375,72.9344279166667,3.63867229166667,89.0919625,18.2651458333333,16.542,21.519,0.1,352.057818580679,0.308238172987861,0.4153159375,0.326954833333333,23.9,22.4559583333333,22.0316875,0,0.348320416666667,"filled",123,"2023"
2023-05-04,-3.11891936956522,28.4862268695652,90.8089077608696,1.96293739130435,83.5798,18.6148723404255,15.124,23.358,0,352.057818580679,0.384822,0.408205255319149,0.313232404255319,23.899,22.6776170212766,22.7867659574468,0,0.356687083333333,"filled",124,"2023"
2023-05-05,-1.7930344625,28.7637235,94.705635875,2.2936855625,82.14338125,18.6689791666667,14.483,23.521,0,352.057818580679,0.384619814814815,0.40183125,0.2957403125,23.899,23.12575,23.2025416666667,0,0.360307916666667,"filled",125,"2023"
2023-05-06,-1.46901583333333,29.1692059791667,87.5893789583333,2.80246425,82.4227604166667,18.8638541666667,15.231,23.423,0,352.057818580679,0.384813266666667,0.395255541666667,0.2773035,23.9,23.3847708333333,23.2686041666667,0,0.365699791666667,"filled",126,"2023"
2023-05-07,-2.65352560416667,30.3816700916667,85.2033269583333,2.7101959375,83.0364520833333,18.7885833333333,15.605,23.073,0,352.057818580679,0.38497915,0.388511125,0.262616041666667,24.0902083333333,23.6559583333333,23.959125,0,0.36705125,"filled",127,"2023"
2023-05-08,-2.78209916666667,26.1093772916667,79.8399767375,2.44267289583333,81.1009979166667,19.0858125,15.801,23.443,0,352.057818580679,0.384026395833333,0.380827770833333,0.250097916666667,24.2039166666667,23.9905,24.0565416666667,0,0.374317083333333,"filled",128,"2023"
2023-05-09,-1.138445375,19.88508711875,62.292645,3.69325145833333,86.28803125,18.1690416666667,16.241,21.579,0.1,352.057818580679,0.383674333333333,0.374366666666667,0.238406229166667,24.3754375,23.7156458333333,22.9411041666667,0,0.362089583333333,"filled",129,"2023"
2023-05-10,-3.39522064583333,24.8477420833333,73.9887124791667,3.32449916666667,81.8188958333333,18.558,16.061,22.683,0,352.057818580679,0.383429854166667,0.3651604375,0.229582645833333,24.4,23.3327291666667,23.0227916666667,0,0.370940416666667,"filled",130,"2023"
2023-05-11,-3.30619083333333,19.320825625,53.4184922083333,3.20264333333333,82.40090625,18.1469791666667,15.101,22.147,0,352.057818580679,0.383352104166667,0.3547785,0.2185035,24.4,23.2447291666667,22.488125,0,0.36701875,"filled",131,"2023"
2023-05-12,-3.7684649375,32.0195053125,71.3336925,2.40979083333333,80.6911166666667,18.0610208333333,14.02,23.3200000000001,0,352.057818580679,0.3828898125,0.343277,0.210806125,24.3645416666667,23.0465416666667,22.8728125,0,0.368746875,"filled",132,"2023"
2023-05-13,-3.75301372916667,27.3996988125,73.305695125,2.45309197916667,80.5210395833333,19.241625,15.48,24.248,0,352.057818580679,0.382147875,0.328731229166667,0.2016409375,24.2077083333334,23.5559791666667,23.68525,0,0.389966041666667,"filled",133,"2023"
2023-05-14,-3.53055468085106,34.991609787234,73.7682364659574,3.41187127659574,79.0155595744681,19.2291276595745,16.329,24.042,0,352.057818580679,0.381883,0.310780872340426,0.193274489361702,24.3527659574468,23.9843191489362,24.1516170212766,0,0.391977708333333,"filled",134,"2023"
2023-05-15,-3.308330625,28.4667295,60.8555983958333,2.576779625,80.56126875,18.5895,14.765,23.401,0,352.057818580679,0.381132645833333,0.292450020833333,0.1854563125,24.4066666666667,24.1005625,23.9176458333333,0,0.384470833333333,"filled",135,"2023"
2023-05-16,-3.88659163829787,29.9206169361702,61.4724838297872,2.95408642553191,75.8058553191489,18.6019361702128,14.349,23.735,0,352.057818580679,0.380991425531915,0.277598617021277,0.179428361702128,24.6382978723404,24.0544680851064,23.7777021276596,0,0.38750875,"filled",136,"2023"
2023-05-17,-4.19992008333333,27.735292,60.5943569166667,2.98094104166667,78.1583770833333,19.0666041666667,15.983,23.059,0,352.057818580679,0.380161791666667,0.259979145833333,0.174823645833333,24.7,24.13825,24.0838333333333,0,0.397269791666667,"filled",137,"2023"
2023-05-18,-3.9739705625,28.0365833333333,51.8630745833333,2.72857077083333,81.0057541666667,18.2932083333333,13.914,22.885,0,352.057818580679,0.37984725,0.238109708333333,0.170384770833333,24.7,24.1475833333333,23.8388958333333,0,0.387480625,"filled",138,"2023"
2023-05-19,-3.12345389583333,25.2745739583333,49.557014625,2.4492710625,79.6138375,18.374875,14.627,23.802,0,352.057818580679,0.379961104166667,0.222421541666667,0.166788916666667,24.7002916666667,23.9791666666667,23.5919166666667,0,0.391347708333333,"filled",139,"2023"
2023-05-20,-3.850862,39.98044096875,74.5323513895833,2.35091654166667,72.8534708333333,19.4093541666667,13.126,26.121,0,352.057818580679,0.379483375,0.208484729166667,0.163008333333333,24.7005833333333,24.1184166666667,24.4092083333333,0,0.411906041666667,"filled",140,"2023"
2023-05-21,-2.93624972083333,47.5525889583333,62.5948012083333,2.67188802083333,73.6530854166667,19.2740833333333,13.296,24.697,0,352.057818580679,0.3783625,0.196086854166667,0.158043729166667,24.7969375,24.6815,24.8546666666667,0,0.411750416666667,"filled",141,"2023"
2023-05-22,-1.99140595744681,41.5724521276596,62.7467668723404,2.49477472340426,76.6842106382979,19.8334255319149,15.968,25.448,0,352.057818580679,0.377091446808511,0.187174468085106,0.155067382978723,24.9,25.1300638297872,25.6998723404255,0,0.423226666666667,"filled",142,"2023"
2023-05-23,-2.45284279166667,45.0427652916667,58.400045125,3.21007229166667,77.5855229166667,19.7797083333333,16.039,24.785,0,352.057818580679,0.376512583333333,0.179252854166667,0.1508909375,25.0463958333333,25.4805833333333,25.8911875,0,0.425192083333333,"filled",143,"2023"
2023-05-24,-2.73819148541667,50.0158028958333,55.0564096875,3.16871375,73.95000625,18.9878125,14.958,23.772,0,352.057818580679,0.376780520833333,0.1745305625,0.147039583333333,25.2895833333333,25.6215416666667,25.692625,0,0.414247916666667,"filled",144,"2023"
2023-05-25,-2.15841820833333,57.2354522083333,58.9324585041667,3.33029083333333,72.2912583333333,19.1093541666667,14.577,23.869,0,352.057818580679,0.375317375,0.170475729166667,0.144236083333333,25.4032291666667,25.6417708333333,25.9271666666667,0,0.419067708333333,"filled",145,"2023"
2023-05-26,-1.13390762222222,40.8410875555556,39.2132713133333,3.35363493333333,75.4241108695652,18.0006304347826,14.1,22.593,0,352.057818580679,0.374695760869565,0.167516608695652,0.139572434782609,25.5731086956522,25.6887608695652,25.229847826087,0,0.402993541666667,"filled",146,"2023"
2023-05-27,-1.59876146808511,27.0938531875,31.0948204770833,3.14808020833333,82.0097583333333,16.6354375,12.718,21.045,0.3,352.057818580679,0.374718104166667,0.165008375,0.1356715,25.6,25.0378541666667,23.7829583333333,0,0.381999583333333,"filled",147,"2023"
2023-05-28,-1.4199415,52.8843458541667,47.2466573125,3.2630585,80.7169791666667,17.5011666666667,14.023,22.45,0.1,352.057818580679,0.373520145833333,0.162584770833333,0.132839583333333,25.6,24.4132083333333,23.817875,0,0.39921375,"filled",148,"2023"
2023-05-29,0.155596787234042,26.1354732291667,59.497059375,3.739934375,89.1030604166667,16.5326875,14.068,19.748,2.6,352.057818580679,0.371980541666667,0.162643708333333,0.1296118125,25.5331875,24.1421666666667,22.4492083333333,0,0.384880208333333,"filled",149,"2023"
2023-05-30,-0.833536329166667,29.6689285395833,37.2758358333333,2.583065375,82.0936895833333,17.2572291666667,13.761,20.815,0,352.057818580679,0.371722916666667,0.164875666666667,0.127937520833333,25.3825,23.2585,21.9690833333333,0,0.399735416666667,"filled",150,"2023"
2023-05-31,-1.17282345833333,46.7825827375,36.0184568125,2.51615014583333,78.4305833333333,18.1921875,15.48,23.031,0,165.365089285714,0.37060075,0.164911833333333,0.127445875,25.0885416666667,23.2400416666667,22.9172916666667,0.90232105,0.418437916666667,"actual",151,"2023"
2023-06-01,-0.468508270833333,63.1063610625,41.3687939583333,3.366604375,74.8755666666667,19.1039583333333,14.833,24.043,0,252.177264666667,0.368764520833333,0.1641569375,0.128681895833333,24.9009791666667,23.7848958333333,24.1990208333333,1.15360844166667,0.437180625,"actual",152,"2023"
2023-06-02,1.51950706875,52.6693076458333,70.5591538958333,3.59975520833333,76.12953125,19.108375,15.584,23.989,2.6,273.084606666667,0.367952083333333,0.163917375,0.127872208333333,24.9,24.4011875,24.2286875,1.23409688541667,0.439641041666667,"actual",153,"2023"
2023-06-03,-0.5802323125,40.2495259166667,33.9245725833333,3.45956664583333,80.4278604166667,18.0038541666667,14.686,22.032,0,69.77948,0.367679229166667,0.16220275,0.1250346875,24.9494166666667,24.0708125,23.271375,0.527199435416667,0.4226125,"actual",154,"2023"
2023-06-04,-0.487119666666667,48.5542925,25.8689717104167,3.10769,79.6803916666667,17.6580416666667,13.893,22.83,0,199.467338461538,0.366744416666667,0.160031895833333,0.124157666666667,24.9385833333333,23.5080416666667,22.8974583333333,0.99635893125,0.419475625,"actual",155,"2023"
2023-06-05,-0.461700208333333,63.0873874020833,32.7464265,2.51972583333333,72.09519375,19.151125,14.114,24.665,0,306.027638333333,0.364671541666667,0.160659,0.125924979166667,24.9,23.9678333333333,24.5734375,1.48098515625,0.448639583333333,"actual",156,"2023"
2023-06-06,-0.412757033333333,47.3948485625,25.8381980416667,3.00624520833333,76.2556708333333,18.8256666666667,15.246,23.877,0.2,200.963371428571,0.3643180625,0.159491625,0.125195770833333,24.9,24.62325,24.5782708333333,1.125226175,0.44498,"actual",157,"2023"
2023-06-07,-0.617163666666667,70.2453778541667,33.92224425,2.54153647916667,62.01746875,18.9507916666667,13.437,24.912,0,360.351916666667,0.363203458333333,0.1583499375,0.124499208333333,25.0414791666667,24.6705,25.0270416666667,1.55593045833333,0.450386666666667,"actual",158,"2023"
2023-06-08,-0.0317181629166667,61.8639663958333,25.9419106458333,2.55303897916667,64.2538916666667,19.3562291666667,12.314,26.039,0,365.947982352941,0.3621034375,0.157120895833333,0.123878395833333,25.1002083333333,25.173875,25.5407916666667,1.46067877708333,0.460741041666667,"actual",159,"2023"
2023-06-09,-0.194558875,52.73057891875,13.15418808125,3.93368791666667,75.18391875,18.7877083333333,15.88,23.801,0,229.634961538462,0.360461104166667,0.156884708333333,0.121691625,25.3316666666667,25.5692291666667,25.3722083333333,0.971043583333333,0.451941875,"actual",160,"2023"
2023-06-10,-0.365687747916667,58.3121573541667,15.8575594375,2.8547313125,74.5628479166667,18.2993333333333,13.625,24.316,0,251.44168,0.360287583333333,0.155327729166667,0.119589625,25.5156875,25.1249791666667,24.9422916666667,1.148782675,0.446173958333333,"actual",161,"2023"
2023-06-11,-0.565006439583333,70.7535093958333,25.6777865270833,2.72793695833333,63.1506291666667,19.5877083333333,14.985,24.609,0,351.391705882353,0.360701395833333,0.155112458333333,0.119270875,25.6,25.6068333333333,26.2159791666667,1.44967006041667,0.472129166666667,"actual",162,"2023"
2023-06-12,-0.00246855319148939,62.3879474680851,27.2958179787234,2.51995878723404,63.9548085106383,19.6433829787234,14.916,24.476,0.204255319148936,241.604040555556,0.359112765957447,0.155274489361702,0.118007808510638,25.6651063829787,26.1110638297872,26.5614680851064,1.36780677916667,0.459318958333333,"actual",163,"2023"
2023-06-13,-0.21408016875,58.1011602708333,12.22967714375,2.641466,74.4778770833333,17.8407291666667,13.519,22.291,0,190.263558,0.358395145833333,0.153455541666667,0.1151159375,25.9,26.0806458333333,25.8975625,1.07496841458333,0.399792916666667,"actual",164,"2023"
2023-06-14,0.168676388104167,38.03126460625,15.8899746520833,2.2384458125,78.0318708333333,18.8056666666667,14.979,25.013,0,245.055288888889,0.358270145833333,0.152145145833333,0.1132694375,26.04125,25.8496458333333,25.4733125,0.70787295625,0.386359375,"actual",165,"2023"
2023-06-15,-0.33185729787234,46.8358127638298,13.2346876106383,2.09505757446809,77.073585106383,17.8944680851064,14.885,21.546,0,141.378366666667,0.357790021276596,0.151504255319149,0.110648276595745,26.1895744680851,25.3624893617021,24.9390212765957,0.825433879166667,0.343517916666667,"actual",166,"2023"
2023-06-16,-0.0302588520833333,42.1126916666667,9.20341022291667,2.64565852083333,74.76486875,18.5400625,14.653,23.946,0,188.564481818182,0.3590944375,0.151811104166667,0.109088854166667,25.9539583333333,25.185875,25.0072291666667,0.733388270833333,0.323743333333333,"actual",167,"2023"
2023-06-17,0.18756735,26.3928744375,4.67113053,3.03159520833333,80.7769958333333,16.826125,14.586,19.369,0,54.0680333333333,0.358362479166667,0.1502590625,0.106338895833333,25.9,24.7455416666667,23.2700833333333,0.14877448125,0.274371666666667,"actual",168,"2023"
2023-06-18,-0.212784025,38.9254635416667,10.2035912708333,2.80801125,74.2318625,17.376375,13.353,22.42,0,172.23637,0.356479833333333,0.148524979166667,0.10506325,25.8033333333333,23.7980208333333,23.0062291666667,0.575604089583333,0.253023541666667,"actual",169,"2023"
2023-06-19,-0.04036945625,56.7226858958333,9.4344128375,2.4902940625,73.0393,17.8448958333333,12.974,22.965,0,224.371571428571,0.356340291666667,0.148205625,0.105118089583333,25.5558541666667,24.0485625,24.0741458333333,0.926233625,0.22954,"actual",170,"2023"
2023-06-20,-0.27526625,52.5023821041667,6.60437628125,2.83143970833333,77.2748604166667,18.4205208333333,14.648,22.697,0,138.181347058824,0.355456895833333,0.148661875,0.105272958333333,25.4,24.6433958333333,24.8287291666667,0.933114983333333,0.206001666666667,"actual",171,"2023"
2023-06-21,-0.124982565909091,38.5590150520455,4.58209852272727,3.13682295454545,79.9254711111111,17.8250444444444,15.909,20.93,0,191.656682,0.356001488888889,0.1483514,0.103197777777778,25.3983333333333,24.6354888888889,24.0114,0.25654619375,0.17239,"actual",172,"2023"
2023-06-22,-0.161930077083333,37.8953321729167,6.75841325,2.92455725,78.5321333333333,17.1055208333333,14.771,20.052,0,117.71066,0.355913895833333,0.148293708333333,0.101830552083333,25.4,23.998875,23.0838333333333,0.248650135416667,0.140245833333333,"actual",173,"2023"
2023-06-23,-0.168592156875,45.5519246666667,5.55547254166667,3.27253795833333,81.3618666666667,16.8699791666667,15.437,18.651,0,61.6243257142857,0.354320166666667,0.147766666666667,0.100765252083333,25.3954166666667,23.6928958333333,22.8996041666667,0.2355866125,0.111916645833333,"actual",174,"2023"
2023-06-24,-0.146997041666667,41.335999375,9.47358865208333,2.69824541666667,69.59116875,17.7160416666667,14.228,22.799,0,198.4669,0.353759041666667,0.147156270833333,0.100814564583333,25.1258333333333,23.5740208333333,23.293375,0.425796535416667,0.0872771875,"actual",175,"2023"
2023-06-25,-0.149268354166667,58.3652352916667,12.4786857354167,2.38578064583333,60.9592166666667,18.1606458333333,13.409,24.209,0,249.274870666667,0.354334020833333,0.1471131875,0.101539620833333,25.0972291666667,23.8789375,24.1395833333333,0.702394445833333,0.0602603958333333,"actual",176,"2023"
2023-06-26,-0.137356020833333,36.4810471458333,3.68702458125,2.67120583333333,76.5911729166667,16.6714583333333,13.496,21.314,0,115.199984444444,0.353371458333333,0.146790291666667,0.099566675,25.0792916666667,24.1429583333333,23.4303333333333,0.388314914583333,0.0475292083333333,"actual",177,"2023"
2023-06-27,0.0451249041666667,31.2680964583333,3.18733573333333,2.62782766666667,79.6879333333333,16.59075,13.909,20.482,0,94.91048,0.353701395833333,0.145134125,0.0984764,25.09875,23.5931875,22.635875,0.214081960416667,0.0459128541666667,"actual",178,"2023"
2023-06-28,0.11752534375,43.2581314583333,7.0960191875,2.462098875,73.82026875,17.3279583333333,12.337,22.773,0,236.090818181818,0.354157645833333,0.144549291666667,0.09813401875,24.934875,23.1856041666667,22.9615416666667,0.50955595625,0.0456131875,"actual",179,"2023"
2023-06-29,-0.121448104166667,40.2300379166667,4.06443322916667,2.50881872083333,79.3972854166667,16.3421875,13.535,19.664,0,114.412731,0.354513875,0.145076375,0.0969125020833333,24.9,23.4557083333333,22.8799583333333,0.40397506875,0.0425940208333333,"actual",180,"2023"
2023-06-30,-0.0828913541666667,40.4728639583333,5.08147309166667,3.09930875,75.7681458333333,17.4990208333333,14.715,21.099,0,109.40484375,0.35226525,0.144698645833333,0.0968465416666667,24.8584166666667,23.3421666666667,23.0805833333333,0.338711816666667,0.0427802083333333,"actual",181,"2023"
2023-07-01,0.05509129375,34.039699625,4.28291810625,3.50335339583333,79.2810708333333,17.0916041666667,14.496,20.392,0,26.13132,0.3514090625,0.144638895833333,0.0959298625,24.7026875,23.2435208333333,22.5473541666667,0.152517279166667,0.0406916041666667,"actual",182,"2023"
2023-07-02,-0.08957921875,35.5288970208333,5.95379169791667,3.445188125,75.756175,16.911875,14.711,19.9450000000001,0,85.0538,0.351991729166667,0.143502125,0.0953076395833333,24.7,22.9409583333333,22.3207083333333,0.3031481,0.038939625,"actual",183,"2023"
2023-07-03,-0.0112304091666667,28.2535736041667,4.7399483,3.52756525,73.3018854166667,17.1441041666667,13.4570000000001,21.055,0,61.3919466666667,0.351988875,0.142200041666667,0.0941326333333333,24.6441666666667,22.62225,21.8103125,0.224511072916667,0.0376965,"actual",184,"2023"
2023-07-04,-0.20725164375,47.076167625,4.91328937291667,3.97395875,73.98346875,16.5005625,13.967,19.815,0,167.114634444444,0.351295895833333,0.141924958333333,0.0943513854166667,24.4,22.5246041666667,21.99075,0.4083998625,0.0355145416666667,"actual",185,"2023"
2023-07-05,-0.158587654285714,38.2751602571429,5.43569185714286,2.18957988571429,79.1383828571429,15.2665142857143,12.426,18.936,0,12.182875,0.349889542857143,0.140847542857143,0.0914904771428571,24.3788571428571,22.1502857142857,20.6997714285714,0.0843284354166667,0.0331215625,"actual",186,"2023"
2023-07-06,-0.3501258,52.524082165,3.401246285,4.7785445,66.309988,18.05764,15.835,19.509,0,95.6315,0.34935732,0.14148472,0.094357776,24.07244,21.9892,22.82652,0.321055583333333,0.0332137083333333,"actual",187,"2023"
2023-07-07,-0.244842495833333,38.1498047083333,3.54996827291667,4.129235625,71.894825,16.2290833333333,14.205,18.338,0,100.558816666667,0.351558354166667,0.140658354166667,0.0931201354166667,23.9014583333333,22.0057708333333,21.2084583333333,0.267641454166667,0.0309018958333333,"actual",188,"2023"
2023-07-08,-0.227501672916667,45.7686733541667,4.358610375,3.25524702083333,72.1239291666667,16.25775,12.365,20.808,0,159.0215725,0.351160395833333,0.141643041666667,0.09312291875,23.8941458333333,21.9752083333333,21.8094166666667,0.49239495625,0.0749894166666667,"actual",189,"2023"
2023-07-09,-0.385279502083333,62.4787768541667,6.9907510625,2.319940875,72.1855166666667,16.7728125,11.201,23.563,0,248.1138125,0.3498791875,0.141733354166667,0.0937097416666667,23.726375,22.3950625,22.8193541666667,0.87958006875,0.439460208333333,"actual",190,"2023"
2023-07-10,0.142297638297872,66.5427970833333,13.949419787234,2.4828894375,65.9553770833333,18.6941458333333,10.526,26.258,0,315.307831176471,0.349961770833333,0.142949395833333,0.0950840166666667,23.8036458333333,23.4288125,24.4431666666667,1.04094829791667,0.702430416666667,"actual",191,"2023"
2023-07-11,-0.368015175,70.2142144958333,4.77304516666667,2.611523625,67.15483125,18.7285416666667,13.047,25.434,0,289.709611764706,0.3499860625,0.1438604375,0.0953590333333333,24.0085416666667,24.4583958333333,25.3067291666667,1.01009690208333,0.573727083333333,"actual",192,"2023"
2023-07-12,-0.298108627916667,53.6520551666667,2.42061633333333,2.997802375,74.6143145833333,16.8208541666667,13.68,20.287,0,189.551163636364,0.351423625,0.143616666666667,0.0932250041666667,24.3270833333333,24.5578541666667,24.0720625,0.615653316666667,0.602559166666667,"actual",193,"2023"
2023-07-13,-0.152781670833333,42.6800239583333,3.9934615,3.07192854166667,72.4394770833333,16.9317708333333,12.667,20.859,0,192.6995375,0.352518,0.14246875,0.0912194458333333,24.6304166666667,23.7670833333333,22.9937083333333,0.477487141666667,0.752881666666667,"actual",194,"2023"
2023-07-14,-0.300153827083333,65.4402510208333,5.20880098333333,3.11913854166667,65.20479375,18.0757083333333,13.391,23.37,0,212.769499444444,0.352539625,0.141973645833333,0.0920284791666667,24.7,23.7428541666667,24.1063333333333,0.990077622916667,0.868389166666667,"actual",195,"2023"
2023-07-15,-0.2131369925,50.8204584166667,3.600792375,2.48420397916667,70.2983770833333,17.1300833333333,12.581,22.485,0,132.90998625,0.3525583125,0.14159725,0.0918701395833333,24.7,24.0139375,23.8091041666667,0.801842897916667,0.749555,"actual",196,"2023"
2023-07-16,-0.257464761520833,47.5796602708333,3.74812953333333,2.48935489583333,72.5572125,16.5162083333333,12.526,20.623,0,203.15679,0.3524610625,0.1407180625,0.0906423625,24.7,23.8344375,23.4171041666667,0.535565858333333,0.560324791666667,"actual",197,"2023"
2023-07-17,0.0154020235416667,25.9196226875,2.62915179166667,2.59251166666667,73.9604583333333,15.8563541666667,11.927,19.803,0,67.6549,0.3519930625,0.1395756875,0.0883881895833333,24.7,23.2394791666667,21.9326041666667,0.201854925,0.360602291666667,"actual",198,"2023"
2023-07-18,-0.0162810833333333,48.3862409583333,5.04852520833333,3.25420791666667,71.78913125,16.3076875,12.248,21.51,0,91.40406875,0.349623583333333,0.139518729166667,0.0893055520833333,24.63875,22.6241041666667,22.0020416666667,0.600610689583333,0.228867916666667,"actual",199,"2023"
2023-07-19,-0.0924972020833333,32.3793799791667,1.82937380833333,2.792195375,73.6595333333333,16.7425416666667,12.407,21.4450000000001,0,65.7808923076923,0.349858375,0.1393840625,0.08841736875,24.4,22.6124583333333,21.9943333333333,0.44963991875,0.225314166666667,"actual",200,"2023"
2023-07-20,-0.507627245833333,74.0742327083333,9.60062008333333,2.95141054166667,61.9664520833333,18.8194375,12.138,25.914,0,312.228747058824,0.3494346875,0.13995275,0.0903479208333333,24.2727083333333,23.1090416666667,24.20575,0.787896270833333,0.239835416666667,"actual",201,"2023"
2023-07-21,-0.575021754166667,75.859651375,7.24980914583333,3.243706875,62.0641020833333,18.5327083333333,13.183,24.255,0,317.91795,0.34853125,0.140947229166667,0.0912562479166667,24.3032291666667,24.612,25.4842916666667,0.772550458333333,0.23800375,"actual",202,"2023"
2023-07-22,-0.141016479166667,45.146589,1.18607683333333,3.14709589583333,70.1094416666667,17.8510625,14.488,22.474,0,64.0079526666667,0.349635416666667,0.140992416666667,0.0892041729166667,24.585,24.6944583333333,24.3120833333333,0.5340074875,0.233292083333333,"actual",203,"2023"
2023-07-23,-0.192753214583333,48.8481785416667,3.79687822916667,3.75738,74.8188375,17.6249375,14.847,21.876,0,183.77623,0.349,0.140714541666667,0.0876388875,24.7895,24.1538958333333,23.6822708333333,0.451763677083333,0.231740208333333,"actual",204,"2023"
2023-07-24,0.185739439583333,34.5622245,4.06237832916667,2.6952990625,73.9147,17.3805,13.129,21.379,0,87.9944833333333,0.3489993125,0.139707604166667,0.0866749979166667,24.8855,23.6353125,22.8955,0.226965910416667,0.230070833333333,"actual",205,"2023"
2023-07-25,-0.45225134125,53.9618304166667,2.17336833333333,3.37096541666667,74.4929604166667,18.01325,15.604,22.061,0,164.116609090909,0.349,0.139166583333333,0.0881861125,24.7149791666667,23.6916041666667,23.7087708333333,0.511892529166667,0.234768125,"actual",206,"2023"
2023-07-26,-1.61054577659574,39.241872125,8.04213144270833,3.052632125,75.1971375,16.767875,14.221,22.159,0,164.79628,0.349,0.138279270833333,0.0873243020833333,24.7,23.4653125,22.7178541666667,0.472972597916667,0.225595208333333,"actual",207,"2023"
2023-07-27,-0.423289827083333,38.3704697291667,4.5475735625,2.70206508333333,71.9656354166667,16.9639791666667,12.305,21.475,0,97.1178,0.3496125,0.137975729166667,0.0859923604166667,24.7,23.0862708333333,22.5613125,0.355827810416667,0.227175416666667,"actual",208,"2023"
2023-07-28,-0.386934589583333,52.2672549770833,1.66436985208333,3.99049229166667,75.6463520833333,16.7824375,14.6,20.272,0,100.081443636364,0.348090916666667,0.138093041666667,0.08744375625,24.6408333333333,23.2260416666667,22.8832083333333,0.4198757875,0.225715625,"actual",209,"2023"
2023-07-29,0.3445624675,41.4611092083333,5.531782875,2.76043875,77.88026875,16.6664375,13.595,21.407,0,84.4617666666667,0.346241666666667,0.138025020833333,0.0865069395833333,24.4079166666667,23.1078541666667,22.780375,0.35952111875,0.224863958333333,"actual",210,"2023"
2023-07-30,-0.9668129375,68.4121957916667,2.28056679166667,2.7793688125,75.94869375,17.7510625,12.736,24.262,0,309.830792307692,0.347064625,0.138257604166667,0.0878895833333333,24.4,23.3222083333333,24.0242083333333,0.6634929125,0.23343,"actual",211,"2023"
2023-07-31,-0.864126789166667,85.7570379166667,5.30906477291667,2.993935125,71.3155166666667,18.6335208333333,12.907,25.688,0,320.39870625,0.3481785,0.139213895833333,0.0888208270833333,24.4,24.4316458333333,25.5894166666667,0.808308520833333,0.240490625,"actual",212,"2023"
2023-08-01,-0.397827577083333,56.4596277916667,2.37347447083333,3.71149354166667,75.6987229166667,17.262,14.019,21.612,0,108.095253846154,0.347631291666667,0.139584729166667,0.0870812520833333,24.63125,24.7788125,24.3178125,0.542793608333333,0.229616458333333,"actual",213,"2023"
2023-08-02,-0.368904275,54.553486875,7.12756581465116,5.04936291666667,76.6496604166667,17.0278541666667,13.911,20.317,0.1,245.221571428571,0.348478479166667,0.139268041666667,0.0856999958333333,24.8387708333333,24.0385,23.3417708333333,0.357905379166667,0.227754166666667,"actual",214,"2023"
2023-08-03,0.272649272727273,3.31305714545455,-0.346999272727273,3.86172,84.1229090909091,15.7755454545455,15.4,16.353,0,340.30107632303,0.348287909090909,0.138657545454545,0.0856878727272727,24.8993636363636,23.9923636363636,22.1384545454545,0,0.222452083333333,"filled",215,"2023"
2023-08-04,NA,70.9404655656135,31.9057353361409,3.63848618689568,69.9950923038542,18.7957743833067,14.6128068849706,23.9448723761545,1.49181100331317,340.30107632303,0.296080115490063,0.17466515049337,0.126477212394301,25.4051387173863,25.0501671388997,25.1954801929466,0,0.224220416666667,"filled",216,"2023"
2023-08-05,NA,70.9404655656135,31.9057353361409,3.63848618689568,69.9950923038542,18.7957743833067,14.6128068849706,23.9448723761545,1.49181100331317,340.30107632303,0.296080115490063,0.17466515049337,0.126477212394301,25.4051387173863,25.0501671388997,25.1954801929466,0,0.224722916666667,"filled",217,"2023"
2023-08-06,NA,70.9404655656135,31.9057353361409,3.63848618689568,69.9950923038542,18.7957743833067,14.6128068849706,23.9448723761545,1.49181100331317,340.30107632303,0.296080115490063,0.17466515049337,0.126477212394301,25.4051387173863,25.0501671388997,25.1954801929466,0,0.225759166666667,"filled",218,"2023"
2023-08-07,NA,70.9404655656135,31.9057353361409,3.63848618689568,69.9950923038542,18.7957743833067,14.6128068849706,23.9448723761545,1.49181100331317,340.30107632303,0.296080115490063,0.17466515049337,0.126477212394301,25.4051387173863,25.0501671388997,25.1954801929466,0,0.22720125,"filled",219,"2023"
2023-08-08,0.456827525,-11.6076558333333,-4.58176641666667,3.979865,60.43334,19.1854666666667,16.098,22.773,0,340.30107632303,0.3468466,0.137555533333333,0.08727556,24.3497333333333,24.4576,25.916,0,0.234382916666667,"filled",220,"2023"
2023-08-09,0.621399106382979,26.6774775,26.9948959791667,3.24972958333333,82.1376729166667,16.3015208333333,14.345,19.474,1.5,99.71858625,0.346433333333333,0.135685395833333,0.0827381979166667,24.4,23.5042708333333,22.2629791666667,0.294575266666667,0.221741458333333,"actual",221,"2023"
2023-08-10,-0.105830106382979,44.0364266170213,12.8151405319149,3.3219229787234,74.1979041666667,17.408,14.541,21.896,0,340.30107632303,0.3466395625,0.134875375,0.08259270625,24.4,22.521,22.0296666666667,0,0.231371458333333,"filled",222,"2023"
2023-08-11,-0.21480330625,43.3598714791667,5.068988875,2.72052791666667,70.805225,17.2586875,13.47,21.836,0,340.30107632303,0.347154166666667,0.134964520833333,0.08476110625,24.2779166666667,22.7377916666667,22.5930833333333,0,0.230179791666667,"filled",223,"2023"
2023-08-12,-0.234605034042553,50.668539106383,4.23666636808511,2.80406808510638,69.3866106382979,16.4320425531915,11.829,22.031,0,340.30107632303,0.347674510638298,0.135600744680851,0.0854858127659574,24.2,22.8276170212766,22.8488510638298,0,0.223354375,"filled",224,"2023"
2023-08-13,-0.41690779375,74.7246617291667,5.16614177083333,3.52969408333333,67.2515083333333,17.5681041666667,11.74,23.439,0,340.30107632303,0.345124916666667,0.136506958333333,0.0867979229166667,24.2,23.4890833333333,24.6825,0,0.233224375,"filled",225,"2023"
2023-08-14,-0.48590709375,73.5851988020833,3.0954799375,3.31920441666667,66.1660979166667,18.22675,12.316,24.093,0,340.30107632303,0.344394479166667,0.136777770833333,0.0868861104166667,24.2193541666667,24.2648958333333,25.2172083333333,0,0.239279791666667,"filled",226,"2023"
2023-08-15,-0.48935948125,80.3863397291667,0.70371125,3.56462425,69.91050625,19.11425,13.956,24.685,0,340.30107632303,0.346938208333333,0.137813208333333,0.0869305583333333,24.4005833333333,24.9925208333333,26.3243333333333,0,0.247299375,"filled",227,"2023"
2023-08-16,-0.570065522916667,67.5767742354167,3.66228814583333,3.685635375,69.2658166666667,18.7436458333333,15.676,22.93,0,340.30107632303,0.3477256875,0.137822208333333,0.0857923604166667,24.7017708333333,25.3404166666667,25.6505,0,0.24387125,"filled",228,"2023"
2023-08-17,-0.355388020833333,55.1737532883333,1.81039397916667,3.82125854166667,70.4355729166667,18.1871666666667,14.993,22.602,0,340.30107632303,0.346651395833333,0.136536125,0.0842909729166667,24.8998541666667,24.927625,24.8475833333333,0,0.238981666666667,"filled",229,"2023"
2023-08-18,-0.82357799375,86.7416029375,4.67835679375,4.50799229166667,68.3367833333333,17.9895416666667,14.351,23.52,0,340.30107632303,0.346015979166667,0.136590229166667,0.08422569375,24.9453958333333,24.7840416666667,25.5409375,0,0.237424583333333,"filled",230,"2023"
2023-08-19,-0.596286747916667,87.1268452708333,4.7508695375,3.03915447916667,60.15873125,18.8391041666667,13.732,25.125,0,340.30107632303,0.346033354166667,0.1381166875,0.08523958125,25.0647916666667,25.6747291666667,27.3603958333333,0,0.245737083333333,"filled",231,"2023"
2023-08-20,-0.585297547916667,86.8026171458333,8.79887847916667,3.2508566875,51.7671,19.2462708333333,12.044,25.809,0,340.30107632303,0.3469923125,0.1391541875,0.0849048604166667,25.270625,26.3458125,27.4426041666667,0,0.2500725,"filled",232,"2023"
2023-08-21,-0.803501425,92.6112228125,3.47336820833333,3.7969441875,55.6432145833333,19.1314791666667,12.717,24.831,0,340.30107632303,0.348833291666667,0.1388548125,0.0834590270833333,25.5277708333333,26.5306041666667,27.309375,0,0.248939375,"filled",233,"2023"
2023-08-22,-0.490998014893617,89.4947706170213,4.05702370212766,3.34287489361702,60.2240458333333,20.0821875,15.128,25.935,0,340.30107632303,0.3485278125,0.138995166666667,0.0844076416666667,25.7535416666667,27.1993125,29.013875,0,0.25824375,"filled",234,"2023"
2023-08-23,-0.3608271275,58.554157575,0.0417905000000001,3.653259775,66.3515666666667,18.2419285714286,12.746,24.9,0,278.291438461538,0.348756357142857,0.139318428571429,0.0819608904761905,26.0581904761905,27.5766904761905,27.7396428571429,0.6878677125,0.240441666666667,"actual",235,"2023"
2023-08-24,-0.671146413043478,80.0861260434783,2.34479304347826,3.42282673913043,67.2915895833333,18.12525,13.515,24.141,0,286.171682352941,0.349011104166667,0.137926354166667,0.0812350166666667,26.3302916666667,27.1530833333333,27.8310833333333,0.939181845833333,0.239598125,"actual",236,"2023"
2023-08-25,-0.71027411875,100.033285,3.20777402083333,3.84947770833333,67.2240375,18.431375,12.481,24.749,0,339.256022222222,0.349,0.138002791666667,0.0808527791666667,26.4,27.2259583333333,28.0768958333333,1.0171187,0.242911666666667,"actual",237,"2023"
2023-08-26,-0.779392227083333,94.355599375,4.50446635416667,3.93934,61.20808125,19.7287916666667,14.787,25.964,0,370.386570588235,0.349,0.138470166666667,0.0801430479166667,26.5795833333333,27.6986875,29.079375,0.993702627083333,0.256002083333333,"actual",238,"2023"
2023-08-27,-0.597913727083333,71.730661875,3.9952910625,3.64099291666667,62.13881875,19.4253125,14.237,26.093,0,348.3735,0.349001395833333,0.1387784375,0.07925208125,26.7341666666667,27.9197916666667,28.6428541666667,0.82579211875,0.25320625,"actual",239,"2023"
2023-08-28,-0.643276068085106,67.3340401702128,-0.65875225106383,4.29698510638298,66.1073083333333,18.3773958333333,14.17,23.006,0,204.732246666667,0.348955583333333,0.137957645833333,0.0772923625,26.8974791666667,27.4420208333333,27.07075,0.832971402083333,0.24278375,"actual",240,"2023"
2023-08-29,-0.617867539583333,62.0630196479167,1.88507589583333,4.51036645833333,65.3345791666667,18.0775208333333,13.665,22.525,0,203.206669230769,0.349004208333333,0.136527791666667,0.0757701270833333,26.9,26.5810208333333,25.9279791666667,0.684083483333333,0.261867916666667,"actual",241,"2023"
2023-08-30,-0.454131649583333,53.1469058333333,0.0266542625,4.31895708333333,72.226025,18.024625,15.118,21.837,0,184.284475,0.3493105,0.135301354166667,0.074990275,26.865,25.9231041666667,25.0973541666667,0.41256321875,0.294637708333333,"actual",242,"2023"
2023-08-31,-0.427170473541667,55.7896525208333,0.666096379166667,3.66033729166667,72.3269125,18.073875,15.239,22.706,0,132.612175,0.3486723125,0.134604125,0.074877775,26.7002916666667,25.4974791666667,25.2118125,0.564218829166667,0.32886125,"actual",243,"2023"
2023-09-01,-0.453462965217391,55.8117573478261,0.314138141304348,3.70767173913043,70.9818234042553,18.8708085106383,15.46,23.509,0,134.249953846154,0.348085106382979,0.135025574468085,0.0755595808510638,26.4317021276596,25.6354468085106,25.9065957446808,0.63257889375,0.372343958333333,"actual",244,"2023"
2023-09-02,-0.409953952083333,59.7624141666667,2.710559125,3.21550479166667,71.8546916666667,18.6796666666667,15.53,23.494,0,177.4641,0.349588916666667,0.1351799375,0.0752236104166667,26.4,25.593,25.703625,0.646850758333333,0.339375625,"actual",245,"2023"
2023-09-03,-0.622154270416667,81.047951875,3.35564883333333,3.62902085416667,65.73480625,18.9004166666667,12.729,25.891,0,309.284450588235,0.348450645833333,0.1355166875,0.0769284708333333,26.3131458333333,25.8345,26.9213958333333,0.822211360416667,0.183909583333333,"actual",246,"2023"
2023-09-04,-0.347108500833333,56.4122514583333,0.74950983125,3.5556078125,65.7656,18.7764375,14.349,24.476,0,183.688338461538,0.347016625,0.135909041666667,0.07598541875,26.30025,26.3595208333333,26.5339583333333,0.589120435416667,0.1779128125,"actual",247,"2023"
2023-09-05,-0.563143229166667,69.3016292708333,3.04030791666667,3.22474520833333,65.7836666666667,19.6305625,13.736,25.63,0,239.406047058824,0.3470770625,0.135826375,0.0762229166666667,26.4,26.2977083333333,27.1638333333333,0.874861470833333,0.414542083333333,"actual",248,"2023"
2023-09-06,-0.542993399583333,68.6192385625,2.44910901041667,2.4208729375,59.9931125,20.4159166666667,13.625,26.98,0,276.93073125,0.3473868125,0.135936770833333,0.0771305520833333,26.4,26.8229791666667,27.9871458333333,0.723637945833333,0.351831875,"actual",249,"2023"
2023-09-07,4.29470168085106,30.0712487916667,34.6736285208333,2.35727547916667,79.8072479166667,18.5461666666667,15.4690000000001,24.235,23.2,183.006933333333,0.347209729166667,0.135391,0.100285416666667,26.540625,26.9472916666667,25.7251875,0.211080664583333,0.101871104166667,"actual",250,"2023"
2023-09-08,4.16427954166667,33.9174194583333,77.4455054166667,3.3733611875,84.9706104166667,17.8262708333333,15.345,20.883,1.5,216.307176923077,0.349186166666667,0.131806895833333,0.25187225,26.6454166666667,24.6317916666667,22.0222291666667,0.307796366666667,0.233942083333333,"actual",251,"2023"
2023-09-09,2.83274042553191,26.2632288297872,51.8218340425532,3.55846680851064,79.5274595744681,17.6265957446809,15.183,20.303,0,237.6906,0.347320531914894,0.130307829787234,0.225249617021277,26.2935531914894,23.1594893617021,20.6311276595745,0.161292960416667,0.486612708333333,"actual",252,"2023"
2023-09-10,2.52619547916667,48.3389629166667,56.6845426875,3.4694965,69.45663125,18.7040625,13.124,24.802,0,304.840005882353,0.347008333333333,0.130267291666667,0.215004208333333,25.7641041666667,22.7200625,22.3256458333333,0.495292702083333,0.764251041666667,"actual",253,"2023"
2023-09-11,1.58313407083333,62.2311816875,39.6512204791667,3.10373864583333,68.9620729166667,19.6343125,15.061,25.398,0,286.393811764706,0.34506875,0.133102020833333,0.209468020833333,25.3983333333333,23.9331041666667,24.5447708333333,0.48821773125,1.04681833333333,"actual",254,"2023"
2023-09-12,1.0217568125,61.6810872291667,35.9844958208333,2.69006041666667,70.7053458333333,20.1015416666667,15.272,26.385,0,311.178470555556,0.345063208333333,0.134589604166667,0.2025764375,25.32,24.9461041666667,25.84425,0.59171169375,0.818682916666667,"actual",255,"2023"
2023-09-13,0.434178446808511,41.3743320833333,27.0674512083333,3.57714683333333,78.2857145833333,18.544125,15.581,23.426,0,212.366258333333,0.345997854166667,0.1346708125,0.192341020833333,25.3991666666667,25.0428541666667,24.2182708333333,0.464045877083333,0.244305395833333,"actual",256,"2023"
2023-09-14,0.121937625,72.3286178333333,32.4720627083333,4.58700291666667,61.65570625,19.3026875,15.091,24.612,0,303.076659473684,0.347738104166667,0.134070854166667,0.185522895833333,25.4,24.6033958333333,24.8387083333333,0.945237977083333,0.140067291666667,"actual",257,"2023"
2023-09-15,-0.04901581875,50.8329214583333,21.5041986666667,3.47238104166667,70.5734708333333,18.2459166666667,15.113,22.307,0,305.07546,0.3466145625,0.134484,0.175744416666667,25.4,24.9520833333333,24.498,0.6172834875,0.312216041666667,"actual",258,"2023"
2023-09-16,-0.316091613333333,61.5928619777778,24.7957142444444,3.06319826666667,67.6486,19.1857391304348,13.581,25.406,0,335.7980625,0.346,0.134354326086957,0.167461608695652,25.4042608695652,24.9365434782609,25.5514347826087,1.15701866041667,0.513779166666667,"actual",259,"2023"
2023-09-17,1.68586075,48.681597625,58.3296081875,3.15935035416667,69.7588854166667,20.0790625,15.784,27.177,7.9,352.875046153846,0.345729166666667,0.135647875,0.157876416666667,25.5048333333333,25.680375,25.9234791666667,0.95960236875,0.728590625,"actual",260,"2023"
2023-09-18,0.85998346875,46.2966245229167,70.4465104166667,3.53220997916667,71.04949375,19.2705,15.203,24.899,0,296.613668125,0.3450763125,0.134521479166667,0.148725,25.6,24.7414375,23.6110833333333,1.1884558125,0.745033541666667,"actual",261,"2023"
2023-09-19,-0.0729601875,54.232561875,40.3199923333333,3.57050264583333,70.2836354166667,19.4325833333333,14.032,24.854,0,321.485278125,0.345006916666667,0.134595833333333,0.149037520833333,25.6,24.5821458333333,24.465375,1.26642483541667,0.606528958333333,"actual",262,"2023"
2023-09-20,-0.00222400000000003,56.3090926354167,40.7984921875,2.80911870833333,68.6975354166667,20.1345,15.045,27.251,0,425.005692307692,0.34501525,0.135688875,0.149384041666667,25.5696875,25.2923541666667,25.9750416666667,1.14154184791667,0.450650625,"actual",263,"2023"
2023-09-21,-0.976572204166667,73.673789125,26.63266465,3.612694625,68.6747895833333,20.1057916666667,14.46,26.739,0,335.614471052632,0.3450083125,0.1370625,0.144192375,25.5958333333333,25.8379166666667,26.5654791666667,1.50179236666667,0.253368541666667,"actual",264,"2023"
2023-09-22,-0.84962096875,67.74360604375,22.256223628125,4.064193125,63.4521833333333,20.326125,15.959,25.848,0,292.61195625,0.3467090625,0.1379535,0.137704854166667,25.735625,26.3981875,26.8809583333333,1.36162815,0.36834375,"actual",265,"2023"
2023-09-23,-0.816873625,60.0980591666667,15.170860375,4.20757166666667,65.6825229166667,19.5375416666667,15.602,24.746,0,214.412135294118,0.347840291666667,0.137238916666667,0.129849270833333,25.9229166666667,26.2128333333333,25.9602708333333,1.48466325625,0.897194583333333,"actual",266,"2023"
2023-09-24,-0.771860041666667,65.5471896458333,11.8008631666667,4.195135625,72.2410625,18.8737708333333,16.083,24.308,0,306.5698,0.347098541666667,0.137177104166667,0.124168770833333,26.1702083333333,25.7646458333333,25.3581875,1.02801706666667,1.15548541666667,"actual",267,"2023"
2023-09-25,-0.709406916666667,81.685043875,18.2107063416667,3.16541958333333,58.6269666666667,20.5134583333333,14.709,27.223,0,310.9818,0.347341708333333,0.137352104166667,0.122254125,26.2,26.0772291666667,27.2269166666667,1.69704375625,1.22011541666667,"actual",268,"2023"
2023-09-26,-0.552829179166667,72.9623905625,13.8697946458333,2.78033333333333,64.89585,20.2265625,13.955,27.282,0,291.157194117647,0.347786125,0.1384583125,0.119529916666667,26.2048541666667,27.0439375,28.0819791666667,1.40542718541667,0.92328375,"actual",269,"2023"
2023-09-27,-0.58160098125,71.6524049583333,9.43157939583333,3.510674625,67.2390666666667,20.2718541666667,14.796,26.274,0,303.744544666667,0.347131916666667,0.138970104166667,0.116847270833333,26.3844166666667,27.462125,28.2642083333333,0.921554364583333,0.3591474375,"actual",270,"2023"
2023-09-28,-0.412558936170213,49.4535040425532,3.35051729787234,3.82616106382979,71.9833875,18.8903333333333,16.028,22.688,0,79.79812,0.347003458333333,0.138249604166667,0.110942333333333,26.6475,26.9250208333333,26.1037291666667,0.607659839583333,0.0803914583333333,"actual",271,"2023"
2023-09-29,-0.76765775,87.7337795416667,7.50977770833333,3.6988450625,67.5362375,19.8945833333333,13.9450000000001,26.59,0,315.982333333333,0.347511145833333,0.1372756875,0.1093069375,26.7,26.3411041666667,26.9581041666667,0.90071205625,0.138778416666667,"actual",272,"2023"
2023-09-30,-0.16490125,73.4245608333333,9.29231313125,4.05422145833333,71.1727541666667,19.7404375,15.228,26.395,0,221.8500375,0.348409041666667,0.137877104166667,0.10608050625,26.7,26.934125,27.3269375,0.79200048125,0.164967083333333,"actual",273,"2023"
2023-10-01,-0.428553635416667,85.6335548125,12.0364913875,3.52044802083333,66.1106895833333,20.8659166666667,16.394,27.5820000000001,0,279.479245294118,0.348707645833333,0.137732666666667,0.105049264583333,26.7002916666667,27.3050833333333,28.5874583333333,0.80427665,0.177898125,"actual",274,"2023"
2023-10-02,-0.570706385416667,68.287862125,6.64150075,3.21525364791667,61.6524895833333,20.7868125,14.592,27.581,0,290.7448625,0.348630520833333,0.138065958333333,0.100974325,26.8530416666667,27.7067916666667,28.3215625,0.744592785416667,0.181035416666667,"actual",275,"2023"
2023-10-03,-0.521205729166667,88.9952372916667,4.61829583333333,3.35967477083333,61.50964375,18.9791666666667,12.246,25.451,0,355.887122222222,0.348842333333333,0.137788291666667,0.0991764395833333,26.9525,27.6097083333333,28.4655,0.895479122916667,0.168505416666667,"actual",276,"2023"
2023-10-04,0.740451753191489,60.08138625,3.15145477083333,4.62311416666667,79.36948125,17.9697708333333,16.285,21.069,0,340.30107632303,0.348764604166667,0.138080604166667,0.0940444458333333,27.1758333333333,27.3566666666667,26.3929375,0,0.161697708333333,"filled",277,"2023"
2023-10-05,-2.49512210638298,50.8779194375,8.50807545833333,3.823876875,73.0515604166667,18.7141041666667,15.172,23.322,0.1,340.30107632303,0.3481465625,0.1368034375,0.09125903125,27.2,26.2791041666667,25.5136041666667,0,0.171571458333333,"filled",278,"2023"
2023-10-06,-0.766640710833333,96.1444644791667,8.56099085416667,4.09029208333333,67.6188458333333,20.0886875,15.802,26.429,0,340.30107632303,0.346341666666667,0.136109729166667,0.0927965375,26.94875,26.3724166666667,27.8043125,0,0.187337083333333,"filled",279,"2023"
2023-10-07,-1.45333392916667,101.4429525,8.149947625,3.56785916666667,59.02029375,20.1184583333333,14.916,26.075,0,340.30107632303,0.347261145833333,0.137520916666667,0.0925097208333333,26.9,27.6183333333333,29.317625,0,0.190847291666667,"filled",280,"2023"
2023-10-08,-0.872891572729167,94.1575331875,7.99204977083333,3.337628625,56.3837166666667,20.7373958333333,13.074,27.895,0,340.30107632303,0.347339583333333,0.138268729166667,0.0910381875,27.0802083333333,28.2909166666667,29.9349583333333,0,0.200431041666667,"filled",281,"2023"
2023-10-09,-0.910831316666667,103.579851666667,4.776643125,4.2443993125,61.2661833333333,21.1456666666667,14.465,27.939,0,340.30107632303,0.347367375,0.138782666666667,0.0891118104166667,27.3589583333333,28.8646458333333,30.5419375,0,0.207318125,"filled",282,"2023"
2023-10-10,-0.840806426666667,91.0041606666667,1.41607013333333,5.19871822222222,66.4248043478261,20.8044347826087,16.307,27.404,0,340.30107632303,0.346559434782609,0.139037673913043,0.0879115913043478,27.6289130434783,29.3571739130435,31.0805,0,0.20642375,"filled",283,"2023"
2023-10-11,-0.9099388875,94.8566341041667,3.02240585416667,4.42156958333333,61.2665145833333,20.6513333333333,14.572,26.529,0,340.30107632303,0.348512479166667,0.1385833125,0.0851527791666667,27.8994583333333,29.4122916666667,30.7255625,0,0.208707916666667,"filled",284,"2023"
2023-10-12,-0.944356232608696,100.785337608696,6.82981849782609,4.00601586956522,58.1632914893617,21.2242340425532,14.611,27.947,0,29.4434,0.348902106382979,0.13808385106383,0.0832764744680851,28.0053191489362,29.493829787234,31.0569787234043,0.0112047354166667,0.217343333333333,"actual",285,"2023"
2023-10-13,-0.74576043,98.463902,7.79418395744681,3.61472036170213,57.1688212765957,22.0697446808511,14.436,29.036,0,427.229765,0.34894470212766,0.137812063829787,0.0825829787234043,28.2640425531915,29.9195106382979,31.896,1.03096905833333,0.226400416666667,"actual",286,"2023"
2023-10-14,-0.808537160416667,103.408186416667,0.342914770833333,5.19766916666667,64.392325,22.0937083333333,16.24,28.139,0,428.301035,0.348954854166667,0.138261104166667,0.0808923604166667,28.4841666666667,30.2092291666667,31.9303333333333,0.982394910416667,0.21506375,"actual",287,"2023"
2023-10-15,-0.733203666666667,92.2465402708333,1.81956345833333,5.57440854166667,67.1611291666667,21.9380625,17.653,27.562,0,348.26060952381,0.348772166666667,0.139035458333333,0.0783048625,28.6658333333333,30.1795833333333,31.303625,0.827375904166667,0.20041375,"actual",288,"2023"
2023-10-16,-0.803898585416667,100.233450664583,25.068026875,4.7498025,72.9987958333333,20.6519375,16.415,25.559,0.5,391.861627272727,0.348795854166667,0.137568083333333,0.0765333375,28.89875,29.6020833333333,30.4973541666667,0.9622999875,0.177256041666667,"actual",289,"2023"
2023-10-17,-0.328250447021277,68.0889755833333,6.82218189583333,3.44206495833333,72.1751354166667,20.5868333333333,16.998,26.705,0.1,287.020152380952,0.349854145833333,0.1364423125,0.0753937395833333,28.9,29.4539583333333,29.876,0.6704607625,0.164361666666667,"actual",290,"2023"
2023-10-18,-1.00629947241667,109.6925425,2.49232446666667,4.2181925,71.7426208333333,21.1431666666667,17.401,25.88,0,391.894776190476,0.349925020833333,0.1355479375,0.07631041875,28.9,29.35,31.0038125,0.82003174375,0.155772083333333,"actual",291,"2023"
2023-10-19,-0.523258595833333,86.5148322604167,31.7760793854167,4.75413270833333,79.3432416666667,19.6680833333333,16.879,24.565,0.9,333.004863636364,0.349721541666667,0.1351145625,0.0737250020833333,28.9,29.2220833333333,28.9907916666667,0.92384503125,0.134046458333333,"actual",292,"2023"
2023-10-20,-0.828845227083333,81.6878717458333,8.91177539583333,3.97216441666667,70.8595416666667,19.6337708333333,14.752,24.338,0,333.19557,0.349497916666667,0.134738916666667,0.0733263916666667,28.8608333333333,28.4168541666667,28.5655208333333,0.770486389583333,0.122042166666667,"actual",293,"2023"
2023-10-21,-0.565639597916667,81.2110427708333,6.86635814375,4.17645833333333,68.66950625,20.1332083333333,15.766,25.426,0,317.377223809524,0.347310479166667,0.133247270833333,0.0743236166666667,28.6002083333333,28.2291666666667,28.7231875,0.666559354166667,0.112693854166667,"actual",294,"2023"
2023-10-22,-0.6749431875,86.8134325625,8.90564183333333,3.37674210416667,56.1747958333333,21.2947916666667,16.2070000000001,26.313,0,335.479890909091,0.348216666666667,0.1336555625,0.0745513958333333,28.5989583333333,28.6166666666667,29.8582083333333,0.424609560416667,0.1059909375,"actual",295,"2023"
2023-10-23,-0.802760760416667,95.77151625,8.136808875,3.51718520833333,56.5813666666667,20.9188333333333,15.512,26.956,0,386.78877,0.348463208333333,0.133876458333333,0.0758381916666667,28.589375,29.1278541666667,31.0514791666667,0.443344566666667,0.0917562916666667,"actual",296,"2023"
2023-10-24,-0.427690941041667,93.220549375,3.76824269565217,3.41283897916667,62.7347854166667,21.2557708333333,15.268,26.838,0,361.825854545455,0.348806208333333,0.134257645833333,0.0749798583333333,28.6,29.6706458333333,31.2439375,0.528974364583333,0.0804067916666667,"actual",297,"2023"
2023-10-25,-0.9086036625,98.4367478895833,2.92267647916667,4.53788270833333,67.3103291666667,21.4290208333333,17.083,26.312,0,373.886510952381,0.349029770833333,0.13408125,0.0738986145833333,28.778125,29.8505625,31.314625,0.517395345833333,0.0681873333333333,"actual",298,"2023"
2023-10-26,1.12370113125,65.822745,48.8800003854167,4.64493145833333,76.4749270833333,19.7530208333333,16.887,24.274,1.9,302.015273636364,0.349205625,0.133015979166667,0.07047221875,28.9,29.145625,28.3735208333333,0.89795344375,0.0675962083333333,"actual",299,"2023"
2023-10-27,-0.3496863125,64.8720917708333,13.8070363791667,3.546241875,70.4929229166667,19.9925625,16.107,24.466,0,275.167909523809,0.348958354166667,0.130541,0.0710805541666667,28.8666666666667,27.7537291666667,27.5170416666667,0.639748675,0.0893228333333333,"actual",300,"2023"
2023-10-28,-0.530526477083333,71.3861383541667,4.50467442916667,3.86874945833333,67.547075,20.44425,15.294,26.183,0,299.917995238095,0.3477,0.129572979166667,0.0720034666666667,28.5904166666667,27.4879166666667,27.7265416666667,0.527796722916667,0.112569729166667,"actual",301,"2023"
2023-10-29,-0.57778849375,67.6509671875,3.98387127916667,3.7420025,66.8637791666667,20.4365,16.2,25.093,0,293.171014285714,0.3479083125,0.129555520833333,0.07233610625,28.3047916666667,27.6243958333333,28.1601041666667,0.487946689583333,0.13344875,"actual",302,"2023"
2023-10-30,-0.57068521875,80.7964620833333,3.108163125,4.12661229166667,72.7110270833333,19.8387291666667,16.069,25.109,0,320.12380952381,0.347330541666667,0.1300409375,0.0718270833333333,28.2589583333333,27.6245208333333,28.220625,0.5030054875,0.150389166666667,"actual",303,"2023"
2023-10-31,0.620462110416667,70.1825992083333,33.0219361666667,4.25831833333333,78.40265625,19.5774791666667,16.661,24.131,4.5,286.435794090909,0.345870125,0.129595166666667,0.0708041666666667,28.001875,27.452,27.4059583333333,0.42304619375,0.176322708333333,"actual",304,"2023"
2023-11-01,1.88114145833333,53.8521379375,50.2918070416667,3.76562208333333,72.3729479166667,20.1858125,15.984,25.036,0,301.581122727273,0.346807625,0.128078479166667,0.0703937541666667,28,26.6365416666667,25.7536458333333,0.507112179166667,0.80801125,"actual",305,"2023"
2023-11-02,3.86484117666667,42.0798043416667,83.1614575,3.63325166666667,85.2220625,18.8945,16.545,22.208,32.9,304.403186363636,0.34699025,0.127092354166667,0.119070833333333,27.828625,26.0304583333333,24.1640416666667,0.654993510416667,1.63332083333333,"actual",306,"2023"
2023-11-03,4.29499585416667,35.0883234541667,93.2378145833333,3.2994426875,88.6684333333333,18.2791666666667,16.62,22.504,8.3,326.501173181818,0.345402041666667,0.126275729166667,0.275398583333333,27.5325,24.6805625,22.6790416666667,0.862561747916667,2.44954166666667,"actual",307,"2023"
2023-11-04,3.1381070625,37.2510174375,89.3478125,3.1963183125,84.6623895833333,18.2175,15.528,21.34,8.6,294.158937826087,0.344057645833333,0.123460458333333,0.293974333333333,27.0503333333333,23.66,22.1207708333333,0.985879525,3.31711875,"actual",308,"2023"
2023-11-05,3.14151129166667,38.0209249625,94.8734031914894,3.003971875,85.4067645833333,18.8022916666667,16.419,23.165,7.2,313.003794545455,0.343301333333333,0.12855625,0.288827791666667,26.5979166666667,23.2799375,22.212875,1.25655159166667,3.90661875,"actual",309,"2023"
2023-11-06,2.59477470723404,49.0865571276596,119.628037425532,3.31546468085106,81.9824425531915,19.3158723404255,16.171,24.13,28.3914893617021,442.302968181818,0.340882957446809,0.141045404255319,0.293982319148936,26.250085106383,23.5087659574468,23.5320638297872,1.97537230833333,3.93184375,"actual",310,"2023"
2023-11-07,1.53838258333333,47.5288904333333,130.1900144375,2.90432258958333,82.5295125,19.1218333333333,15.6,23.813,35.8,471.368223478261,0.362130318181818,0.5385839375,0.331077791666667,25.7748541666667,22.8621041666667,23.4044375,2.71868732083333,3.63949166666667,"actual",311,"2023"
2023-11-08,0.714409875,36.8955162916667,91.3758471041667,3.479655625,88.1569229166667,18.588125,16.887,21.94,3.1,329.380918181818,0.383976,0.484067979166667,0.312096083333333,25.4152916666667,23.5605833333333,22.7636666666667,2.90184183333333,3.01098541666667,"actual",312,"2023"
2023-11-09,-0.0135127291666667,37.1354547916667,94.4620206979167,3.69626904166667,78.0319958333333,19.1361041666667,15.534,23.055,0,388.748533333333,0.3827041875,0.469227770833333,0.298436208333333,25.3677083333333,23.0490416666667,22.3030833333333,3.54810189375,2.99917083333333,"actual",313,"2023"
2023-11-10,-0.4215591875,23.4759630770833,74.1232822916667,3.72143416666667,85.2110458333333,18.7955,16.011,22.5,17.8,265.69565,0.382324872340426,0.465976395833333,0.323344520833333,25.0960416666667,22.7913125,21.8894791666667,3.80767935208333,3.32977083333333,"actual",314,"2023"
2023-11-11,-2.3136363125,24.4310841875,80.35180375,4.04001708333333,87.1696291666667,18.0381875,15.136,21.423,11.1,278.587202727273,0.381782411764706,0.547644458333333,0.35676525,24.8687291666667,22.0964583333333,21.305375,3.86422156458333,2.62493958333333,"actual",315,"2023"
2023-11-12,-0.333274375,31.6984373125,88.3486691041667,3.73403925,86.0476479166667,18.82325,16.501,23.126,4.4,342.781672727273,0.384631714285714,0.502800020833333,0.332704145833333,24.6477083333333,22.0705833333333,21.8277083333333,3.93939343958333,1.03083479166667,"actual",316,"2023"
2023-11-13,-1.77336152173913,70.6975497291667,113.4761018125,4.58041395833333,87.41468125,18.9746666666667,16.485,22.721,3.9,418.362254545455,0.38471875,0.517711083333333,0.344822270833333,24.4002083333333,22.4561666666667,22.3571875,4.51007894583333,0.209845833333333,"actual",317,"2023"
2023-11-14,0.677807782608696,25.1263677042553,84.7404021702128,2.50512642553191,89.7870666666667,18.5663125,16.327,23.09,22.2,332.427271428571,0.3842767,0.532916666666667,0.357936125,24.2884791666667,22.264125,22.3182291666667,3.67994606666667,0.133693041666667,"actual",318,"2023"
2023-11-15,-1.66221395744681,24.6452216666667,95.8526175416667,3.26071104166667,89.1649395833333,18.4241041666667,16.633,22.498,5.7,327.110717391304,0.308238172987861,0.524032666666667,0.35124375,23.9025,22.4021666666667,22.0445,4.34114532083333,0.399316270833333,"filled",319,"2023"
2023-11-16,-0.847309998958333,29.2320148541667,119.3023975,3.72536145833333,87.7726604166667,18.5588125,16.259,22.067,6.6,379.330668181818,0.308238172987861,0.535081958333333,0.3556083125,23.9964583333333,22.3416458333333,21.9241041666667,5.021824075,1.03706791666667,"filled",320,"2023"
2023-11-17,-0.50160489375,19.172599375,94.3867345833333,3.39018416666667,87.6700708333333,18.5839583333333,16.268,22.186,2.5,301.921754782609,0.308238172987861,0.521429895833333,0.349035458333333,23.9322916666667,22.2382708333333,21.7579166666667,5.02507259583333,2.06700208333333,"filled",321,"2023"
2023-11-18,-2.43528429787234,28.7200957446809,106.692342978723,3.52207319148936,82.4176106382979,19.1631489361702,16.243,23.038,1.73617021276596,360.371509090909,0.308238172987861,0.513408510638298,0.343392212765957,23.9095744680851,22.3002978723404,22.1891276595745,6.33833448958333,3.76893541666667,"filled",322,"2023"
2023-11-19,-1.48031412708333,39.3082404375,118.5532454375,3.46832802083333,82.0453083333333,19.327125,16.451,23.334,1.4,426.024477272727,0.384995285714286,0.498195833333333,0.322333333333333,23.9045833333333,22.6427291666667,22.7735,7.66430699583333,5.48197083333333,"actual",323,"2023"
2023-11-20,-0.327875125,35.5950815,102.276744270833,3.460504375,85.1705541666667,18.8102916666667,15.887,23.295,0.4,398.037259090909,0.384991038461538,0.484889583333333,0.310067375,24.1135416666667,22.953125,23.1864791666667,8.45028342708333,7.00367916666667,"actual",324,"2023"
2023-11-21,-3.78156895833333,30.7576602291667,92.3105670833333,3.57525520833333,87.74425,18.8851458333333,16.914,22.183,14.2,319.640898695652,0.384988833333333,0.5385729375,0.362691041666667,24.2,22.721875,22.4217708333333,8.85188461041667,6.97729791666667,"actual",325,"2023"
2023-11-22,-4.31456612765957,32.0676216666667,101.149781666667,4.05294979166667,91.67585,18.2911041666667,16.524,21.889,8.7,360.605489090909,0.308238172987861,0.538554833333333,0.367232604166667,24.1210416666667,22.5445208333333,22.4344583333333,8.23956291666667,5.25043125,"filled",326,"2023"
2023-11-23,-2.25968075208333,33.2904064166667,93.3596870833333,4.07969083333333,87.8911041666667,18.4119791666667,16.009,21.807,3.6,332.882750434783,0.308238172987861,0.518664583333333,0.350840333333333,23.9004166666667,22.5248541666667,22.3160625,8.09391715416667,4.76299583333333,"filled",327,"2023"
2023-11-24,-4.15112854166667,38.7577104375,101.234063833333,3.58804645833333,87.4369708333333,18.5965416666667,16.201,22.586,9,392.393336363636,0.385,0.523065979166667,0.358929166666667,23.9,22.5361875,22.5512291666667,9.15871462708333,5.47112083333333,"actual",328,"2023"
2023-11-25,-1.9593731627907,41.910419255814,90.7423890697674,2.75637169767442,87.22173125,18.6260208333333,16.171,22.4,6.8,319.919885714286,0.308238172987861,0.552608375,0.376272208333333,23.9,22.5870208333333,22.569,7.88722785,4.78433541666667,"filled",329,"2023"
2023-11-26,-5.26291036956522,36.491903375,94.1440078958333,3.28200508333333,89.8535354166667,18.3128333333333,15.642,21.965,8.4,339.004644545455,0.308238172987861,0.557616041666667,0.3865625,23.8616458333333,22.4705625,22.3667291666667,7.2790322375,2.70613958333333,"filled",330,"2023"
2023-11-27,-4.2396554375,28.3189202083333,128.225334791667,3.80644341666667,77.2322395833333,19.4688958333333,15.776,24.041,2.6,471.507686363636,0.308238172987861,0.5491625,0.3716729375,23.7096041666667,22.7203333333333,23.0390833333333,7.65161220416667,1.72765833333333,"filled",331,"2023"
2023-11-28,-1.20499617021277,23.278930106383,74.3089753255319,3.14525789361702,83.9516957446808,19.0666382978723,16.667,23.432,0,349.5513,0.308238172987861,0.513701425531915,0.341580893617021,23.8398723404255,22.7731276595745,22.4249361702128,5.44817218541667,1.33989791666667,"filled",332,"2023"
2023-11-29,-2.6907625,35.6991231916667,125.878053125,3.7564519375,75.9907145833333,19.5375416666667,16.519,23.983,0,498.21279047619,0.308238172987861,0.497737520833333,0.321502770833333,23.9,22.9528125,23.35575,6.89745017708333,1.27056458333333,"filled",333,"2023"
2023-11-30,-2.86145958333333,33.8016072916667,117.94656615625,3.73966695833333,72.16765625,19.1962916666667,15.4570000000001,23.404,0,483.408214285714,0.384666666666667,0.486692333333333,0.297056916666667,23.9120833333333,23.1549791666667,23.1158958333333,6.78817307708333,1.42848125,"actual",334,"2023"
2023-12-01,-3.37488629166667,33.9794330416667,111.783351479167,3.19991029166667,71.3552625,19.0845833333333,14.869,23.944,0,461.959777272727,0.38434188372093,0.478891041666667,0.276661791666667,24.1285416666667,23.2253958333333,23.3488333333333,6.8194691375,1.46449791666667,"actual",335,"2023"
2023-12-02,-2.88862082978723,26.085479625,97.9825900570833,3.14372782083333,75.3160854166667,19.513,14.764,24.388,0,411.976604545455,0.383998645833333,0.473573604166667,0.2603249375,24.2,23.3973541666667,23.477625,6.92400812083333,1.38543333333333,"actual",336,"2023"
2023-12-03,-3.89324345833333,42.2234234166667,99.2572896666667,3.879544375,82.5382416666667,19.2648333333333,16.648,23.413,0,401.681293913043,0.3836229375,0.468485416666667,0.247611041666667,24.2119791666667,23.6899166666667,24.1459375,8.07943314791667,1.93820625,"actual",337,"2023"
2023-12-04,-3.37510227659575,29.077347212766,79.0741831914894,3.53717938297872,80.1789787234043,18.9782553191489,15.925,23.501,0,363.49848,0.38299929787234,0.460031893617021,0.236065212765957,24.3676595744681,23.8942978723404,23.9174680851064,7.79872381875,3.17188958333333,"actual",338,"2023"
2023-12-05,-4.51290716666667,30.8256402083333,96.2922539270833,2.8938230625,75.4497520833333,19.2105,15.701,24.028,0,404.089252272727,0.382301375,0.454037479166667,0.224146583333333,24.4,23.9385208333333,24.5282708333333,8.85489851458333,3.27069166666667,"actual",339,"2023"
2023-12-06,-5.10366574468085,41.277177522766,87.1937204255319,2.86026982978723,79.4506723404255,19.0801063829787,16.362,23.583,0,383.176736363636,0.38234470212766,0.447594340425532,0.211365255319149,24.5789361702128,24.3275744680851,24.9313829787234,8.17790798541667,1.97088541666667,"actual",340,"2023"
2023-12-07,-5.60630644208333,43.9262198479167,96.9856283666667,2.78193272916667,76.5894166666667,19.162,13.776,24.675,0,473.767580952381,0.382406270833333,0.441664583333333,0.200075041666667,24.7,24.5596875,25.2516458333333,8.78704638125,1.701986875,"actual",341,"2023"
2023-12-08,-4.47237460625,38.3212235833333,101.520308979167,2.84945858333333,70.69371875,19.3130833333333,14.632,24.828,0,446.488163636364,0.381907,0.4307110625,0.189208333333333,24.835,24.9258958333333,25.69525,8.61698849583333,2.42347916666667,"actual",342,"2023"
2023-12-09,-5.94053188541667,43.48931615625,86.8020849145833,2.72352345833333,78.0796583333333,18.6891458333333,14.402,23.861,0,398.565322727273,0.381681270833333,0.420955583333333,0.178212520833333,24.9,24.9204583333333,25.4515208333333,8.73139297916667,2.62622708333333,"actual",343,"2023"
2023-12-10,-5.06364974468085,46.6899675,80.6340814583333,4.16345583333333,80.5942958333333,19.388,16.503,23.565,0.8,397.255942857143,0.3812715,0.40704725,0.171019395833333,25.0172291666667,25.0659791666667,25.7436666666667,8.87274027083333,2.65225,"actual",344,"2023"
2023-12-11,-4.15657510416667,38.4977035833333,84.1883916666667,3.603469375,80.10126875,19.1832291666667,15.521,23.854,0.1,396.180853636364,0.380993020833333,0.3951596875,0.16616875,25.1,25.06025,25.2713125,8.87962299375,2.40941875,"actual",345,"2023"
2023-12-12,-4.55870891666667,31.0628566666667,73.665427523125,2.8523084375,81.2433895833333,19.2441458333333,15.004,24.279,0,353.752301818182,0.380360375,0.379901395833333,0.161479833333333,25.18875,24.9262083333333,25.2768958333333,8.0429619,2.0340875,"actual",346,"2023"
2023-12-13,-3.81291379166667,34.4139445,70.2117684583333,2.64172985416667,82.55443125,19.6378958333333,15.866,24.745,0,349.701747619048,0.380001395833333,0.360325041666667,0.1584631875,25.3722916666667,25.0139375,25.424375,7.57080547708333,1.78740208333333,"actual",347,"2023"
2023-12-14,-4.01666070833333,43.9415468541667,66.1398162916667,3.00979833333333,85.1218125,19.6510208333333,17.216,23.878,0.1,355.748605,0.379427104166667,0.341574291666667,0.155460395833333,25.4,25.2133541666667,25.6365,6.98596322916667,1.59991666666667,"actual",348,"2023"
2023-12-15,-2.72605472916667,45.9971169583333,98.5586985416667,4.19102083333333,87.3208125,18.9676666666667,16.036,22.86,4.7,373.156636363636,0.379234708333333,0.328387541666667,0.1517076875,25.4,25.074625,24.7364791666667,8.34490123958333,2.04110208333333,"actual",349,"2023"
2023-12-16,-2.61876677083333,30.9619754166667,56.7657764166667,4.210508125,85.90665625,18.2689791666667,16.297,21.587,0,235.594292173913,0.378401395833333,0.320795125,0.1476916875,25.4004375,24.40525,23.3316666666667,6.96973035,3.15094583333333,"actual",350,"2023"
2023-12-17,-4.56923645833333,36.5086466666667,76.5166383958333,3.992305,79.0497833333333,18.9273333333333,15.664,23.38,0,376.452345238095,0.378628458333333,0.3111279375,0.147515875,25.4,23.9816458333333,23.6171458333333,8.60744877083333,3.11999583333333,"actual",351,"2023"
2023-12-18,-4.15361957446809,43.4176418723404,76.3425066382979,3.53764,80.2996382978723,18.791914893617,15.601,23.308,0.102127659574468,400.290808636364,0.378126212765957,0.298731191489362,0.148481595744681,25.2953191489362,24.1455106382979,24.272829787234,8.47217673541667,1.66179354166667,"actual",352,"2023"
2023-12-19,-5.3621896875,38.2885253833333,72.6807898958333,2.5665738125,76.1900354166667,19.2912708333333,16.034,23.725,0,350.935447272727,0.377714604166667,0.285978083333333,0.14684975,25.10375,24.4213541666667,24.5471041666667,7.93853544791667,1.75993604166667,"actual",353,"2023"
2023-12-20,-6.64922435416667,46.6052956458333,74.8686781625,2.74446842916667,78.1773458333333,18.8055625,14.531,23.848,0,403.148766666667,0.377504145833333,0.2755139375,0.1446409375,25.19875,24.3427083333333,24.1805416666667,9.32928052291667,3.33637083333333,"actual",354,"2023"
2023-12-21,-5.14217447916667,48.5464457916667,75.9433494375,3.57161258333333,74.7966625,19.5510208333333,15.624,24.474,0,407.98790952381,0.376630520833333,0.26659725,0.1448069375,25.2320833333333,24.469375,24.6062708333333,9.4225178875,4.11371458333333,"actual",355,"2023"
2023-12-22,-2.09486797916667,33.0963614583333,71.780208125,3.45111897916667,83.6675333333333,19.3068958333333,15.924,23.698,2.2,323.935877826087,0.375859645833333,0.2599985625,0.142389541666667,25.3791666666667,24.6075,24.3630416666667,8.11003996666667,3.63453333333333,"actual",356,"2023"
2023-12-23,-1.62928489361702,31.0999983333333,74.8060625416667,3.82255997916667,86.9103,18.9365208333333,16.357,23.239,6.7,309.771827272727,0.375679208333333,0.257749270833333,0.140968020833333,25.4,24.2421458333333,23.2109166666667,7.25086765625,2.85112708333333,"actual",357,"2023"
2023-12-24,-2.82000625,40.9349636875,94.5508904416667,3.4133354375,81.6308583333333,20.2195625,16.905,24.796,0.7,409.784418181818,0.376147875,0.256179875,0.144542354166667,25.3997916666667,24.0295208333333,23.7247291666667,8.01268203125,1.87165208333333,"actual",358,"2023"
2023-12-25,-3.57713083333333,49.1774559375,93.8728047916667,3.95039291666667,83.6064104166667,20.300375,17.159,25.006,0,417.596077272727,0.374984020833333,0.255018104166667,0.147246541666667,25.3933333333333,24.4133333333333,24.3957916666667,7.87584083333333,1.37658125,"actual",359,"2023"
2023-12-26,-2.31409020833333,27.4881638541667,65.2225641458333,4.57664895833333,86.8581541666667,18.96475,16.807,22.359,0.6,248.066905652174,0.374240270833333,0.253947208333333,0.147088208333333,25.4,24.3403541666667,23.2751875,5.94629999791667,1.5337625,"actual",360,"2023"
2023-12-27,-5.75009827083333,52.241493125,84.2313998125,3.84842314583333,73.12995625,18.9125208333333,14.839,23.137,0,434.423147619048,0.374420833333333,0.248488854166667,0.146543125,25.3983333333333,23.7012083333333,23.0310833333333,7.71447593541667,1.79351041666667,"actual",361,"2023"
2023-12-28,-5.73167641666667,54.72657044375,87.8769051875,3.04850158958333,68.7456541666667,19.9571458333333,15.7190000000001,24.862,0,444.766820909091,0.373204833333333,0.244560416666667,0.145565958333333,25.1491666666667,23.7622916666667,23.629125,8.04066721875,2.15138541666667,"actual",362,"2023"
2023-12-29,-4.66600570833333,51.7287727083333,71.1093776041667,2.63405020833333,77.6111979166667,20.2183125,15.596,25.202,0,410.62315,0.371802791666667,0.241050020833333,0.1458063125,25.1,24.3314583333333,24.8240833333333,7.91967502291667,2.44125416666667,"actual",363,"2023"
2023-12-30,-4.42952136625,45.890260625,62.9886157291667,3.0971530625,81.03320625,20.2108958333333,16.759,25.209,0,330.628995652174,0.3707381875,0.237916625,0.14458475,25.2539583333333,24.7342916666667,24.7983541666667,7.38632212083333,2.7074375,"actual",364,"2023"
2023-12-31,-3.58882191489362,51.6279924042553,74.8227634723404,2.63002380851064,78.0529234042553,20.5957234042553,17.186,25.443,0,386.320818181818,0.370130914893617,0.235240744680851,0.143863425531915,25.3986808510638,24.9930212765957,25.512170212766,7.54658334583333,2.47057708333333,"actual",365,"2023"
2024-01-01,-2.97828765957447,63.6938478510638,79.1968505744681,2.95170493617021,79.6499446808511,20.5546382978723,16.906,25.019,2.14468085106383,395.649725652174,0.369471595744681,0.232351042553192,0.14401485106383,25.5152978723404,25.3320638297872,25.7347021276596,7.21100178958333,1.52132708333333,"actual",1,"2024"
